L matrix (lower triangular with ones on diagonal):
1.000000 0.000000 0.000000 0.000000 0.000000 0.000000 0.000000 0.000000 0.000000 0.000000 0.000000 0.000000 0.000000 0.000000 0.000000 0.000000 0.000000 0.000000 0.000000 0.000000 0.000000 0.000000 0.000000 0.000000 0.000000 0.000000 0.000000 0.000000 0.000000 0.000000 0.000000 0.000000 0.000000 0.000000 0.000000 0.000000 0.000000 0.000000 0.000000 0.000000 0.000000 0.000000 0.000000 0.000000 0.000000 0.000000 0.000000 0.000000 0.000000 0.000000 0.000000 0.000000 0.000000 0.000000 0.000000 0.000000 0.000000 0.000000 0.000000 0.000000 0.000000 0.000000 0.000000 0.000000 0.000000 0.000000 0.000000 0.000000 0.000000 0.000000 0.000000 0.000000 0.000000 0.000000 0.000000 0.000000 0.000000 0.000000 0.000000 0.000000 0.000000 0.000000 0.000000 0.000000 0.000000 0.000000 0.000000 0.000000 0.000000 0.000000 0.000000 0.000000 0.000000 0.000000 0.000000 0.000000 0.000000 0.000000 0.000000 0.000000
0.083914 1.000000 0.000000 0.000000 0.000000 0.000000 0.000000 0.000000 0.000000 0.000000 0.000000 0.000000 0.000000 0.000000 0.000000 0.000000 0.000000 0.000000 0.000000 0.000000 0.000000 0.000000 0.000000 0.000000 0.000000 0.000000 0.000000 0.000000 0.000000 0.000000 0.000000 0.000000 0.000000 0.000000 0.000000 0.000000 0.000000 0.000000 0.000000 0.000000 0.000000 0.000000 0.000000 0.000000 0.000000 0.000000 0.000000 0.000000 0.000000 0.000000 0.000000 0.000000 0.000000 0.000000 0.000000 0.000000 0.000000 0.000000 0.000000 0.000000 0.000000 0.000000 0.000000 0.000000 0.000000 0.000000 0.000000 0.000000 0.000000 0.000000 0.000000 0.000000 0.000000 0.000000 0.000000 0.000000 0.000000 0.000000 0.000000 0.000000 0.000000 0.000000 0.000000 0.000000 0.000000 0.000000 0.000000 0.000000 0.000000 0.000000 0.000000 0.000000 0.000000 0.000000 0.000000 0.000000 0.000000 0.000000 0.000000 0.000000
1.714187 -2.776631 1.000000 0.000000 0.000000 0.000000 0.000000 0.000000 0.000000 0.000000 0.000000 0.000000 0.000000 0.000000 0.000000 0.000000 0.000000 0.000000 0.000000 0.000000 0.000000 0.000000 0.000000 0.000000 0.000000 0.000000 0.000000 0.000000 0.000000 0.000000 0.000000 0.000000 0.000000 0.000000 0.000000 0.000000 0.000000 0.000000 0.000000 0.000000 0.000000 0.000000 0.000000 0.000000 0.000000 0.000000 0.000000 0.000000 0.000000 0.000000 0.000000 0.000000 0.000000 0.000000 0.000000 0.000000 0.000000 0.000000 0.000000 0.000000 0.000000 0.000000 0.000000 0.000000 0.000000 0.000000 0.000000 0.000000 0.000000 0.000000 0.000000 0.000000 0.000000 0.000000 0.000000 0.000000 0.000000 0.000000 0.000000 0.000000 0.000000 0.000000 0.000000 0.000000 0.000000 0.000000 0.000000 0.000000 0.000000 0.000000 0.000000 0.000000 0.000000 0.000000 0.000000 0.000000 0.000000 0.000000 0.000000 0.000000
0.137987 0.718910 -0.659577 1.000000 0.000000 0.000000 0.000000 0.000000 0.000000 0.000000 0.000000 0.000000 0.000000 0.000000 0.000000 0.000000 0.000000 0.000000 0.000000 0.000000 0.000000 0.000000 0.000000 0.000000 0.000000 0.000000 0.000000 0.000000 0.000000 0.000000 0.000000 0.000000 0.000000 0.000000 0.000000 0.000000 0.000000 0.000000 0.000000 0.000000 0.000000 0.000000 0.000000 0.000000 0.000000 0.000000 0.000000 0.000000 0.000000 0.000000 0.000000 0.000000 0.000000 0.000000 0.000000 0.000000 0.000000 0.000000 0.000000 0.000000 0.000000 0.000000 0.000000 0.000000 0.000000 0.000000 0.000000 0.000000 0.000000 0.000000 0.000000 0.000000 0.000000 0.000000 0.000000 0.000000 0.000000 0.000000 0.000000 0.000000 0.000000 0.000000 0.000000 0.000000 0.000000 0.000000 0.000000 0.000000 0.000000 0.000000 0.000000 0.000000 0.000000 0.000000 0.000000 0.000000 0.000000 0.000000 0.000000 0.000000
0.275335 1.151188 -0.032078 0.174117 1.000000 0.000000 0.000000 0.000000 0.000000 0.000000 0.000000 0.000000 0.000000 0.000000 0.000000 0.000000 0.000000 0.000000 0.000000 0.000000 0.000000 0.000000 0.000000 0.000000 0.000000 0.000000 0.000000 0.000000 0.000000 0.000000 0.000000 0.000000 0.000000 0.000000 0.000000 0.000000 0.000000 0.000000 0.000000 0.000000 0.000000 0.000000 0.000000 0.000000 0.000000 0.000000 0.000000 0.000000 0.000000 0.000000 0.000000 0.000000 0.000000 0.000000 0.000000 0.000000 0.000000 0.000000 0.000000 0.000000 0.000000 0.000000 0.000000 0.000000 0.000000 0.000000 0.000000 0.000000 0.000000 0.000000 0.000000 0.000000 0.000000 0.000000 0.000000 0.000000 0.000000 0.000000 0.000000 0.000000 0.000000 0.000000 0.000000 0.000000 0.000000 0.000000 0.000000 0.000000 0.000000 0.000000 0.000000 0.000000 0.000000 0.000000 0.000000 0.000000 0.000000 0.000000 0.000000 0.000000
1.864051 -2.220647 1.262062 -0.743849 -0.249274 1.000000 0.000000 0.000000 0.000000 0.000000 0.000000 0.000000 0.000000 0.000000 0.000000 0.000000 0.000000 0.000000 0.000000 0.000000 0.000000 0.000000 0.000000 0.000000 0.000000 0.000000 0.000000 0.000000 0.000000 0.000000 0.000000 0.000000 0.000000 0.000000 0.000000 0.000000 0.000000 0.000000 0.000000 0.000000 0.000000 0.000000 0.000000 0.000000 0.000000 0.000000 0.000000 0.000000 0.000000 0.000000 0.000000 0.000000 0.000000 0.000000 0.000000 0.000000 0.000000 0.000000 0.000000 0.000000 0.000000 0.000000 0.000000 0.000000 0.000000 0.000000 0.000000 0.000000 0.000000 0.000000 0.000000 0.000000 0.000000 0.000000 0.000000 0.000000 0.000000 0.000000 0.000000 0.000000 0.000000 0.000000 0.000000 0.000000 0.000000 0.000000 0.000000 0.000000 0.000000 0.000000 0.000000 0.000000 0.000000 0.000000 0.000000 0.000000 0.000000 0.000000 0.000000 0.000000
0.451047 -0.269884 0.217196 -0.312393 -0.280273 1.044334 1.000000 0.000000 0.000000 0.000000 0.000000 0.000000 0.000000 0.000000 0.000000 0.000000 0.000000 0.000000 0.000000 0.000000 0.000000 0.000000 0.000000 0.000000 0.000000 0.000000 0.000000 0.000000 0.000000 0.000000 0.000000 0.000000 0.000000 0.000000 0.000000 0.000000 0.000000 0.000000 0.000000 0.000000 0.000000 0.000000 0.000000 0.000000 0.000000 0.000000 0.000000 0.000000 0.000000 0.000000 0.000000 0.000000 0.000000 0.000000 0.000000 0.000000 0.000000 0.000000 0.000000 0.000000 0.000000 0.000000 0.000000 0.000000 0.000000 0.000000 0.000000 0.000000 0.000000 0.000000 0.000000 0.000000 0.000000 0.000000 0.000000 0.000000 0.000000 0.000000 0.000000 0.000000 0.000000 0.000000 0.000000 0.000000 0.000000 0.000000 0.000000 0.000000 0.000000 0.000000 0.000000 0.000000 0.000000 0.000000 0.000000 0.000000 0.000000 0.000000 0.000000 0.000000
1.421982 -2.335610 0.290468 0.021465 -1.072781 2.092316 1.956040 1.000000 0.000000 0.000000 0.000000 0.000000 0.000000 0.000000 0.000000 0.000000 0.000000 0.000000 0.000000 0.000000 0.000000 0.000000 0.000000 0.000000 0.000000 0.000000 0.000000 0.000000 0.000000 0.000000 0.000000 0.000000 0.000000 0.000000 0.000000 0.000000 0.000000 0.000000 0.000000 0.000000 0.000000 0.000000 0.000000 0.000000 0.000000 0.000000 0.000000 0.000000 0.000000 0.000000 0.000000 0.000000 0.000000 0.000000 0.000000 0.000000 0.000000 0.000000 0.000000 0.000000 0.000000 0.000000 0.000000 0.000000 0.000000 0.000000 0.000000 0.000000 0.000000 0.000000 0.000000 0.000000 0.000000 0.000000 0.000000 0.000000 0.000000 0.000000 0.000000 0.000000 0.000000 0.000000 0.000000 0.000000 0.000000 0.000000 0.000000 0.000000 0.000000 0.000000 0.000000 0.000000 0.000000 0.000000 0.000000 0.000000 0.000000 0.000000 0.000000 0.000000
1.888285 -2.951107 0.152227 0.667585 -1.058846 1.050634 0.022008 1.590726 1.000000 0.000000 0.000000 0.000000 0.000000 0.000000 0.000000 0.000000 0.000000 0.000000 0.000000 0.000000 0.000000 0.000000 0.000000 0.000000 0.000000 0.000000 0.000000 0.000000 0.000000 0.000000 0.000000 0.000000 0.000000 0.000000 0.000000 0.000000 0.000000 0.000000 0.000000 0.000000 0.000000 0.000000 0.000000 0.000000 0.000000 0.000000 0.000000 0.000000 0.000000 0.000000 0.000000 0.000000 0.000000 0.000000 0.000000 0.000000 0.000000 0.000000 0.000000 0.000000 0.000000 0.000000 0.000000 0.000000 0.000000 0.000000 0.000000 0.000000 0.000000 0.000000 0.000000 0.000000 0.000000 0.000000 0.000000 0.000000 0.000000 0.000000 0.000000 0.000000 0.000000 0.000000 0.000000 0.000000 0.000000 0.000000 0.000000 0.000000 0.000000 0.000000 0.000000 0.000000 0.000000 0.000000 0.000000 0.000000 0.000000 0.000000 0.000000 0.000000
0.555044 -0.900336 -0.007343 0.685172 0.157354 0.309079 -0.351926 3.061180 6.409558 1.000000 0.000000 0.000000 0.000000 0.000000 0.000000 0.000000 0.000000 0.000000 0.000000 0.000000 0.000000 0.000000 0.000000 0.000000 0.000000 0.000000 0.000000 0.000000 0.000000 0.000000 0.000000 0.000000 0.000000 0.000000 0.000000 0.000000 0.000000 0.000000 0.000000 0.000000 0.000000 0.000000 0.000000 0.000000 0.000000 0.000000 0.000000 0.000000 0.000000 0.000000 0.000000 0.000000 0.000000 0.000000 0.000000 0.000000 0.000000 0.000000 0.000000 0.000000 0.000000 0.000000 0.000000 0.000000 0.000000 0.000000 0.000000 0.000000 0.000000 0.000000 0.000000 0.000000 0.000000 0.000000 0.000000 0.000000 0.000000 0.000000 0.000000 0.000000 0.000000 0.000000 0.000000 0.000000 0.000000 0.000000 0.000000 0.000000 0.000000 0.000000 0.000000 0.000000 0.000000 0.000000 0.000000 0.000000 0.000000 0.000000 0.000000 0.000000
0.494294 0.129293 -1.224064 1.813909 -0.582037 -0.801397 -1.246569 1.207545 0.841022 0.977020 1.000000 0.000000 0.000000 0.000000 0.000000 0.000000 0.000000 0.000000 0.000000 0.000000 0.000000 0.000000 0.000000 0.000000 0.000000 0.000000 0.000000 0.000000 0.000000 0.000000 0.000000 0.000000 0.000000 0.000000 0.000000 0.000000 0.000000 0.000000 0.000000 0.000000 0.000000 0.000000 0.000000 0.000000 0.000000 0.000000 0.000000 0.000000 0.000000 0.000000 0.000000 0.000000 0.000000 0.000000 0.000000 0.000000 0.000000 0.000000 0.000000 0.000000 0.000000 0.000000 0.000000 0.000000 0.000000 0.000000 0.000000 0.000000 0.000000 0.000000 0.000000 0.000000 0.000000 0.000000 0.000000 0.000000 0.000000 0.000000 0.000000 0.000000 0.000000 0.000000 0.000000 0.000000 0.000000 0.000000 0.000000 0.000000 0.000000 0.000000 0.000000 0.000000 0.000000 0.000000 0.000000 0.000000 0.000000 0.000000 0.000000 0.000000
0.154437 1.477237 -1.015994 1.347770 0.075103 -1.594568 -1.650671 -0.459531 -0.239463 -0.004669 -0.237056 1.000000 0.000000 0.000000 0.000000 0.000000 0.000000 0.000000 0.000000 0.000000 0.000000 0.000000 0.000000 0.000000 0.000000 0.000000 0.000000 0.000000 0.000000 0.000000 0.000000 0.000000 0.000000 0.000000 0.000000 0.000000 0.000000 0.000000 0.000000 0.000000 0.000000 0.000000 0.000000 0.000000 0.000000 0.000000 0.000000 0.000000 0.000000 0.000000 0.000000 0.000000 0.000000 0.000000 0.000000 0.000000 0.000000 0.000000 0.000000 0.000000 0.000000 0.000000 0.000000 0.000000 0.000000 0.000000 0.000000 0.000000 0.000000 0.000000 0.000000 0.000000 0.000000 0.000000 0.000000 0.000000 0.000000 0.000000 0.000000 0.000000 0.000000 0.000000 0.000000 0.000000 0.000000 0.000000 0.000000 0.000000 0.000000 0.000000 0.000000 0.000000 0.000000 0.000000 0.000000 0.000000 0.000000 0.000000 0.000000 0.000000
2.024518 -3.413657 1.525886 -1.092158 -1.022842 2.859462 2.341400 -1.978826 -8.863935 0.495147 2.079829 -0.664880 1.000000 0.000000 0.000000 0.000000 0.000000 0.000000 0.000000 0.000000 0.000000 0.000000 0.000000 0.000000 0.000000 0.000000 0.000000 0.000000 0.000000 0.000000 0.000000 0.000000 0.000000 0.000000 0.000000 0.000000 0.000000 0.000000 0.000000 0.000000 0.000000 0.000000 0.000000 0.000000 0.000000 0.000000 0.000000 0.000000 0.000000 0.000000 0.000000 0.000000 0.000000 0.000000 0.000000 0.000000 0.000000 0.000000 0.000000 0.000000 0.000000 0.000000 0.000000 0.000000 0.000000 0.000000 0.000000 0.000000 0.000000 0.000000 0.000000 0.000000 0.000000 0.000000 0.000000 0.000000 0.000000 0.000000 0.000000 0.000000 0.000000 0.000000 0.000000 0.000000 0.000000 0.000000 0.000000 0.000000 0.000000 0.000000 0.000000 0.000000 0.000000 0.000000 0.000000 0.000000 0.000000 0.000000 0.000000 0.000000
0.084333 1.537884 1.020189 -1.409605 0.850876 1.565926 1.416610 2.104979 4.553034 0.941842 0.239492 -0.393004 1.118691 1.000000 0.000000 0.000000 0.000000 0.000000 0.000000 0.000000 0.000000 0.000000 0.000000 0.000000 0.000000 0.000000 0.000000 0.000000 0.000000 0.000000 0.000000 0.000000 0.000000 0.000000 0.000000 0.000000 0.000000 0.000000 0.000000 0.000000 0.000000 0.000000 0.000000 0.000000 0.000000 0.000000 0.000000 0.000000 0.000000 0.000000 0.000000 0.000000 0.000000 0.000000 0.000000 0.000000 0.000000 0.000000 0.000000 0.000000 0.000000 0.000000 0.000000 0.000000 0.000000 0.000000 0.000000 0.000000 0.000000 0.000000 0.000000 0.000000 0.000000 0.000000 0.000000 0.000000 0.000000 0.000000 0.000000 0.000000 0.000000 0.000000 0.000000 0.000000 0.000000 0.000000 0.000000 0.000000 0.000000 0.000000 0.000000 0.000000 0.000000 0.000000 0.000000 0.000000 0.000000 0.000000 0.000000 0.000000
0.445992 -0.460613 0.443365 0.176316 0.586110 -0.113438 -0.821799 4.737598 14.279700 0.951110 -1.360399 -0.070820 -0.079613 1.192015 1.000000 0.000000 0.000000 0.000000 0.000000 0.000000 0.000000 0.000000 0.000000 0.000000 0.000000 0.000000 0.000000 0.000000 0.000000 0.000000 0.000000 0.000000 0.000000 0.000000 0.000000 0.000000 0.000000 0.000000 0.000000 0.000000 0.000000 0.000000 0.000000 0.000000 0.000000 0.000000 0.000000 0.000000 0.000000 0.000000 0.000000 0.000000 0.000000 0.000000 0.000000 0.000000 0.000000 0.000000 0.000000 0.000000 0.000000 0.000000 0.000000 0.000000 0.000000 0.000000 0.000000 0.000000 0.000000 0.000000 0.000000 0.000000 0.000000 0.000000 0.000000 0.000000 0.000000 0.000000 0.000000 0.000000 0.000000 0.000000 0.000000 0.000000 0.000000 0.000000 0.000000 0.000000 0.000000 0.000000 0.000000 0.000000 0.000000 0.000000 0.000000 0.000000 0.000000 0.000000 0.000000 0.000000
1.385918 -1.506255 1.555237 -1.610145 -0.218815 2.185810 1.714380 -1.015783 -3.745907 -0.009826 0.410709 0.381967 0.498801 0.689543 0.781795 1.000000 0.000000 0.000000 0.000000 0.000000 0.000000 0.000000 0.000000 0.000000 0.000000 0.000000 0.000000 0.000000 0.000000 0.000000 0.000000 0.000000 0.000000 0.000000 0.000000 0.000000 0.000000 0.000000 0.000000 0.000000 0.000000 0.000000 0.000000 0.000000 0.000000 0.000000 0.000000 0.000000 0.000000 0.000000 0.000000 0.000000 0.000000 0.000000 0.000000 0.000000 0.000000 0.000000 0.000000 0.000000 0.000000 0.000000 0.000000 0.000000 0.000000 0.000000 0.000000 0.000000 0.000000 0.000000 0.000000 0.000000 0.000000 0.000000 0.000000 0.000000 0.000000 0.000000 0.000000 0.000000 0.000000 0.000000 0.000000 0.000000 0.000000 0.000000 0.000000 0.000000 0.000000 0.000000 0.000000 0.000000 0.000000 0.000000 0.000000 0.000000 0.000000 0.000000 0.000000 0.000000
0.512274 -0.294009 0.189232 -0.034259 0.216419 0.490202 0.622724 2.980484 8.360258 0.164148 -1.508934 0.883944 -0.118244 -0.196207 -0.765738 -0.248413 1.000000 0.000000 0.000000 0.000000 0.000000 0.000000 0.000000 0.000000 0.000000 0.000000 0.000000 0.000000 0.000000 0.000000 0.000000 0.000000 0.000000 0.000000 0.000000 0.000000 0.000000 0.000000 0.000000 0.000000 0.000000 0.000000 0.000000 0.000000 0.000000 0.000000 0.000000 0.000000 0.000000 0.000000 0.000000 0.000000 0.000000 0.000000 0.000000 0.000000 0.000000 0.000000 0.000000 0.000000 0.000000 0.000000 0.000000 0.000000 0.000000 0.000000 0.000000 0.000000 0.000000 0.000000 0.000000 0.000000 0.000000 0.000000 0.000000 0.000000 0.000000 0.000000 0.000000 0.000000 0.000000 0.000000 0.000000 0.000000 0.000000 0.000000 0.000000 0.000000 0.000000 0.000000 0.000000 0.000000 0.000000 0.000000 0.000000 0.000000 0.000000 0.000000 0.000000 0.000000
2.578688 -3.627347 1.684280 -1.329422 -1.087822 2.229522 1.427922 -5.327604 -17.607410 -0.151941 2.961947 -0.990291 0.643192 0.153435 1.387434 -0.757416 1.311911 1.000000 0.000000 0.000000 0.000000 0.000000 0.000000 0.000000 0.000000 0.000000 0.000000 0.000000 0.000000 0.000000 0.000000 0.000000 0.000000 0.000000 0.000000 0.000000 0.000000 0.000000 0.000000 0.000000 0.000000 0.000000 0.000000 0.000000 0.000000 0.000000 0.000000 0.000000 0.000000 0.000000 0.000000 0.000000 0.000000 0.000000 0.000000 0.000000 0.000000 0.000000 0.000000 0.000000 0.000000 0.000000 0.000000 0.000000 0.000000 0.000000 0.000000 0.000000 0.000000 0.000000 0.000000 0.000000 0.000000 0.000000 0.000000 0.000000 0.000000 0.000000 0.000000 0.000000 0.000000 0.000000 0.000000 0.000000 0.000000 0.000000 0.000000 0.000000 0.000000 0.000000 0.000000 0.000000 0.000000 0.000000 0.000000 0.000000 0.000000 0.000000 0.000000 0.000000
2.553802 -3.036886 1.913767 -2.071983 -1.254627 3.890101 3.373783 -6.574278 -25.056016 -0.293657 4.056080 -1.014541 1.731005 1.727526 2.870068 0.450062 0.241139 0.832479 1.000000 0.000000 0.000000 0.000000 0.000000 0.000000 0.000000 0.000000 0.000000 0.000000 0.000000 0.000000 0.000000 0.000000 0.000000 0.000000 0.000000 0.000000 0.000000 0.000000 0.000000 0.000000 0.000000 0.000000 0.000000 0.000000 0.000000 0.000000 0.000000 0.000000 0.000000 0.000000 0.000000 0.000000 0.000000 0.000000 0.000000 0.000000 0.000000 0.000000 0.000000 0.000000 0.000000 0.000000 0.000000 0.000000 0.000000 0.000000 0.000000 0.000000 0.000000 0.000000 0.000000 0.000000 0.000000 0.000000 0.000000 0.000000 0.000000 0.000000 0.000000 0.000000 0.000000 0.000000 0.000000 0.000000 0.000000 0.000000 0.000000 0.000000 0.000000 0.000000 0.000000 0.000000 0.000000 0.000000 0.000000 0.000000 0.000000 0.000000 0.000000 0.000000
1.479752 -2.517986 -0.805169 1.249769 -2.644289 0.858009 -0.288540 -4.728780 -17.699821 -0.060793 3.159324 -0.206877 -0.032577 -1.127342 -0.639545 -0.146162 2.073243 0.969059 -0.324589 1.000000 0.000000 0.000000 0.000000 0.000000 0.000000 0.000000 0.000000 0.000000 0.000000 0.000000 0.000000 0.000000 0.000000 0.000000 0.000000 0.000000 0.000000 0.000000 0.000000 0.000000 0.000000 0.000000 0.000000 0.000000 0.000000 0.000000 0.000000 0.000000 0.000000 0.000000 0.000000 0.000000 0.000000 0.000000 0.000000 0.000000 0.000000 0.000000 0.000000 0.000000 0.000000 0.000000 0.000000 0.000000 0.000000 0.000000 0.000000 0.000000 0.000000 0.000000 0.000000 0.000000 0.000000 0.000000 0.000000 0.000000 0.000000 0.000000 0.000000 0.000000 0.000000 0.000000 0.000000 0.000000 0.000000 0.000000 0.000000 0.000000 0.000000 0.000000 0.000000 0.000000 0.000000 0.000000 0.000000 0.000000 0.000000 0.000000 0.000000 0.000000
0.698739 -0.749727 -1.495238 1.924362 -1.357152 -0.044300 -0.411841 0.807598 -1.674927 0.697127 1.251305 -0.542706 -0.418654 -0.369720 0.679419 0.525428 -1.098772 -0.104528 -0.275774 0.225306 1.000000 0.000000 0.000000 0.000000 0.000000 0.000000 0.000000 0.000000 0.000000 0.000000 0.000000 0.000000 0.000000 0.000000 0.000000 0.000000 0.000000 0.000000 0.000000 0.000000 0.000000 0.000000 0.000000 0.000000 0.000000 0.000000 0.000000 0.000000 0.000000 0.000000 0.000000 0.000000 0.000000 0.000000 0.000000 0.000000 0.000000 0.000000 0.000000 0.000000 0.000000 0.000000 0.000000 0.000000 0.000000 0.000000 0.000000 0.000000 0.000000 0.000000 0.000000 0.000000 0.000000 0.000000 0.000000 0.000000 0.000000 0.000000 0.000000 0.000000 0.000000 0.000000 0.000000 0.000000 0.000000 0.000000 0.000000 0.000000 0.000000 0.000000 0.000000 0.000000 0.000000 0.000000 0.000000 0.000000 0.000000 0.000000 0.000000 0.000000
2.443236 -3.215393 2.090850 -1.720519 -0.697614 2.516011 1.724134 -2.026307 -8.920656 0.596064 2.324933 -1.191466 1.314696 0.894712 1.342780 0.140006 0.580449 0.566979 0.023039 0.427827 0.424324 1.000000 0.000000 0.000000 0.000000 0.000000 0.000000 0.000000 0.000000 0.000000 0.000000 0.000000 0.000000 0.000000 0.000000 0.000000 0.000000 0.000000 0.000000 0.000000 0.000000 0.000000 0.000000 0.000000 0.000000 0.000000 0.000000 0.000000 0.000000 0.000000 0.000000 0.000000 0.000000 0.000000 0.000000 0.000000 0.000000 0.000000 0.000000 0.000000 0.000000 0.000000 0.000000 0.000000 0.000000 0.000000 0.000000 0.000000 0.000000 0.000000 0.000000 0.000000 0.000000 0.000000 0.000000 0.000000 0.000000 0.000000 0.000000 0.000000 0.000000 0.000000 0.000000 0.000000 0.000000 0.000000 0.000000 0.000000 0.000000 0.000000 0.000000 0.000000 0.000000 0.000000 0.000000 0.000000 0.000000 0.000000 0.000000 0.000000
2.607999 -4.255489 1.049370 -0.785640 -2.696695 3.906728 4.076754 -6.216034 -21.283264 -0.777058 2.804436 -0.492035 0.952148 -0.214954 -0.251540 0.709728 -0.462480 -0.283962 0.547365 -0.060517 -0.183954 2.651690 1.000000 0.000000 0.000000 0.000000 0.000000 0.000000 0.000000 0.000000 0.000000 0.000000 0.000000 0.000000 0.000000 0.000000 0.000000 0.000000 0.000000 0.000000 0.000000 0.000000 0.000000 0.000000 0.000000 0.000000 0.000000 0.000000 0.000000 0.000000 0.000000 0.000000 0.000000 0.000000 0.000000 0.000000 0.000000 0.000000 0.000000 0.000000 0.000000 0.000000 0.000000 0.000000 0.000000 0.000000 0.000000 0.000000 0.000000 0.000000 0.000000 0.000000 0.000000 0.000000 0.000000 0.000000 0.000000 0.000000 0.000000 0.000000 0.000000 0.000000 0.000000 0.000000 0.000000 0.000000 0.000000 0.000000 0.000000 0.000000 0.000000 0.000000 0.000000 0.000000 0.000000 0.000000 0.000000 0.000000 0.000000 0.000000
2.142856 -2.632251 0.998114 -0.944102 -1.956344 2.681891 3.071977 -7.988207 -25.595889 -0.855341 3.430731 -0.492842 1.082319 -0.080474 0.377661 0.960052 -1.315495 -0.357792 0.148150 -0.256580 -0.069049 -1.818652 -0.703726 1.000000 0.000000 0.000000 0.000000 0.000000 0.000000 0.000000 0.000000 0.000000 0.000000 0.000000 0.000000 0.000000 0.000000 0.000000 0.000000 0.000000 0.000000 0.000000 0.000000 0.000000 0.000000 0.000000 0.000000 0.000000 0.000000 0.000000 0.000000 0.000000 0.000000 0.000000 0.000000 0.000000 0.000000 0.000000 0.000000 0.000000 0.000000 0.000000 0.000000 0.000000 0.000000 0.000000 0.000000 0.000000 0.000000 0.000000 0.000000 0.000000 0.000000 0.000000 0.000000 0.000000 0.000000 0.000000 0.000000 0.000000 0.000000 0.000000 0.000000 0.000000 0.000000 0.000000 0.000000 0.000000 0.000000 0.000000 0.000000 0.000000 0.000000 0.000000 0.000000 0.000000 0.000000 0.000000 0.000000 0.000000
0.909393 -1.424390 -0.266680 0.739396 -1.143510 0.776847 0.724793 -2.930383 -7.136570 -0.817427 0.232864 0.409473 -0.512910 0.108787 0.668650 0.589200 -0.096804 -0.024727 -0.211778 -0.448600 -0.997245 -8.731755 -2.805441 1.698266 1.000000 0.000000 0.000000 0.000000 0.000000 0.000000 0.000000 0.000000 0.000000 0.000000 0.000000 0.000000 0.000000 0.000000 0.000000 0.000000 0.000000 0.000000 0.000000 0.000000 0.000000 0.000000 0.000000 0.000000 0.000000 0.000000 0.000000 0.000000 0.000000 0.000000 0.000000 0.000000 0.000000 0.000000 0.000000 0.000000 0.000000 0.000000 0.000000 0.000000 0.000000 0.000000 0.000000 0.000000 0.000000 0.000000 0.000000 0.000000 0.000000 0.000000 0.000000 0.000000 0.000000 0.000000 0.000000 0.000000 0.000000 0.000000 0.000000 0.000000 0.000000 0.000000 0.000000 0.000000 0.000000 0.000000 0.000000 0.000000 0.000000 0.000000 0.000000 0.000000 0.000000 0.000000 0.000000 0.000000
2.209427 -2.400159 1.117268 -0.556650 0.080638 0.563138 -0.663566 -0.665928 -3.916174 0.767834 1.602261 -0.540966 0.689650 0.024363 0.485445 -1.481214 3.126436 1.382691 -0.269367 0.548667 -0.050022 3.580267 0.683539 0.107514 -0.234902 1.000000 0.000000 0.000000 0.000000 0.000000 0.000000 0.000000 0.000000 0.000000 0.000000 0.000000 0.000000 0.000000 0.000000 0.000000 0.000000 0.000000 0.000000 0.000000 0.000000 0.000000 0.000000 0.000000 0.000000 0.000000 0.000000 0.000000 0.000000 0.000000 0.000000 0.000000 0.000000 0.000000 0.000000 0.000000 0.000000 0.000000 0.000000 0.000000 0.000000 0.000000 0.000000 0.000000 0.000000 0.000000 0.000000 0.000000 0.000000 0.000000 0.000000 0.000000 0.000000 0.000000 0.000000 0.000000 0.000000 0.000000 0.000000 0.000000 0.000000 0.000000 0.000000 0.000000 0.000000 0.000000 0.000000 0.000000 0.000000 0.000000 0.000000 0.000000 0.000000 0.000000 0.000000 0.000000
1.680882 -2.773297 -0.562120 1.250384 -1.404677 0.510718 0.412844 -2.479897 -7.932276 -1.032665 0.229670 0.251482 -0.758844 -1.176044 -0.352396 -0.018528 -0.435366 -0.229463 0.161405 -0.132496 0.340190 4.003177 1.063821 -0.138785 -0.296233 65.224537 1.000000 0.000000 0.000000 0.000000 0.000000 0.000000 0.000000 0.000000 0.000000 0.000000 0.000000 0.000000 0.000000 0.000000 0.000000 0.000000 0.000000 0.000000 0.000000 0.000000 0.000000 0.000000 0.000000 0.000000 0.000000 0.000000 0.000000 0.000000 0.000000 0.000000 0.000000 0.000000 0.000000 0.000000 0.000000 0.000000 0.000000 0.000000 0.000000 0.000000 0.000000 0.000000 0.000000 0.000000 0.000000 0.000000 0.000000 0.000000 0.000000 0.000000 0.000000 0.000000 0.000000 0.000000 0.000000 0.000000 0.000000 0.000000 0.000000 0.000000 0.000000 0.000000 0.000000 0.000000 0.000000 0.000000 0.000000 0.000000 0.000000 0.000000 0.000000 0.000000 0.000000 0.000000
1.391830 -0.623785 1.881768 -2.738299 -1.069156 4.248180 4.906828 -8.431976 -27.880758 -0.680768 3.777086 -0.392228 2.021677 1.355105 1.697050 1.326847 -1.028287 -0.011849 1.137746 -0.193085 -0.387544 -1.635234 -0.392173 0.915848 -0.025644 -45.343436 -0.708457 1.000000 0.000000 0.000000 0.000000 0.000000 0.000000 0.000000 0.000000 0.000000 0.000000 0.000000 0.000000 0.000000 0.000000 0.000000 0.000000 0.000000 0.000000 0.000000 0.000000 0.000000 0.000000 0.000000 0.000000 0.000000 0.000000 0.000000 0.000000 0.000000 0.000000 0.000000 0.000000 0.000000 0.000000 0.000000 0.000000 0.000000 0.000000 0.000000 0.000000 0.000000 0.000000 0.000000 0.000000 0.000000 0.000000 0.000000 0.000000 0.000000 0.000000 0.000000 0.000000 0.000000 0.000000 0.000000 0.000000 0.000000 0.000000 0.000000 0.000000 0.000000 0.000000 0.000000 0.000000 0.000000 0.000000 0.000000 0.000000 0.000000 0.000000 0.000000 0.000000 0.000000
2.116182 -1.983331 0.265280 0.304491 -0.632879 1.226892 0.639483 -4.200717 -17.467069 1.024293 4.159864 -0.964223 1.208456 0.417614 1.697258 -0.302169 2.401872 1.133554 -0.358507 -0.094689 -0.610674 -3.833813 -1.781460 1.631535 0.458668 -17.839602 -0.286566 2.489916 1.000000 0.000000 0.000000 0.000000 0.000000 0.000000 0.000000 0.000000 0.000000 0.000000 0.000000 0.000000 0.000000 0.000000 0.000000 0.000000 0.000000 0.000000 0.000000 0.000000 0.000000 0.000000 0.000000 0.000000 0.000000 0.000000 0.000000 0.000000 0.000000 0.000000 0.000000 0.000000 0.000000 0.000000 0.000000 0.000000 0.000000 0.000000 0.000000 0.000000 0.000000 0.000000 0.000000 0.000000 0.000000 0.000000 0.000000 0.000000 0.000000 0.000000 0.000000 0.000000 0.000000 0.000000 0.000000 0.000000 0.000000 0.000000 0.000000 0.000000 0.000000 0.000000 0.000000 0.000000 0.000000 0.000000 0.000000 0.000000 0.000000 0.000000 0.000000 0.000000
0.341397 0.792221 1.152023 -1.499157 0.609707 0.869959 -0.134042 -0.093171 -2.269344 0.892375 1.273572 -0.169887 0.937095 -0.001628 0.053949 -0.960537 2.729697 1.213432 -0.337668 0.637241 0.288877 3.905659 0.964279 -0.741378 -0.268369 154.935899 2.335593 9.313629 4.396521 1.000000 0.000000 0.000000 0.000000 0.000000 0.000000 0.000000 0.000000 0.000000 0.000000 0.000000 0.000000 0.000000 0.000000 0.000000 0.000000 0.000000 0.000000 0.000000 0.000000 0.000000 0.000000 0.000000 0.000000 0.000000 0.000000 0.000000 0.000000 0.000000 0.000000 0.000000 0.000000 0.000000 0.000000 0.000000 0.000000 0.000000 0.000000 0.000000 0.000000 0.000000 0.000000 0.000000 0.000000 0.000000 0.000000 0.000000 0.000000 0.000000 0.000000 0.000000 0.000000 0.000000 0.000000 0.000000 0.000000 0.000000 0.000000 0.000000 0.000000 0.000000 0.000000 0.000000 0.000000 0.000000 0.000000 0.000000 0.000000 0.000000 0.000000 0.000000
1.796077 -1.636404 1.663949 -1.637415 -0.208352 2.678017 2.002327 -4.225191 -15.648138 -0.179503 2.589916 -0.919461 1.200060 1.738345 2.998653 1.082998 0.556834 0.904396 0.674265 0.249621 -0.257199 -4.674275 -1.277197 -0.452950 0.570679 -52.357405 -0.792017 -2.308573 -0.559850 -1.249766 1.000000 0.000000 0.000000 0.000000 0.000000 0.000000 0.000000 0.000000 0.000000 0.000000 0.000000 0.000000 0.000000 0.000000 0.000000 0.000000 0.000000 0.000000 0.000000 0.000000 0.000000 0.000000 0.000000 0.000000 0.000000 0.000000 0.000000 0.000000 0.000000 0.000000 0.000000 0.000000 0.000000 0.000000 0.000000 0.000000 0.000000 0.000000 0.000000 0.000000 0.000000 0.000000 0.000000 0.000000 0.000000 0.000000 0.000000 0.000000 0.000000 0.000000 0.000000 0.000000 0.000000 0.000000 0.000000 0.000000 0.000000 0.000000 0.000000 0.000000 0.000000 0.000000 0.000000 0.000000 0.000000 0.000000 0.000000 0.000000 0.000000 0.000000
0.247305 0.922096 -1.280026 1.355338 -0.402936 -0.729805 -1.534105 -1.435863 -7.010786 1.134635 2.083384 0.852359 0.372177 -0.982370 -0.370522 -1.008739 4.173332 1.235640 -0.827600 0.258308 -0.188794 -0.076497 -0.160400 -0.157413 -0.289632 -50.966107 -0.774343 -3.142133 -1.278851 -0.937978 0.467721 1.000000 0.000000 0.000000 0.000000 0.000000 0.000000 0.000000 0.000000 0.000000 0.000000 0.000000 0.000000 0.000000 0.000000 0.000000 0.000000 0.000000 0.000000 0.000000 0.000000 0.000000 0.000000 0.000000 0.000000 0.000000 0.000000 0.000000 0.000000 0.000000 0.000000 0.000000 0.000000 0.000000 0.000000 0.000000 0.000000 0.000000 0.000000 0.000000 0.000000 0.000000 0.000000 0.000000 0.000000 0.000000 0.000000 0.000000 0.000000 0.000000 0.000000 0.000000 0.000000 0.000000 0.000000 0.000000 0.000000 0.000000 0.000000 0.000000 0.000000 0.000000 0.000000 0.000000 0.000000 0.000000 0.000000 0.000000 0.000000 0.000000
1.477468 -1.619594 1.222952 -0.697191 0.216595 1.475461 0.881741 1.439504 1.834677 0.658381 0.640642 -0.963899 0.778090 1.225921 0.855124 0.257528 -0.822740 -0.248633 0.534026 0.174105 0.668718 2.395829 0.974203 -0.139535 -0.186459 -5.573082 -0.096099 3.994291 1.434958 0.987961 -0.612162 0.494799 1.000000 0.000000 0.000000 0.000000 0.000000 0.000000 0.000000 0.000000 0.000000 0.000000 0.000000 0.000000 0.000000 0.000000 0.000000 0.000000 0.000000 0.000000 0.000000 0.000000 0.000000 0.000000 0.000000 0.000000 0.000000 0.000000 0.000000 0.000000 0.000000 0.000000 0.000000 0.000000 0.000000 0.000000 0.000000 0.000000 0.000000 0.000000 0.000000 0.000000 0.000000 0.000000 0.000000 0.000000 0.000000 0.000000 0.000000 0.000000 0.000000 0.000000 0.000000 0.000000 0.000000 0.000000 0.000000 0.000000 0.000000 0.000000 0.000000 0.000000 0.000000 0.000000 0.000000 0.000000 0.000000 0.000000 0.000000 0.000000
1.157345 -0.185261 0.617252 -1.013258 -0.412997 1.545492 1.268003 -4.785222 -16.993089 0.276190 2.863199 0.388272 1.208193 0.099842 0.810719 -0.176569 2.215421 0.724831 -0.033506 -0.020499 -0.070830 -2.407474 -1.076624 1.579156 -0.261967 -87.209346 -1.356286 -2.980657 -2.019847 2.904617 -2.618972 3.656103 3.971574 1.000000 0.000000 0.000000 0.000000 0.000000 0.000000 0.000000 0.000000 0.000000 0.000000 0.000000 0.000000 0.000000 0.000000 0.000000 0.000000 0.000000 0.000000 0.000000 0.000000 0.000000 0.000000 0.000000 0.000000 0.000000 0.000000 0.000000 0.000000 0.000000 0.000000 0.000000 0.000000 0.000000 0.000000 0.000000 0.000000 0.000000 0.000000 0.000000 0.000000 0.000000 0.000000 0.000000 0.000000 0.000000 0.000000 0.000000 0.000000 0.000000 0.000000 0.000000 0.000000 0.000000 0.000000 0.000000 0.000000 0.000000 0.000000 0.000000 0.000000 0.000000 0.000000 0.000000 0.000000 0.000000 0.000000 0.000000
0.179569 -0.136178 -2.307525 2.981693 -1.625666 -0.933969 -1.650061 2.338847 3.424886 0.425073 0.129920 -0.024160 -0.588925 0.106670 0.493574 0.764357 -1.406706 -0.243831 0.435429 0.425470 0.682854 2.678344 1.240087 -1.015459 -0.208127 23.178995 0.348145 3.183499 1.310626 -0.310282 0.477281 -0.264420 -0.811882 -0.432851 1.000000 0.000000 0.000000 0.000000 0.000000 0.000000 0.000000 0.000000 0.000000 0.000000 0.000000 0.000000 0.000000 0.000000 0.000000 0.000000 0.000000 0.000000 0.000000 0.000000 0.000000 0.000000 0.000000 0.000000 0.000000 0.000000 0.000000 0.000000 0.000000 0.000000 0.000000 0.000000 0.000000 0.000000 0.000000 0.000000 0.000000 0.000000 0.000000 0.000000 0.000000 0.000000 0.000000 0.000000 0.000000 0.000000 0.000000 0.000000 0.000000 0.000000 0.000000 0.000000 0.000000 0.000000 0.000000 0.000000 0.000000 0.000000 0.000000 0.000000 0.000000 0.000000 0.000000 0.000000 0.000000 0.000000
0.764990 0.135373 -1.031166 0.704388 -2.219579 1.362183 0.596568 -5.682067 -19.629792 -0.648463 2.812973 -0.393658 0.029748 -0.213949 1.244240 0.850584 -1.631824 -0.083499 -0.296941 -0.174131 0.662146 -4.254800 -0.725119 -1.160242 0.322896 -63.425202 -0.930027 -5.262943 -1.889857 -1.769153 1.101249 0.249456 -0.171562 -0.049861 -2.753000 1.000000 0.000000 0.000000 0.000000 0.000000 0.000000 0.000000 0.000000 0.000000 0.000000 0.000000 0.000000 0.000000 0.000000 0.000000 0.000000 0.000000 0.000000 0.000000 0.000000 0.000000 0.000000 0.000000 0.000000 0.000000 0.000000 0.000000 0.000000 0.000000 0.000000 0.000000 0.000000 0.000000 0.000000 0.000000 0.000000 0.000000 0.000000 0.000000 0.000000 0.000000 0.000000 0.000000 0.000000 0.000000 0.000000 0.000000 0.000000 0.000000 0.000000 0.000000 0.000000 0.000000 0.000000 0.000000 0.000000 0.000000 0.000000 0.000000 0.000000 0.000000 0.000000 0.000000 0.000000 0.000000
0.377059 0.381585 0.479083 -0.683839 0.219182 0.604786 -0.354434 0.842463 2.585129 0.633385 -0.070158 0.792019 0.364206 -0.654923 -0.900733 -0.525997 2.547034 0.729118 -0.208763 0.621480 -0.090528 0.923579 0.698218 -1.582327 -0.236555 -51.015229 -0.765390 -6.721564 -2.209825 -1.112087 0.750521 1.279387 1.396220 0.335841 8.973444 -6.019746 1.000000 0.000000 0.000000 0.000000 0.000000 0.000000 0.000000 0.000000 0.000000 0.000000 0.000000 0.000000 0.000000 0.000000 0.000000 0.000000 0.000000 0.000000 0.000000 0.000000 0.000000 0.000000 0.000000 0.000000 0.000000 0.000000 0.000000 0.000000 0.000000 0.000000 0.000000 0.000000 0.000000 0.000000 0.000000 0.000000 0.000000 0.000000 0.000000 0.000000 0.000000 0.000000 0.000000 0.000000 0.000000 0.000000 0.000000 0.000000 0.000000 0.000000 0.000000 0.000000 0.000000 0.000000 0.000000 0.000000 0.000000 0.000000 0.000000 0.000000 0.000000 0.000000 0.000000 0.000000
1.632572 -1.569456 1.229424 -0.833805 -0.230419 1.907523 1.642228 -3.534342 -13.638078 1.108544 3.581400 -1.091634 1.492822 0.359340 0.673258 0.122815 1.059863 0.419864 -0.327605 -0.144287 -0.196342 0.182218 -0.410463 0.689043 0.254820 97.587535 1.504453 4.111522 2.910383 -4.019717 3.562353 -2.852809 -2.623712 -0.968260 -2.210028 3.962888 0.469278 1.000000 0.000000 0.000000 0.000000 0.000000 0.000000 0.000000 0.000000 0.000000 0.000000 0.000000 0.000000 0.000000 0.000000 0.000000 0.000000 0.000000 0.000000 0.000000 0.000000 0.000000 0.000000 0.000000 0.000000 0.000000 0.000000 0.000000 0.000000 0.000000 0.000000 0.000000 0.000000 0.000000 0.000000 0.000000 0.000000 0.000000 0.000000 0.000000 0.000000 0.000000 0.000000 0.000000 0.000000 0.000000 0.000000 0.000000 0.000000 0.000000 0.000000 0.000000 0.000000 0.000000 0.000000 0.000000 0.000000 0.000000 0.000000 0.000000 0.000000 0.000000 0.000000 0.000000
0.791257 0.334253 -0.396577 0.826853 0.635562 -0.260193 -0.414847 0.832542 -2.083492 1.102117 1.455964 -0.074034 0.860266 0.101211 0.334437 -0.815616 1.197510 0.491272 0.345279 0.268720 1.404794 6.096639 2.101419 -0.774890 -0.745726 -11.916326 -0.188657 2.489169 0.705597 0.640611 -0.474335 0.703069 0.610476 -0.149241 -1.664366 2.205603 -0.726210 -0.383045 1.000000 0.000000 0.000000 0.000000 0.000000 0.000000 0.000000 0.000000 0.000000 0.000000 0.000000 0.000000 0.000000 0.000000 0.000000 0.000000 0.000000 0.000000 0.000000 0.000000 0.000000 0.000000 0.000000 0.000000 0.000000 0.000000 0.000000 0.000000 0.000000 0.000000 0.000000 0.000000 0.000000 0.000000 0.000000 0.000000 0.000000 0.000000 0.000000 0.000000 0.000000 0.000000 0.000000 0.000000 0.000000 0.000000 0.000000 0.000000 0.000000 0.000000 0.000000 0.000000 0.000000 0.000000 0.000000 0.000000 0.000000 0.000000 0.000000 0.000000 0.000000 0.000000
1.151550 -1.285867 -1.016683 1.341347 -2.111141 0.614020 0.320533 -5.791136 -18.888786 -0.351602 3.014525 -0.554077 0.299665 -0.927656 -0.331041 -0.000458 1.530982 0.845846 0.319282 1.342110 0.773475 2.894184 1.252583 -1.009307 -0.370792 -80.413269 -1.214091 -5.555335 -2.326708 -0.908487 0.441210 0.493912 0.547050 -0.107733 10.401053 -7.380186 0.490723 -0.684461 0.856914 1.000000 0.000000 0.000000 0.000000 0.000000 0.000000 0.000000 0.000000 0.000000 0.000000 0.000000 0.000000 0.000000 0.000000 0.000000 0.000000 0.000000 0.000000 0.000000 0.000000 0.000000 0.000000 0.000000 0.000000 0.000000 0.000000 0.000000 0.000000 0.000000 0.000000 0.000000 0.000000 0.000000 0.000000 0.000000 0.000000 0.000000 0.000000 0.000000 0.000000 0.000000 0.000000 0.000000 0.000000 0.000000 0.000000 0.000000 0.000000 0.000000 0.000000 0.000000 0.000000 0.000000 0.000000 0.000000 0.000000 0.000000 0.000000 0.000000 0.000000 0.000000
1.527195 -1.161439 0.163676 -0.423700 -1.306736 1.572838 1.151086 -4.588089 -15.566870 -0.912972 1.910833 -0.768822 0.101575 0.584005 2.209712 1.104101 0.163276 0.938115 0.738473 0.538497 -0.256555 -3.625564 -0.619745 -2.210812 0.424887 -6.791995 -0.053434 -4.451909 -0.132626 -7.258349 5.891456 -4.194233 -4.676982 -1.334717 3.359547 0.115901 0.945276 0.978764 -0.246152 0.643264 1.000000 0.000000 0.000000 0.000000 0.000000 0.000000 0.000000 0.000000 0.000000 0.000000 0.000000 0.000000 0.000000 0.000000 0.000000 0.000000 0.000000 0.000000 0.000000 0.000000 0.000000 0.000000 0.000000 0.000000 0.000000 0.000000 0.000000 0.000000 0.000000 0.000000 0.000000 0.000000 0.000000 0.000000 0.000000 0.000000 0.000000 0.000000 0.000000 0.000000 0.000000 0.000000 0.000000 0.000000 0.000000 0.000000 0.000000 0.000000 0.000000 0.000000 0.000000 0.000000 0.000000 0.000000 0.000000 0.000000 0.000000 0.000000 0.000000 0.000000
1.685735 -2.113162 0.387151 -0.315418 -1.441351 2.151515 1.077096 -4.174604 -15.476287 -0.030936 2.615343 -0.199410 0.747076 0.566141 1.567975 0.669403 2.522619 1.335909 0.450516 0.928822 -0.326824 0.568165 0.178068 -1.135239 0.151396 -2.311149 -0.033310 -3.055803 -0.592613 -0.123564 0.203266 0.926377 1.295081 0.545459 -10.758926 9.589226 -0.124786 1.239171 1.057106 9.924444 -18.756100 1.000000 0.000000 0.000000 0.000000 0.000000 0.000000 0.000000 0.000000 0.000000 0.000000 0.000000 0.000000 0.000000 0.000000 0.000000 0.000000 0.000000 0.000000 0.000000 0.000000 0.000000 0.000000 0.000000 0.000000 0.000000 0.000000 0.000000 0.000000 0.000000 0.000000 0.000000 0.000000 0.000000 0.000000 0.000000 0.000000 0.000000 0.000000 0.000000 0.000000 0.000000 0.000000 0.000000 0.000000 0.000000 0.000000 0.000000 0.000000 0.000000 0.000000 0.000000 0.000000 0.000000 0.000000 0.000000 0.000000 0.000000 0.000000 0.000000
2.269341 -3.523421 1.648747 -0.681210 0.439384 1.074640 0.332604 2.108866 2.890861 0.455610 0.412691 -1.341740 0.259853 1.187232 1.984312 -0.383860 -0.232222 0.467528 0.370644 -0.381878 -0.226208 3.122236 0.267074 0.066562 0.203571 157.803282 2.406842 7.198600 3.519354 -1.145716 1.352239 -3.201948 -3.485094 -0.693505 1.544448 -2.571367 -0.161488 -0.404249 -2.125377 -12.009027 21.231408 -1.126609 1.000000 0.000000 0.000000 0.000000 0.000000 0.000000 0.000000 0.000000 0.000000 0.000000 0.000000 0.000000 0.000000 0.000000 0.000000 0.000000 0.000000 0.000000 0.000000 0.000000 0.000000 0.000000 0.000000 0.000000 0.000000 0.000000 0.000000 0.000000 0.000000 0.000000 0.000000 0.000000 0.000000 0.000000 0.000000 0.000000 0.000000 0.000000 0.000000 0.000000 0.000000 0.000000 0.000000 0.000000 0.000000 0.000000 0.000000 0.000000 0.000000 0.000000 0.000000 0.000000 0.000000 0.000000 0.000000 0.000000 0.000000 0.000000
0.215238 1.320331 -0.674500 0.637315 -0.292889 -0.701034 -0.958789 -1.666315 -3.844819 0.282119 0.730089 0.769491 0.505195 -0.863325 -1.611736 -0.404103 2.764632 0.626671 -0.256780 0.907208 0.014519 5.654527 1.509913 -0.527305 -0.372414 60.758700 0.924697 -1.094484 0.159347 -0.736737 0.770930 0.370889 0.553642 0.095459 4.395573 -3.446105 0.324470 -0.267058 -0.676784 -6.549217 11.123309 -0.605012 1.691660 1.000000 0.000000 0.000000 0.000000 0.000000 0.000000 0.000000 0.000000 0.000000 0.000000 0.000000 0.000000 0.000000 0.000000 0.000000 0.000000 0.000000 0.000000 0.000000 0.000000 0.000000 0.000000 0.000000 0.000000 0.000000 0.000000 0.000000 0.000000 0.000000 0.000000 0.000000 0.000000 0.000000 0.000000 0.000000 0.000000 0.000000 0.000000 0.000000 0.000000 0.000000 0.000000 0.000000 0.000000 0.000000 0.000000 0.000000 0.000000 0.000000 0.000000 0.000000 0.000000 0.000000 0.000000 0.000000 0.000000 0.000000
0.329160 0.369408 0.226509 -0.272890 -0.494725 1.217948 0.669212 -2.662829 -10.147401 0.803712 2.616087 -0.565945 0.875523 0.201068 0.477404 0.198351 0.715061 0.325147 -0.306472 0.112963 0.207675 1.334065 0.271618 -0.735890 0.125948 54.520161 0.861705 0.409118 0.957734 -3.500343 2.818602 -2.480102 -3.027991 -0.674200 -4.487987 3.137333 0.094893 0.518907 -0.793022 -1.749175 2.479418 -0.130956 -2.245211 -0.414439 1.000000 0.000000 0.000000 0.000000 0.000000 0.000000 0.000000 0.000000 0.000000 0.000000 0.000000 0.000000 0.000000 0.000000 0.000000 0.000000 0.000000 0.000000 0.000000 0.000000 0.000000 0.000000 0.000000 0.000000 0.000000 0.000000 0.000000 0.000000 0.000000 0.000000 0.000000 0.000000 0.000000 0.000000 0.000000 0.000000 0.000000 0.000000 0.000000 0.000000 0.000000 0.000000 0.000000 0.000000 0.000000 0.000000 0.000000 0.000000 0.000000 0.000000 0.000000 0.000000 0.000000 0.000000 0.000000 0.000000
1.600094 -1.810036 1.088042 -1.394793 -1.481565 2.707528 1.983713 -6.508077 -21.634146 0.181576 3.797465 -0.406893 1.436663 -0.249953 0.135603 -0.295930 2.934696 1.386606 -0.044010 0.859378 -0.630235 2.174081 0.271552 0.092656 0.015069 68.299440 1.004339 3.993435 1.701306 2.170753 -1.289147 1.169382 1.213834 0.568591 -1.682147 0.565331 0.032551 0.113899 0.201519 4.584086 -7.924819 0.427839 -1.125014 -1.543037 0.085218 1.000000 0.000000 0.000000 0.000000 0.000000 0.000000 0.000000 0.000000 0.000000 0.000000 0.000000 0.000000 0.000000 0.000000 0.000000 0.000000 0.000000 0.000000 0.000000 0.000000 0.000000 0.000000 0.000000 0.000000 0.000000 0.000000 0.000000 0.000000 0.000000 0.000000 0.000000 0.000000 0.000000 0.000000 0.000000 0.000000 0.000000 0.000000 0.000000 0.000000 0.000000 0.000000 0.000000 0.000000 0.000000 0.000000 0.000000 0.000000 0.000000 0.000000 0.000000 0.000000 0.000000 0.000000 0.000000
0.530335 0.501571 -1.008544 0.997033 -1.152607 0.679475 0.150311 -3.789680 -13.214139 -0.007209 2.276878 -0.218786 0.249786 0.647961 1.733877 1.182097 0.589125 0.779747 0.647850 1.053958 0.377344 -1.604253 0.317628 -2.098580 -0.061357 -103.697780 -1.549188 -6.567042 -1.917657 -4.220631 3.199931 -1.322827 -1.591599 -0.497902 -8.764651 10.478522 0.543603 2.040989 2.273495 19.683797 -34.070129 1.862341 -1.745449 -0.772021 0.265273 -1.035506 1.000000 0.000000 0.000000 0.000000 0.000000 0.000000 0.000000 0.000000 0.000000 0.000000 0.000000 0.000000 0.000000 0.000000 0.000000 0.000000 0.000000 0.000000 0.000000 0.000000 0.000000 0.000000 0.000000 0.000000 0.000000 0.000000 0.000000 0.000000 0.000000 0.000000 0.000000 0.000000 0.000000 0.000000 0.000000 0.000000 0.000000 0.000000 0.000000 0.000000 0.000000 0.000000 0.000000 0.000000 0.000000 0.000000 0.000000 0.000000 0.000000 0.000000 0.000000 0.000000 0.000000 0.000000
0.667413 -1.008125 -1.099123 1.954415 -0.558045 -1.061257 -1.987496 0.871975 1.942968 0.719216 0.389656 0.520133 -0.358689 -1.557942 -1.888477 -1.121890 3.212626 1.009319 -0.449162 1.455973 1.078215 5.194582 2.199904 -2.070791 -0.455975 -0.638563 -0.015094 1.289034 0.774363 0.812968 -0.377179 0.709407 1.055943 0.384342 -21.167900 18.991495 -0.465731 2.409570 2.747359 25.027642 -44.330038 2.419810 -5.579569 -2.503153 0.778607 6.508823 -3.869428 1.000000 0.000000 0.000000 0.000000 0.000000 0.000000 0.000000 0.000000 0.000000 0.000000 0.000000 0.000000 0.000000 0.000000 0.000000 0.000000 0.000000 0.000000 0.000000 0.000000 0.000000 0.000000 0.000000 0.000000 0.000000 0.000000 0.000000 0.000000 0.000000 0.000000 0.000000 0.000000 0.000000 0.000000 0.000000 0.000000 0.000000 0.000000 0.000000 0.000000 0.000000 0.000000 0.000000 0.000000 0.000000 0.000000 0.000000 0.000000 0.000000 0.000000 0.000000 0.000000 0.000000
0.330662 -0.438043 -1.991008 2.521720 -1.937356 -0.586540 -0.249723 -1.110516 -3.659060 0.154097 0.761200 0.434543 -0.232813 -1.303861 -2.157234 -0.519786 1.795535 0.417154 0.258522 1.114596 0.524918 7.332372 2.864698 -1.869544 -0.380559 49.036761 0.744288 6.948547 3.150138 -2.144103 2.173664 -2.398229 -3.007718 -1.122442 -4.983787 4.575036 -0.358707 0.282908 2.816572 15.537497 -23.025697 1.270936 -0.505252 -2.372950 -1.228079 -3.105034 0.789740 -0.554381 1.000000 0.000000 0.000000 0.000000 0.000000 0.000000 0.000000 0.000000 0.000000 0.000000 0.000000 0.000000 0.000000 0.000000 0.000000 0.000000 0.000000 0.000000 0.000000 0.000000 0.000000 0.000000 0.000000 0.000000 0.000000 0.000000 0.000000 0.000000 0.000000 0.000000 0.000000 0.000000 0.000000 0.000000 0.000000 0.000000 0.000000 0.000000 0.000000 0.000000 0.000000 0.000000 0.000000 0.000000 0.000000 0.000000 0.000000 0.000000 0.000000 0.000000 0.000000 0.000000
0.016145 0.841688 0.259589 -0.392633 -0.193674 0.448368 -0.349155 -1.423511 -3.781349 0.402627 0.684673 1.203616 0.582820 0.056107 -0.567922 -0.283835 2.093219 0.469209 -0.197516 0.264544 -0.951171 -0.416452 -0.596406 1.662761 0.192203 20.567493 0.253039 8.281444 1.837624 4.790454 -3.616274 1.787721 0.806796 0.652541 0.447948 -6.059074 -1.561216 -2.454645 -0.510622 -7.196584 14.188240 -0.763371 -1.061715 -2.308299 0.468386 3.513531 0.203179 0.619876 -0.191646 1.000000 0.000000 0.000000 0.000000 0.000000 0.000000 0.000000 0.000000 0.000000 0.000000 0.000000 0.000000 0.000000 0.000000 0.000000 0.000000 0.000000 0.000000 0.000000 0.000000 0.000000 0.000000 0.000000 0.000000 0.000000 0.000000 0.000000 0.000000 0.000000 0.000000 0.000000 0.000000 0.000000 0.000000 0.000000 0.000000 0.000000 0.000000 0.000000 0.000000 0.000000 0.000000 0.000000 0.000000 0.000000 0.000000 0.000000 0.000000 0.000000 0.000000 0.000000
1.050984 -0.944519 -0.829304 1.114982 -1.752302 0.039133 -0.762733 -2.457562 -10.320107 0.463535 2.367052 -0.125802 0.383617 -0.731660 -0.864420 -0.219939 0.105111 -0.039517 -0.211714 0.835874 1.624809 6.713222 1.925876 -0.074388 -0.720133 28.108829 0.421684 3.022493 0.394656 2.370701 -1.940318 1.483114 1.409755 0.246555 4.664102 -7.104376 -1.175232 -2.308598 -0.666551 -13.711590 24.844546 -1.366645 -0.000303 0.506709 0.826722 5.026022 -1.364915 0.967984 -0.957201 5.080402 1.000000 0.000000 0.000000 0.000000 0.000000 0.000000 0.000000 0.000000 0.000000 0.000000 0.000000 0.000000 0.000000 0.000000 0.000000 0.000000 0.000000 0.000000 0.000000 0.000000 0.000000 0.000000 0.000000 0.000000 0.000000 0.000000 0.000000 0.000000 0.000000 0.000000 0.000000 0.000000 0.000000 0.000000 0.000000 0.000000 0.000000 0.000000 0.000000 0.000000 0.000000 0.000000 0.000000 0.000000 0.000000 0.000000 0.000000 0.000000 0.000000 0.000000
1.199013 -1.010193 0.131135 -0.073952 -0.806609 0.664082 0.249820 -4.178602 -12.589533 0.226981 1.857586 1.331786 0.618823 -1.953639 -2.394747 -1.522060 3.937359 0.780450 -0.922692 0.246981 -0.088563 7.450127 1.791335 0.462403 -0.825600 77.396090 1.147131 4.849044 1.620911 2.053306 -1.431839 0.643152 0.218302 0.289968 -15.784464 13.272818 -0.193125 1.827342 2.179927 22.797318 -40.148996 2.179501 -3.987603 -2.098504 0.259977 -3.608863 0.943283 -0.653092 1.148223 -1.083477 0.059870 1.000000 0.000000 0.000000 0.000000 0.000000 0.000000 0.000000 0.000000 0.000000 0.000000 0.000000 0.000000 0.000000 0.000000 0.000000 0.000000 0.000000 0.000000 0.000000 0.000000 0.000000 0.000000 0.000000 0.000000 0.000000 0.000000 0.000000 0.000000 0.000000 0.000000 0.000000 0.000000 0.000000 0.000000 0.000000 0.000000 0.000000 0.000000 0.000000 0.000000 0.000000 0.000000 0.000000 0.000000 0.000000 0.000000 0.000000 0.000000 0.000000
0.812971 0.377347 0.122184 -0.083491 -0.328953 0.432298 -0.092328 -3.129345 -9.705979 -0.183716 1.225219 0.567500 0.605702 0.308544 0.597463 0.109422 0.853826 0.461417 0.059178 0.060335 -0.089559 -2.214316 -0.172006 -0.955448 0.063568 -89.693450 -1.353098 -6.534926 -2.318678 -0.474462 0.131553 1.273577 1.435656 0.454887 -6.870475 6.741115 0.303777 1.331167 -0.112657 5.397855 -11.660820 0.625921 -1.495744 0.443870 0.609543 2.206634 -2.457432 0.229668 -0.348767 4.455583 1.434466 0.220918 1.000000 0.000000 0.000000 0.000000 0.000000 0.000000 0.000000 0.000000 0.000000 0.000000 0.000000 0.000000 0.000000 0.000000 0.000000 0.000000 0.000000 0.000000 0.000000 0.000000 0.000000 0.000000 0.000000 0.000000 0.000000 0.000000 0.000000 0.000000 0.000000 0.000000 0.000000 0.000000 0.000000 0.000000 0.000000 0.000000 0.000000 0.000000 0.000000 0.000000 0.000000 0.000000 0.000000 0.000000 0.000000 0.000000 0.000000 0.000000
2.091903 -3.554033 -0.331474 1.682210 -0.988801 -0.224177 -0.777245 -1.068199 -3.549013 0.238460 0.946891 -0.156218 -0.647030 -1.982255 -1.873800 -1.307092 1.650309 0.410829 -1.158284 0.321383 0.671035 3.027337 0.834079 -0.888115 0.155657 127.276073 1.974596 4.704097 3.038208 -4.040488 3.559046 -4.641352 -4.668280 -1.162988 -21.584716 20.516181 0.069131 3.243445 2.118066 23.466264 -41.241193 2.261392 -5.755380 -2.649249 0.096171 5.221773 -3.170246 0.612993 0.206769 -5.246596 -1.395736 -0.586383 -0.454421 1.000000 0.000000 0.000000 0.000000 0.000000 0.000000 0.000000 0.000000 0.000000 0.000000 0.000000 0.000000 0.000000 0.000000 0.000000 0.000000 0.000000 0.000000 0.000000 0.000000 0.000000 0.000000 0.000000 0.000000 0.000000 0.000000 0.000000 0.000000 0.000000 0.000000 0.000000 0.000000 0.000000 0.000000 0.000000 0.000000 0.000000 0.000000 0.000000 0.000000 0.000000 0.000000 0.000000 0.000000 0.000000 0.000000 0.000000
0.651453 0.624090 -0.827499 0.529365 -1.008871 1.078093 0.197389 -1.777746 -11.215906 1.069295 2.920329 0.119984 0.912538 0.354134 1.351411 0.559871 0.393666 0.208417 0.036989 -0.012058 1.017232 0.449486 0.303003 -0.142123 -0.353247 -52.775178 -0.815814 0.334334 -0.387346 1.710538 -1.487125 1.641823 1.183594 0.269907 0.567491 1.175213 0.427337 0.783534 -0.534051 3.194509 -6.836149 0.391734 -2.925216 -0.175637 1.359468 4.947455 -2.023137 0.800415 -0.527838 -3.668095 -0.886865 -0.143657 -0.223836 0.072547 1.000000 0.000000 0.000000 0.000000 0.000000 0.000000 0.000000 0.000000 0.000000 0.000000 0.000000 0.000000 0.000000 0.000000 0.000000 0.000000 0.000000 0.000000 0.000000 0.000000 0.000000 0.000000 0.000000 0.000000 0.000000 0.000000 0.000000 0.000000 0.000000 0.000000 0.000000 0.000000 0.000000 0.000000 0.000000 0.000000 0.000000 0.000000 0.000000 0.000000 0.000000 0.000000 0.000000 0.000000 0.000000 0.000000
1.385026 -2.273672 0.526775 0.103829 -0.442671 0.472637 -0.155928 -0.311689 -2.432463 0.443839 1.002211 -0.252547 0.056589 -1.173470 -1.711916 -1.572515 3.050079 1.014038 -0.785373 0.777504 -0.118481 6.365273 0.988966 1.093749 -0.143329 144.709325 2.160811 12.457634 4.235398 2.670867 -1.679023 -2.085761 -3.103887 -0.329025 2.329363 -7.563108 -1.532558 -2.478337 -1.663814 -12.937717 23.563754 -1.272209 -0.804586 -0.882221 0.721283 8.243952 -2.011123 1.399380 -1.357675 3.779164 0.608675 -0.530795 0.413087 0.299118 -0.312791 1.000000 0.000000 0.000000 0.000000 0.000000 0.000000 0.000000 0.000000 0.000000 0.000000 0.000000 0.000000 0.000000 0.000000 0.000000 0.000000 0.000000 0.000000 0.000000 0.000000 0.000000 0.000000 0.000000 0.000000 0.000000 0.000000 0.000000 0.000000 0.000000 0.000000 0.000000 0.000000 0.000000 0.000000 0.000000 0.000000 0.000000 0.000000 0.000000 0.000000 0.000000 0.000000 0.000000 0.000000 0.000000
0.715927 -0.655681 0.596038 -0.158088 0.866398 0.274777 -0.731166 6.788472 17.997045 0.867839 -1.838680 -0.502723 -0.354520 1.004333 0.928138 -0.190059 0.795713 0.451842 0.184154 -0.026741 -0.509257 5.295909 0.961992 -0.691639 0.365830 210.665373 3.200560 12.918918 5.716418 -0.791677 1.352167 -3.746030 -4.657702 -1.041902 10.950200 -12.487542 -0.639390 -2.414318 -1.533950 -16.242446 32.483039 -1.729220 2.517651 -1.047594 -0.778740 -1.193417 2.152547 -0.121572 0.355241 -5.162119 -1.614778 -0.408664 -0.791917 0.074939 0.050683 2.985924 1.000000 0.000000 0.000000 0.000000 0.000000 0.000000 0.000000 0.000000 0.000000 0.000000 0.000000 0.000000 0.000000 0.000000 0.000000 0.000000 0.000000 0.000000 0.000000 0.000000 0.000000 0.000000 0.000000 0.000000 0.000000 0.000000 0.000000 0.000000 0.000000 0.000000 0.000000 0.000000 0.000000 0.000000 0.000000 0.000000 0.000000 0.000000 0.000000 0.000000 0.000000 0.000000 0.000000 0.000000
0.787145 -0.707472 -0.428173 0.607431 -1.470119 0.578667 -0.233555 -4.646097 -15.094655 0.648833 3.156936 0.247549 0.787299 -1.711873 -2.375179 -0.924499 2.822967 0.657279 -1.034542 0.808309 0.388865 5.155173 1.263623 0.295436 -0.151668 164.980058 2.492838 11.508356 5.148006 -0.321334 0.991654 -2.227603 -2.656939 -0.649189 -8.162460 8.024604 0.125490 1.466786 0.960449 14.662663 -24.491507 1.362912 -6.128193 -2.677991 1.479465 4.135010 -2.232159 0.680761 0.595237 0.215956 0.224875 1.302035 -0.192504 -0.794941 2.060849 2.301153 1.749865 1.000000 0.000000 0.000000 0.000000 0.000000 0.000000 0.000000 0.000000 0.000000 0.000000 0.000000 0.000000 0.000000 0.000000 0.000000 0.000000 0.000000 0.000000 0.000000 0.000000 0.000000 0.000000 0.000000 0.000000 0.000000 0.000000 0.000000 0.000000 0.000000 0.000000 0.000000 0.000000 0.000000 0.000000 0.000000 0.000000 0.000000 0.000000 0.000000 0.000000 0.000000 0.000000 0.000000
0.799442 -1.185498 0.034846 0.857528 0.434938 -1.091502 -1.482902 4.885363 16.341700 -0.002875 -2.621549 0.215469 -1.054291 -0.081083 -0.997390 -0.069675 -1.135771 -0.616806 0.154061 0.156342 0.013233 3.216564 0.708297 0.696657 0.083538 81.753724 1.204707 10.816989 3.254630 3.396743 -2.344198 -0.775389 -1.489087 -0.166985 3.227777 -6.892419 -1.644257 -2.506832 -0.943484 -11.507453 21.438594 -1.152812 -0.756968 -2.368034 0.175436 10.236282 -1.617996 1.558554 -1.750173 1.420185 -0.088964 -1.113003 0.348378 0.634012 -0.295949 2.470176 0.718551 -0.022485 1.000000 0.000000 0.000000 0.000000 0.000000 0.000000 0.000000 0.000000 0.000000 0.000000 0.000000 0.000000 0.000000 0.000000 0.000000 0.000000 0.000000 0.000000 0.000000 0.000000 0.000000 0.000000 0.000000 0.000000 0.000000 0.000000 0.000000 0.000000 0.000000 0.000000 0.000000 0.000000 0.000000 0.000000 0.000000 0.000000 0.000000 0.000000 0.000000 0.000000 0.000000 0.000000
1.686186 -1.904563 1.594413 -1.617774 -0.151084 2.489983 2.138726 0.398216 -1.810655 -0.273980 0.225452 -0.715876 0.475649 1.154123 1.463579 0.998733 -0.770654 0.094400 0.630127 0.037540 0.094988 3.667475 1.148804 -1.874391 0.026110 88.388353 1.370012 0.823142 1.294053 -3.110966 2.744989 -2.518436 -3.000906 -0.576507 -6.628830 4.988692 -0.378484 0.323330 0.843004 5.310412 -8.314595 0.459704 -0.401383 -0.302912 -0.040309 -1.436960 0.534727 -0.047284 0.650782 2.321397 0.692380 1.393814 -0.350453 -1.092956 1.078766 3.816029 2.101510 0.832843 -0.663900 1.000000 0.000000 0.000000 0.000000 0.000000 0.000000 0.000000 0.000000 0.000000 0.000000 0.000000 0.000000 0.000000 0.000000 0.000000 0.000000 0.000000 0.000000 0.000000 0.000000 0.000000 0.000000 0.000000 0.000000 0.000000 0.000000 0.000000 0.000000 0.000000 0.000000 0.000000 0.000000 0.000000 0.000000 0.000000 0.000000 0.000000 0.000000 0.000000 0.000000 0.000000
1.730808 -2.646483 -0.703169 1.626730 -1.113954 0.454078 -0.064403 -1.983674 -9.123592 0.101285 1.683273 0.093130 -0.326052 -1.351220 -0.748805 -0.709043 0.618720 0.080638 -0.642045 -0.408824 0.161015 4.144135 0.599274 1.624351 -0.086272 139.760253 2.087732 13.598813 4.691728 3.253807 -2.136742 -1.767619 -2.646384 -0.335863 -9.094349 6.214126 -1.087841 0.232877 -0.749749 2.244559 -4.288452 0.260943 -4.117743 -2.688989 0.890782 10.432796 -2.957149 1.615925 -0.839190 -1.085260 -0.430901 0.214262 -0.063042 0.278199 1.399461 1.895277 1.208190 0.678355 1.829233 -1.961195 1.000000 0.000000 0.000000 0.000000 0.000000 0.000000 0.000000 0.000000 0.000000 0.000000 0.000000 0.000000 0.000000 0.000000 0.000000 0.000000 0.000000 0.000000 0.000000 0.000000 0.000000 0.000000 0.000000 0.000000 0.000000 0.000000 0.000000 0.000000 0.000000 0.000000 0.000000 0.000000 0.000000 0.000000 0.000000 0.000000 0.000000 0.000000 0.000000 0.000000
0.941232 -0.309288 0.745871 -0.377155 1.126950 -0.335695 -0.935411 0.779305 0.107061 1.823603 1.353245 1.093625 0.981224 -1.431774 -1.566168 -2.163029 5.199570 1.332634 -1.454695 0.135543 0.450802 1.847032 0.455073 -0.968127 -0.671839 0.695898 0.038471 -5.177174 -0.754559 -2.343039 1.804188 0.646243 1.234383 0.143002 -12.012347 14.527007 1.095238 3.273429 0.739336 14.271133 -29.351331 1.571327 -3.497734 0.731470 0.504469 1.561139 -2.256489 0.006055 -0.349577 0.141400 0.320893 0.028121 0.075329 0.838143 -0.899351 0.039186 -0.365872 -0.124213 -0.111883 -0.194607 5.143024 1.000000 0.000000 0.000000 0.000000 0.000000 0.000000 0.000000 0.000000 0.000000 0.000000 0.000000 0.000000 0.000000 0.000000 0.000000 0.000000 0.000000 0.000000 0.000000 0.000000 0.000000 0.000000 0.000000 0.000000 0.000000 0.000000 0.000000 0.000000 0.000000 0.000000 0.000000 0.000000 0.000000 0.000000 0.000000 0.000000 0.000000 0.000000 0.000000
1.877716 -2.483948 -0.444755 1.197180 -0.975169 0.730028 0.566951 -1.967461 -9.459931 -0.182847 1.612099 -0.711627 -0.111504 0.063166 1.668367 0.082271 -0.649034 0.176371 0.145820 -0.559144 -0.047247 -0.397688 -0.268261 -0.044949 0.197533 19.265467 0.316283 -2.439452 -0.500523 -2.412650 1.782118 -1.163065 -1.522394 -0.535636 6.519573 -4.463610 0.299394 -0.349533 -1.336348 -10.293774 17.841419 -0.953420 -0.526011 0.006182 0.263243 0.422133 0.334466 -0.041413 0.113822 -2.811149 -0.658759 0.635811 -0.730773 -0.245787 -0.150149 3.740063 1.369630 0.165905 0.391959 -0.076151 1.630472 0.376353 1.000000 0.000000 0.000000 0.000000 0.000000 0.000000 0.000000 0.000000 0.000000 0.000000 0.000000 0.000000 0.000000 0.000000 0.000000 0.000000 0.000000 0.000000 0.000000 0.000000 0.000000 0.000000 0.000000 0.000000 0.000000 0.000000 0.000000 0.000000 0.000000 0.000000 0.000000 0.000000 0.000000 0.000000 0.000000 0.000000 0.000000 0.000000
2.090360 -2.775047 0.877495 -0.210405 -0.467702 1.077970 0.750586 -2.490498 -8.881134 0.326964 1.843962 -0.391577 0.465995 -0.090716 0.457280 -0.840639 2.699287 1.106468 -0.140099 -0.018717 -1.003655 0.676379 -0.357984 0.942505 0.411221 67.567016 0.995837 8.151277 3.041576 1.678940 -0.961921 -0.262689 -0.560999 0.067400 -3.848464 0.312220 -0.625030 -0.603847 0.178996 0.971637 -0.206046 0.023654 0.039442 -1.433714 -0.612254 -0.706918 0.111467 -0.305155 0.401702 0.240817 0.241351 0.117007 0.415700 0.303457 -2.058706 1.129568 -0.163358 -0.447998 -3.630462 4.421967 -5.853248 -0.686017 2.465224 1.000000 0.000000 0.000000 0.000000 0.000000 0.000000 0.000000 0.000000 0.000000 0.000000 0.000000 0.000000 0.000000 0.000000 0.000000 0.000000 0.000000 0.000000 0.000000 0.000000 0.000000 0.000000 0.000000 0.000000 0.000000 0.000000 0.000000 0.000000 0.000000 0.000000 0.000000 0.000000 0.000000 0.000000 0.000000 0.000000 0.000000
1.826798 -1.534805 1.907372 -1.734489 0.903092 2.129873 2.055640 -0.487881 -3.702614 0.691434 1.433032 -1.135031 0.934905 0.961457 1.708483 -0.164211 0.497022 0.552751 0.246385 -0.203404 -0.232691 -1.372381 -0.421030 -0.046119 0.031287 -75.359902 -1.156358 -2.449666 -1.049689 -0.352713 0.115485 0.378691 0.147824 0.050253 -3.299653 2.384301 -0.379682 -0.042488 1.264396 6.937570 -12.727164 0.673972 0.768349 -0.833491 -0.800119 -4.599738 2.413335 -0.862355 -0.167543 8.414038 2.458319 0.416976 1.405817 1.107324 -2.173331 -4.213263 -2.151337 -0.451455 -2.941293 4.523275 -3.664394 -0.028286 -0.214522 -0.414580 1.000000 0.000000 0.000000 0.000000 0.000000 0.000000 0.000000 0.000000 0.000000 0.000000 0.000000 0.000000 0.000000 0.000000 0.000000 0.000000 0.000000 0.000000 0.000000 0.000000 0.000000 0.000000 0.000000 0.000000 0.000000 0.000000 0.000000 0.000000 0.000000 0.000000 0.000000 0.000000 0.000000 0.000000 0.000000 0.000000
0.537126 -0.773563 -0.708557 0.871216 -1.020437 0.897145 0.078670 3.614293 9.350390 -0.079230 -1.365552 -0.229932 -0.969117 -0.547355 -0.870611 0.446013 -0.759241 -0.238925 0.351531 0.596727 0.561367 4.370789 1.855883 -1.681893 -0.017618 144.875983 2.211417 9.107736 4.645236 -2.978391 3.170013 -3.548000 -3.984103 -1.475444 17.220306 -13.110624 0.512464 -1.392701 -0.979467 -11.653688 23.232335 -1.227022 2.695440 0.132013 -0.333306 0.400801 1.457161 0.195194 -0.679509 4.064680 1.000450 0.285585 0.445558 -0.292991 -0.241443 0.491050 0.045597 -0.120945 0.204234 0.577870 -1.339381 -0.286797 -0.121433 -0.013751 0.445271 1.000000 0.000000 0.000000 0.000000 0.000000 0.000000 0.000000 0.000000 0.000000 0.000000 0.000000 0.000000 0.000000 0.000000 0.000000 0.000000 0.000000 0.000000 0.000000 0.000000 0.000000 0.000000 0.000000 0.000000 0.000000 0.000000 0.000000 0.000000 0.000000 0.000000 0.000000 0.000000 0.000000 0.000000 0.000000
1.424361 -1.361342 0.850123 -0.402861 0.106344 0.330112 0.371374 -1.572709 -2.159827 -0.896557 -0.803936 0.714175 -0.041632 0.726027 0.578267 0.018058 0.278528 0.076570 0.361155 -0.185219 -0.481023 -0.675049 -0.431227 1.180454 0.137647 -42.930668 -0.689637 1.233046 -0.935935 4.640852 -3.878236 2.009968 1.751412 0.894726 -7.754772 2.894985 -1.609790 -1.018097 -0.403918 -3.326063 5.062380 -0.291331 0.248924 0.671758 0.535981 10.168676 -4.825925 1.643329 -1.593159 9.959220 2.477689 -0.015629 1.356207 -0.246249 0.686901 0.829592 0.742428 0.371054 0.792159 -1.055980 4.871846 0.538431 -1.672216 0.224074 0.502268 1.492038 1.000000 0.000000 0.000000 0.000000 0.000000 0.000000 0.000000 0.000000 0.000000 0.000000 0.000000 0.000000 0.000000 0.000000 0.000000 0.000000 0.000000 0.000000 0.000000 0.000000 0.000000 0.000000 0.000000 0.000000 0.000000 0.000000 0.000000 0.000000 0.000000 0.000000 0.000000 0.000000 0.000000 0.000000
1.525105 -1.265721 1.067603 -1.277385 -0.799298 2.733544 1.957787 -2.258201 -10.114102 0.396262 2.299830 -1.010171 0.886598 0.547973 1.495756 0.567631 -0.850971 0.047538 -0.190009 -0.292387 0.088502 -5.225287 -1.566654 0.165773 0.349254 -114.253343 -1.713774 -7.535290 -3.151343 -2.471326 1.401295 -0.742522 -1.489596 -0.410519 12.489972 -11.057241 -0.008842 -1.687372 -1.227035 -13.924048 24.113099 -1.305648 1.183513 1.211792 0.549936 -2.886689 1.814275 -0.339413 0.328173 2.162269 0.784410 1.305783 0.208894 -0.400269 1.281306 1.550557 1.341388 1.235227 -5.553078 7.390868 -14.495146 -1.949171 1.901696 -0.421268 1.746655 2.654314 0.183758 1.000000 0.000000 0.000000 0.000000 0.000000 0.000000 0.000000 0.000000 0.000000 0.000000 0.000000 0.000000 0.000000 0.000000 0.000000 0.000000 0.000000 0.000000 0.000000 0.000000 0.000000 0.000000 0.000000 0.000000 0.000000 0.000000 0.000000 0.000000 0.000000 0.000000 0.000000 0.000000 0.000000
0.152451 -0.061790 -0.315787 0.778132 0.140890 0.056217 -0.491602 3.244323 7.785242 0.753931 -0.616254 0.439017 0.070578 -0.211065 -0.644082 -0.054460 -0.170071 -0.208754 0.288638 0.561202 1.374159 5.241079 2.043499 -1.386854 -0.543081 67.587968 1.026875 6.146445 2.713006 -0.228688 0.626891 -1.347142 -1.380724 -0.389769 -12.839662 13.389234 0.237915 2.389987 2.492351 25.234975 -42.615583 2.354426 -5.789194 -3.584283 0.247769 3.340071 -1.565142 0.534022 0.408559 -7.610137 -2.172275 -0.978493 -0.771633 0.761324 0.747061 -1.692971 -0.729786 -0.431035 2.140599 -1.917589 4.030462 0.740049 -2.425844 -0.546926 -1.456870 -3.435351 -5.694200 18.347325 1.000000 0.000000 0.000000 0.000000 0.000000 0.000000 0.000000 0.000000 0.000000 0.000000 0.000000 0.000000 0.000000 0.000000 0.000000 0.000000 0.000000 0.000000 0.000000 0.000000 0.000000 0.000000 0.000000 0.000000 0.000000 0.000000 0.000000 0.000000 0.000000 0.000000 0.000000 0.000000
0.613329 -0.689017 0.606103 -0.104000 0.729880 -0.403292 -0.620890 4.095442 15.388560 -0.406636 -3.088090 0.667489 -0.653257 0.443461 -0.647783 0.082957 -0.007842 -0.077230 0.527717 0.413964 -0.843247 -0.654976 -0.039810 0.134556 0.156546 -51.787562 -0.823214 0.500130 -0.769930 2.690879 -2.149228 0.972344 0.749398 0.412524 -0.087667 -2.148644 -0.839376 -1.083562 -0.197401 -3.283101 7.224913 -0.380122 1.460080 -1.045453 -0.610541 4.127239 -1.162618 0.588789 -0.392341 -0.034580 -0.181435 -0.667927 0.397992 0.061962 -0.584565 1.583471 0.441991 -0.133370 -0.120960 0.001514 -6.202251 -1.237792 1.374917 -0.046503 0.381540 0.835516 2.723036 -11.677371 -0.730858 1.000000 0.000000 0.000000 0.000000 0.000000 0.000000 0.000000 0.000000 0.000000 0.000000 0.000000 0.000000 0.000000 0.000000 0.000000 0.000000 0.000000 0.000000 0.000000 0.000000 0.000000 0.000000 0.000000 0.000000 0.000000 0.000000 0.000000 0.000000 0.000000 0.000000 0.000000
0.103592 0.158607 -1.830122 2.781687 -0.008492 -2.394671 -3.007997 1.385475 2.070416 1.324897 1.021626 0.538548 -0.109469 -1.424684 -1.798708 -1.760270 3.760326 1.007670 -0.730924 0.905656 0.551765 9.606692 2.003774 0.786900 -0.560714 160.304114 2.410420 8.382804 2.980220 3.204750 -2.197826 0.163660 0.007195 0.212474 -0.135973 -0.416175 -0.519066 -0.429545 -0.524037 -2.423211 4.130025 -0.219075 -3.881853 -2.064956 1.104729 10.590167 -3.497971 1.699836 -0.853810 -3.415977 -1.411399 -0.906216 -0.803166 0.643684 0.529806 -1.842953 -0.745478 -0.397927 4.710381 -6.053762 11.970375 1.708174 -2.472598 -0.259256 -1.126541 -1.870068 -2.393405 8.494624 0.553783 -0.166385 1.000000 0.000000 0.000000 0.000000 0.000000 0.000000 0.000000 0.000000 0.000000 0.000000 0.000000 0.000000 0.000000 0.000000 0.000000 0.000000 0.000000 0.000000 0.000000 0.000000 0.000000 0.000000 0.000000 0.000000 0.000000 0.000000 0.000000 0.000000 0.000000 0.000000
0.024471 0.320021 -2.200771 3.030944 -0.355362 -2.789850 -2.872244 0.706485 4.536959 0.001046 -1.113092 1.778198 -1.087253 -2.159471 -2.828188 -1.527063 4.142872 0.811031 -0.650828 0.703704 -0.693979 1.733168 0.073933 1.277392 -0.056884 11.505538 0.145195 3.106421 0.467612 1.132560 -0.897697 0.067038 -0.583896 -0.087910 3.763958 -5.090752 -0.716205 -1.447701 0.279918 -4.165937 10.899772 -0.546920 -0.497167 -2.182632 -0.623374 -0.188563 0.261284 -0.170306 0.985069 -1.816922 -0.508634 0.493687 -0.438064 -0.009020 -0.419011 0.240495 0.283495 0.261260 -0.404332 -0.147526 0.909126 0.216892 1.447348 0.476008 -0.281960 -0.488743 1.684945 -8.373856 -0.473205 0.309782 -0.192690 1.000000 0.000000 0.000000 0.000000 0.000000 0.000000 0.000000 0.000000 0.000000 0.000000 0.000000 0.000000 0.000000 0.000000 0.000000 0.000000 0.000000 0.000000 0.000000 0.000000 0.000000 0.000000 0.000000 0.000000 0.000000 0.000000 0.000000 0.000000 0.000000
0.985256 -1.439334 -0.412567 0.667864 -1.953742 0.822631 0.870794 -5.489359 -16.162747 -0.185354 2.338594 0.385402 0.354889 -1.070120 -1.216761 -0.365768 1.705481 0.469819 0.016592 0.991226 0.569416 1.788112 0.985229 0.006180 -0.527317 -21.422586 -0.358241 5.479621 1.563193 1.866685 -1.188384 1.420818 1.535847 0.246866 -11.796242 9.403773 -0.540435 0.775170 3.327553 21.627198 -35.091195 1.908831 -2.032315 -1.575595 -0.474033 -1.020065 -0.470252 -0.171201 0.188826 6.650334 1.723836 0.142745 0.521680 0.281417 -0.929488 -3.713712 -1.583289 -0.545375 -0.174359 0.261358 5.641286 0.956188 -2.099174 0.378016 -0.079571 -0.453874 -0.964576 6.762886 0.414084 -0.801548 -0.758537 -0.352007 1.000000 0.000000 0.000000 0.000000 0.000000 0.000000 0.000000 0.000000 0.000000 0.000000 0.000000 0.000000 0.000000 0.000000 0.000000 0.000000 0.000000 0.000000 0.000000 0.000000 0.000000 0.000000 0.000000 0.000000 0.000000 0.000000 0.000000 0.000000
0.344520 0.184640 0.061872 0.536486 1.389003 -0.439512 -1.256784 5.711841 15.619880 0.597008 -2.083294 0.600421 -0.282870 0.652378 0.304418 -0.748957 0.310059 0.054998 0.086192 -0.005795 0.676140 4.610992 1.219240 0.148057 -0.254156 44.262150 0.640842 7.645821 2.050963 3.617054 -2.696188 0.376195 -0.077739 0.303153 -10.402287 5.739890 -1.209338 -0.242827 0.593063 6.142696 -9.201161 0.529324 -2.922831 -2.201351 0.550864 5.017680 -2.462361 0.882816 0.335652 -0.907274 -0.370408 0.195736 -0.243904 -0.295648 0.310196 -1.245531 -0.225084 0.273313 -0.893208 -0.139938 3.970167 0.733509 -0.655890 -0.017259 -0.264390 -0.638837 -1.522055 6.983572 0.304320 0.609645 -0.138378 -0.011650 76.154568 1.000000 0.000000 0.000000 0.000000 0.000000 0.000000 0.000000 0.000000 0.000000 0.000000 0.000000 0.000000 0.000000 0.000000 0.000000 0.000000 0.000000 0.000000 0.000000 0.000000 0.000000 0.000000 0.000000 0.000000 0.000000 0.000000 0.000000
0.175150 0.941551 -0.527189 0.481108 -0.057027 -0.391212 -1.094727 2.995061 6.402171 1.046095 -0.084499 0.503146 0.404296 -0.481839 -0.985377 -0.829729 1.142658 0.070202 -0.587898 0.315096 1.316965 8.250045 2.282817 -0.899975 -0.728025 39.860028 0.613509 0.411754 -0.161168 0.629047 -0.638359 0.785560 0.271573 0.021138 8.543304 -8.437453 0.041589 -1.289333 -0.834426 -9.673917 18.352440 -0.973956 -1.462310 -0.340047 0.633105 -0.876891 0.017575 -0.080704 1.223001 -10.410768 -2.825043 -0.133843 -1.591028 -0.105227 0.135660 -0.018814 -0.075997 -0.181122 0.446817 -1.601410 2.761228 0.504387 0.322854 0.274576 -0.569213 -1.467111 2.079238 -6.661581 -0.309947 -0.357046 -0.360245 -0.217814 30.495545 0.433846 1.000000 0.000000 0.000000 0.000000 0.000000 0.000000 0.000000 0.000000 0.000000 0.000000 0.000000 0.000000 0.000000 0.000000 0.000000 0.000000 0.000000 0.000000 0.000000 0.000000 0.000000 0.000000 0.000000 0.000000 0.000000 0.000000
1.449453 -0.979321 1.760786 -2.350938 -0.760394 3.899940 4.053055 -5.425321 -17.875387 -0.290605 2.433454 0.095566 1.773572 1.440559 1.433852 0.877300 0.114269 0.070667 0.756720 -0.520209 -1.108994 -2.001788 -0.794095 1.196514 0.305832 -22.788308 -0.382430 2.760311 0.317557 3.146512 -2.443867 1.822198 1.725934 0.773449 -10.995133 7.611806 -0.650921 0.498346 0.780939 8.308435 -14.405276 0.788404 -0.334254 -0.765788 -0.001968 3.461363 -2.108593 0.547729 -0.040871 0.469767 0.088185 -0.336362 0.426480 0.136876 -0.312322 -3.674235 -1.532842 -0.517060 -0.309053 -0.127423 0.649484 0.103312 -0.249571 0.410369 -0.444753 -0.438667 -1.006108 4.593779 0.318558 -0.331682 0.449365 1.222490 -67.499924 -0.823345 15.497660 1.000000 0.000000 0.000000 0.000000 0.000000 0.000000 0.000000 0.000000 0.000000 0.000000 0.000000 0.000000 0.000000 0.000000 0.000000 0.000000 0.000000 0.000000 0.000000 0.000000 0.000000 0.000000 0.000000 0.000000 0.000000
1.783572 -2.728886 0.089842 1.003718 -0.299762 0.094673 0.044203 0.672077 0.538989 -0.039416 0.102073 -0.716549 -0.602831 -0.040738 0.751189 -0.017252 -1.136569 -0.173186 0.238166 -0.269376 0.305971 0.380406 0.272323 -0.555276 -0.033028 7.901382 0.134380 0.670011 0.365787 -1.784035 1.400720 -1.843718 -2.299279 -0.512078 -11.479159 8.034244 -0.832317 0.355769 2.406261 14.391891 -23.313623 1.267892 0.641119 -1.334644 -1.296727 -9.574248 3.786226 -1.475594 1.104868 5.475984 1.764658 1.184979 0.461863 -0.168030 -1.149930 0.625380 0.108482 -0.017674 -2.734069 3.681665 -2.439817 -0.225824 -0.549133 -0.331598 1.287553 1.618267 1.468459 -4.527657 -0.295461 0.067551 -0.469975 -0.901040 44.896171 0.525457 -13.956427 -0.775150 1.000000 0.000000 0.000000 0.000000 0.000000 0.000000 0.000000 0.000000 0.000000 0.000000 0.000000 0.000000 0.000000 0.000000 0.000000 0.000000 0.000000 0.000000 0.000000 0.000000 0.000000 0.000000 0.000000 0.000000
2.661085 -3.196262 1.265820 -1.246443 -1.321296 2.211785 1.298744 -3.560979 -13.787711 -0.043406 2.484053 -0.971208 0.841674 0.482081 1.563528 -0.834976 1.679762 1.261182 0.269997 0.762830 0.838762 9.843890 2.689431 -1.608415 -0.580667 48.593291 0.743563 2.218192 0.590715 -0.928935 0.700230 -1.984961 -3.066791 -0.501676 0.698370 -4.889980 -1.259909 -2.026973 -0.045036 -7.741171 15.885161 -0.854114 1.891693 0.271673 -0.313893 0.139782 0.875167 0.162206 -0.588283 4.846215 1.009467 -0.393070 0.317029 1.129601 -1.921920 -4.431691 -2.406240 -0.950071 -1.203876 0.989222 4.552631 0.931606 -1.916995 -0.072318 0.558034 0.410778 -0.533200 7.270934 0.397280 -0.035116 -0.068361 -0.081571 58.229433 0.845049 -4.151303 -0.035690 2.633707 1.000000 0.000000 0.000000 0.000000 0.000000 0.000000 0.000000 0.000000 0.000000 0.000000 0.000000 0.000000 0.000000 0.000000 0.000000 0.000000 0.000000 0.000000 0.000000 0.000000 0.000000 0.000000 0.000000
0.100978 0.048598 -2.303049 2.926429 -0.931296 -2.172248 -3.307293 4.342695 10.110935 0.685365 -0.790793 0.341725 -0.947386 -0.880977 -0.673715 -0.760272 0.813537 0.474447 0.336496 1.278425 1.961365 11.025173 4.038266 -3.259150 -0.966156 115.312735 1.746545 10.071200 4.438191 0.138859 0.651593 -1.011374 -1.414254 -0.423301 -16.074578 14.248001 -0.532727 1.672909 2.470401 21.140781 -34.803987 1.922540 -2.901823 -2.121838 -0.195520 2.390319 -1.800821 0.492148 -0.055328 2.078942 0.318991 -0.810986 0.219751 0.943907 -0.542258 -6.004114 -2.603878 -0.896178 1.721813 -1.944542 8.553087 1.493179 -2.788889 0.078505 -1.076479 -1.934909 -4.511101 17.289732 1.033422 -0.731427 0.040026 1.366755 -1.492810 0.061264 3.961183 0.356637 1.203902 -0.680134 1.000000 0.000000 0.000000 0.000000 0.000000 0.000000 0.000000 0.000000 0.000000 0.000000 0.000000 0.000000 0.000000 0.000000 0.000000 0.000000 0.000000 0.000000 0.000000 0.000000 0.000000 0.000000
1.540610 -2.234030 0.751037 0.045746 0.407043 0.986989 1.115574 3.438741 8.967430 0.050487 -1.499539 0.016000 -0.300614 0.923660 1.062246 0.615793 -1.195587 -0.638795 0.142515 -0.970068 -0.661358 -1.627331 -1.013809 1.765001 0.095801 -83.878375 -1.300130 -5.034514 -3.476366 4.944677 -4.588714 3.725646 3.696567 1.245221 12.206201 -14.065869 -0.750589 -2.795457 -3.143584 -25.458498 41.554318 -2.306999 3.711773 1.697422 0.223457 7.736408 -1.583268 1.148074 -2.106475 1.829371 0.103477 -1.458057 0.644658 0.098203 -0.498507 1.785826 0.158375 -0.153122 1.579270 -1.441472 -0.233832 -0.180802 0.454643 -0.010310 0.246614 0.570529 1.327510 -2.879943 -0.154379 -0.102540 0.003725 -0.807614 -23.605348 -0.294493 14.189267 0.771810 -1.247988 -0.107039 -0.234283 1.000000 0.000000 0.000000 0.000000 0.000000 0.000000 0.000000 0.000000 0.000000 0.000000 0.000000 0.000000 0.000000 0.000000 0.000000 0.000000 0.000000 0.000000 0.000000 0.000000 0.000000
1.923073 -2.049846 2.030079 -1.645616 0.464649 1.640227 0.955796 -1.857853 -6.508837 -0.241917 0.822791 -0.231330 0.673530 1.465188 2.388422 0.391936 0.698218 0.743177 0.353338 -0.165905 -0.703111 -3.265062 -1.396140 0.869473 0.515576 16.671071 0.234347 4.631874 1.706107 0.074834 0.148611 -1.206001 -1.474369 -0.182937 -6.897729 4.131302 -0.388514 0.284666 0.627268 7.171932 -10.149879 0.590764 -2.310557 -2.161256 -0.230939 -1.981372 -0.410157 -0.400356 1.881454 -9.526462 -2.238438 0.552434 -0.890651 -1.043998 0.788551 7.209981 2.960164 0.365534 0.560405 -0.419051 -15.180180 -2.991644 3.246184 0.007909 0.668647 0.854512 6.623187 -29.062680 -1.790743 1.226926 -1.634049 -2.312857 67.734634 0.815146 -15.458121 -1.053715 -0.106328 -1.421037 0.381829 2.536074 1.000000 0.000000 0.000000 0.000000 0.000000 0.000000 0.000000 0.000000 0.000000 0.000000 0.000000 0.000000 0.000000 0.000000 0.000000 0.000000 0.000000 0.000000 0.000000 0.000000
2.179280 -1.946727 1.826744 -2.505355 -1.870403 4.369803 4.744715 -9.810619 -29.947838 -1.349148 3.547527 -0.679565 1.142407 0.641574 1.809929 1.554168 -1.376976 -0.195989 0.105719 -0.604912 -0.325628 -7.008015 -1.927558 -0.170162 0.612014 -153.382553 -2.271701 -17.255478 -6.711679 -2.740238 1.146822 1.670435 1.807838 0.345005 13.155786 -13.281674 -0.062298 -2.313886 -2.041987 -24.573838 40.512381 -2.263428 4.950703 3.338028 -0.285763 0.407877 0.927771 -0.026689 -1.575484 5.352783 1.305981 -0.584634 0.742690 0.054160 -1.001579 4.510299 1.404061 0.197710 -2.144244 3.505807 -8.794088 -1.502041 1.754075 -0.037079 1.537734 3.066826 3.487200 -11.353778 -0.669799 0.047179 -0.276169 -1.365375 -16.357323 -0.275590 4.728813 0.158623 -1.746688 -1.327198 0.044675 0.755541 0.457919 1.000000 0.000000 0.000000 0.000000 0.000000 0.000000 0.000000 0.000000 0.000000 0.000000 0.000000 0.000000 0.000000 0.000000 0.000000 0.000000 0.000000 0.000000 0.000000
0.510731 -0.140405 -1.531566 1.926992 -1.330986 -0.841009 -0.745587 -4.888304 -15.383873 0.002762 2.561830 0.267202 0.312514 -1.479268 -1.769648 -0.980543 2.901550 0.919419 -0.175944 1.295359 0.595314 4.778981 1.552018 -0.710897 -0.423006 14.186000 0.212067 2.303355 0.801458 -0.829518 0.772281 -0.294832 -0.910750 -0.330500 -4.204990 1.277177 -1.213458 -1.127514 1.847089 4.156862 -4.234781 0.235566 -1.894184 -1.917985 0.047670 0.659888 0.436148 0.141045 0.288646 5.473053 1.219586 0.795935 -0.226074 0.088654 0.097814 -1.400051 -0.150468 0.696314 -2.653206 2.611462 6.845385 1.591982 -1.662216 -0.104136 0.321079 -0.243575 -0.719265 9.166740 0.578252 -1.113572 -0.480395 -0.679258 64.422208 0.843257 -2.688790 -0.148902 0.275691 0.436406 0.007410 -0.185233 0.592355 -3.281870 1.000000 0.000000 0.000000 0.000000 0.000000 0.000000 0.000000 0.000000 0.000000 0.000000 0.000000 0.000000 0.000000 0.000000 0.000000 0.000000 0.000000 0.000000
2.104648 -3.129327 0.103385 0.276177 -1.693274 1.260813 0.888138 -4.353516 -15.112898 -0.366807 2.161261 -0.136056 0.301859 -0.954949 -0.175955 -0.571932 2.625660 1.148328 0.362889 0.927021 0.705864 8.852166 2.955711 -2.225865 -0.512248 131.212629 2.011375 4.122194 2.865111 -2.892181 2.871825 -1.665162 -1.858160 -0.833864 -0.884213 2.898040 0.061750 0.443580 1.783668 7.774590 -11.507301 0.628991 -0.412736 -0.846163 -0.744727 -4.011385 1.354999 -0.568081 1.112265 1.043125 0.292991 1.249802 -0.803189 -0.946641 1.586583 3.430704 2.132598 0.910789 2.462398 -2.419759 3.630349 0.373879 -0.741652 -0.089778 0.199350 0.283922 1.893887 -8.094881 -0.378096 -0.809246 -0.521833 -0.937653 -36.762758 -0.560872 0.492333 -0.102668 -1.572580 -1.488183 0.625698 2.823518 1.211793 -3.929220 -0.364173 1.000000 0.000000 0.000000 0.000000 0.000000 0.000000 0.000000 0.000000 0.000000 0.000000 0.000000 0.000000 0.000000 0.000000 0.000000 0.000000 0.000000
1.332397 -0.602182 0.613186 -0.698963 -0.399955 1.026179 1.292433 -5.330104 -15.999873 -0.427789 2.069401 0.180659 0.911499 -0.215244 -0.343072 -0.123371 1.979899 0.711062 0.451539 0.506191 -0.332105 1.378477 0.609235 0.098304 -0.175651 -21.002658 -0.335159 -1.131483 -0.341829 0.703631 -0.450802 1.918118 2.751375 0.550115 -3.901974 3.311830 -0.022349 0.279339 1.717585 8.267312 -13.556150 0.724758 0.703038 -0.874340 -0.787859 -7.449496 2.453140 -1.312130 1.007672 6.708584 2.111290 1.258928 0.729291 -0.133292 -1.891825 -1.670026 -0.936962 -0.458912 -1.381704 1.906349 -3.967116 -0.489239 2.240108 0.283512 0.211161 0.494180 0.766801 -9.058151 -0.502071 0.607884 0.839632 1.311542 -76.098835 -1.077200 -1.365192 -0.121353 -1.207121 -0.853760 0.458833 0.226719 -0.057246 -0.107720 -0.253532 0.073177 1.000000 0.000000 0.000000 0.000000 0.000000 0.000000 0.000000 0.000000 0.000000 0.000000 0.000000 0.000000 0.000000 0.000000 0.000000 0.000000
1.133371 -1.380063 0.511512 0.347362 0.903653 -0.072260 0.208477 3.169135 11.614153 -0.621944 -2.429974 -0.391653 -0.992766 0.144605 -0.122061 0.005888 -0.292834 0.058225 0.381489 0.337786 0.011418 0.683319 0.539715 -1.237106 0.181929 -23.479868 -0.334299 -2.759249 -0.889431 -2.728219 2.026692 -3.233119 -3.642351 -0.806179 0.453691 -0.312602 -0.166452 -0.038586 -0.480661 -0.605511 0.836921 -0.030122 -1.125887 -0.268087 0.463539 4.894909 -1.902045 0.720470 -1.041895 5.512547 1.414457 -0.059401 0.824256 0.069273 0.321069 0.990350 0.394061 0.295062 -0.462203 1.435163 0.179693 0.108299 -0.860839 -0.625506 0.456363 0.931289 -2.206178 8.005676 0.383925 0.283258 0.263103 0.153520 3.476197 -0.014773 -3.364380 -0.181528 -0.247355 0.899912 -0.656221 -1.307756 -0.935884 2.613352 0.675623 -1.016414 2.117790 1.000000 0.000000 0.000000 0.000000 0.000000 0.000000 0.000000 0.000000 0.000000 0.000000 0.000000 0.000000 0.000000 0.000000 0.000000
1.117005 -0.624828 -0.515878 0.370239 -1.585075 1.096664 0.405423 -4.904916 -17.402103 0.445538 3.260656 0.340934 0.648597 -0.844307 -0.411283 -0.538018 3.676991 1.186337 -0.794886 0.297426 -1.160198 -2.895681 -1.618445 1.591804 0.541226 14.796551 0.205258 0.321352 -0.164647 1.331077 -1.138173 1.054703 0.770050 0.497430 14.206062 -15.407719 0.073647 -2.285448 -2.336013 -17.230665 31.502611 -1.686920 -3.127114 -2.938927 1.195351 4.675741 -1.176948 0.493414 0.435801 -7.517882 -1.907873 0.089497 -0.605252 -0.993251 1.015952 11.179539 4.422631 0.609150 1.590462 -0.748541 -13.169493 -2.665478 4.443273 0.071386 0.933601 2.421986 7.752608 -32.979108 -1.946811 0.930338 -0.993946 -1.646807 38.193039 0.409591 -6.582845 -0.680304 -2.298009 -4.047090 1.641601 2.747753 1.203858 3.314583 1.173834 -1.252892 4.217901 1.317879 1.000000 0.000000 0.000000 0.000000 0.000000 0.000000 0.000000 0.000000 0.000000 0.000000 0.000000 0.000000 0.000000 0.000000
2.477440 -2.743211 2.038253 -2.368460 -1.135243 3.740650 2.973455 -4.924742 -20.431211 0.470160 3.844161 -0.537244 1.778124 0.704474 2.229085 0.189143 1.291629 0.863597 0.158610 -0.313128 0.149394 0.814325 0.289074 -0.981628 -0.402842 -30.354915 -0.429611 -5.592818 -1.068175 -4.099040 3.134635 -0.763159 -0.579297 -0.364885 -8.379214 11.921346 1.520338 3.201446 1.979558 19.914868 -35.003502 1.905275 0.500278 0.790843 -1.121796 -9.621130 2.834269 -1.386762 1.464981 -7.190354 -1.789859 -0.274038 -1.127249 1.032627 -2.032117 -8.818457 -4.367450 -1.699303 2.159828 -4.431826 15.575098 2.805954 -2.498433 0.055669 -1.838906 -3.734936 -3.657180 14.451415 0.973666 -0.830149 0.932072 1.573687 -34.901167 -0.350770 8.520130 0.754597 2.201823 2.553199 -0.975434 -2.440221 -0.974892 -3.108288 -1.643553 1.527483 -5.786893 -1.753191 -2.168391 1.000000 0.000000 0.000000 0.000000 0.000000 0.000000 0.000000 0.000000 0.000000 0.000000 0.000000 0.000000 0.000000
2.038808 -3.018258 0.635020 0.436262 -0.438202 0.911764 0.814896 -0.158459 -3.591464 0.203940 1.205275 -1.312173 0.060481 0.860321 1.752817 0.412882 -1.060364 0.021679 0.306987 -0.451011 0.136599 1.834082 0.559479 -0.928319 0.035390 27.647687 0.466366 -1.909112 0.221081 -4.497509 3.473792 -3.841376 -4.164757 -1.150795 -14.735172 14.689867 -0.535831 1.750955 0.558612 3.696584 -9.929265 0.488061 4.194203 4.089921 -0.659491 -2.581618 -0.229975 -0.292486 -0.654822 5.364766 1.482281 -0.249414 0.862261 0.147379 1.260395 -2.250367 -0.322765 0.194007 0.735737 -1.105929 -2.892450 -0.835035 -1.185620 -0.500816 0.510098 1.411827 0.683578 -2.233687 -0.182555 0.870798 0.524577 0.418851 27.726355 0.420424 -20.739832 -1.015406 3.390793 3.198749 -0.925332 -2.377692 -1.312730 -0.446999 -2.188770 1.323374 -3.758133 -1.524165 -0.679571 0.223661 1.000000 0.000000 0.000000 0.000000 0.000000 0.000000 0.000000 0.000000 0.000000 0.000000 0.000000 0.000000
0.974752 -0.025378 -0.187869 0.406551 -0.226417 0.287426 -0.132400 -0.869880 -4.866553 1.019133 1.621226 0.589763 0.703966 -0.213908 -0.292328 -0.295123 1.752061 0.383325 -0.389509 0.188384 0.388981 -1.183909 -0.201687 0.089671 -0.016457 -42.218227 -0.650374 1.317151 0.481142 -0.110766 0.117275 0.046417 0.141707 0.101980 -11.123803 10.013419 0.421134 1.993024 0.751360 14.886150 -26.470002 1.469958 -3.855564 -1.475258 0.569131 -0.211534 -1.604174 -0.245173 0.225831 1.423152 0.735316 -0.229171 0.920105 1.252917 -1.363570 -4.590308 -2.330748 -0.750985 -3.013307 3.478446 -1.587805 0.110245 0.418896 0.363243 -0.057941 -0.141723 -1.418971 4.591976 0.252765 -0.115515 -0.008601 1.358258 -28.568622 -0.373407 7.744969 0.491321 -0.520071 -0.873171 0.392167 -0.868621 -0.741220 6.733212 2.256958 -2.634382 7.652566 2.920132 1.812827 -0.728118 0.185083 1.000000 0.000000 0.000000 0.000000 0.000000 0.000000 0.000000 0.000000 0.000000 0.000000 0.000000
2.439199 -3.222274 0.628260 -0.271956 -1.887189 1.975052 1.802487 -6.385051 -20.844120 -0.592188 3.023085 -0.755938 0.727306 0.803636 1.902439 0.974694 -0.706450 0.313457 0.565446 0.366585 0.541384 2.569264 0.877147 -0.677124 0.049421 27.611351 0.420494 3.495584 1.364076 -0.544208 0.603784 -0.743814 -1.078844 -0.246912 -9.490510 6.162665 -0.663124 0.219472 0.508862 4.183044 -6.995287 0.381919 0.061200 -0.559007 -0.271161 5.423432 -1.616260 0.847123 -1.037237 -0.211609 -0.461097 -1.640756 0.121051 1.423390 -1.396181 -5.155450 -2.716480 -1.140944 1.512088 -1.826354 3.072580 0.537283 -1.351229 -0.015268 -0.812553 -2.033289 -1.848871 7.297050 0.399518 0.072231 -0.178311 0.493903 -17.584638 -0.146777 18.196235 1.102901 -0.479442 -1.960289 0.868257 0.589627 0.068395 7.151482 2.188627 -2.464194 7.376189 2.516740 2.726068 -1.552016 0.666633 1.845789 1.000000 0.000000 0.000000 0.000000 0.000000 0.000000 0.000000 0.000000 0.000000 0.000000
1.538969 -1.205673 1.272231 -1.131256 0.442929 1.072893 1.018489 0.575383 0.218494 0.416561 0.078966 0.537993 0.724611 0.115064 0.144268 -0.484078 1.247779 0.298146 0.119680 -0.045675 0.304269 1.950863 0.448213 0.221572 -0.370980 6.859481 0.088199 1.306398 0.308329 0.771345 -0.519795 1.293410 1.316685 0.152333 3.365992 -3.328887 -0.191787 -0.798415 1.351882 2.119218 -1.842940 0.104241 2.043153 -0.015224 -1.224408 -7.261318 3.514530 -1.096352 0.750052 0.914508 0.277895 0.348640 -0.284112 0.811219 -1.877599 -3.522157 -1.907676 -0.735242 -1.254775 1.301744 3.065823 0.817494 -0.841077 0.070428 0.033621 -0.696657 -0.154670 2.350376 0.199662 -0.613665 -0.144808 0.640686 -64.220716 -0.795010 19.246077 1.216486 -0.445617 -1.115770 0.385779 0.478356 0.350504 1.383947 0.084995 -0.119491 1.509311 0.587638 0.305108 0.247626 0.124442 1.285168 6.854627 1.000000 0.000000 0.000000 0.000000 0.000000 0.000000 0.000000 0.000000 0.000000
2.524775 -3.516511 0.919514 -0.485678 -2.029216 1.920856 1.501599 -6.649080 -19.877483 -0.980813 2.205952 0.309667 0.678729 0.135543 0.041420 0.248924 1.099908 0.533141 0.715947 0.574199 -0.153993 4.821142 1.677588 -0.213221 -0.256433 97.344079 1.449758 8.091055 3.367456 1.877420 -0.827964 -0.169765 -0.018097 0.016046 -8.387135 8.120144 0.085913 1.373823 1.265680 15.210320 -27.588740 1.484137 -0.643014 -0.341432 0.124042 -0.386872 0.105862 0.020220 -0.424860 4.934650 1.364408 -0.025604 0.758688 0.409408 -0.221446 -3.693992 -1.688514 -0.760830 2.310829 -2.387076 7.398074 1.079888 -3.020440 -0.401857 -0.065201 -0.636347 -0.863237 5.682147 0.311366 -0.024796 -0.303303 -0.732116 60.869655 0.805543 -12.458001 -0.641122 1.748762 0.981042 0.000684 -0.798398 -0.222399 -4.118234 -2.293074 2.071793 -5.389628 -1.878765 -2.135457 1.270569 -0.321372 -0.840117 -1.658037 0.165348 1.000000 0.000000 0.000000 0.000000 0.000000 0.000000 0.000000 0.000000
0.707863 -0.319637 -1.047027 1.455061 -1.083726 -0.718356 -0.794232 -1.906027 -6.826709 0.235328 1.384289 0.156926 -0.059092 -0.744650 -0.394996 0.258043 0.877528 0.254651 -0.045384 0.630877 0.966683 4.308441 1.558294 -1.477755 -0.263460 84.671645 1.310479 3.534035 2.459766 -3.256955 2.988161 -1.723205 -1.837255 -0.803554 -2.215388 2.931694 0.157444 0.534216 0.986041 4.946622 -7.312127 0.404945 0.340072 0.334293 -0.269328 -5.798206 2.286361 -0.796058 0.625522 3.275777 0.998603 0.950970 -0.084011 -0.140851 0.334014 -0.566405 -0.005241 0.057854 0.270694 -0.009295 1.489685 0.256499 -0.677718 0.036528 -0.289923 -0.515329 -1.311299 3.807024 0.259551 -0.344526 0.219017 0.157551 -36.858931 -0.471744 1.925741 0.196141 0.476973 -0.338819 0.426221 0.614928 0.569747 -4.118020 -1.505096 1.744885 -3.949230 -1.451515 -1.192834 0.836378 0.189660 0.784764 4.556341 1.040290 1.020217 1.000000 0.000000 0.000000 0.000000 0.000000 0.000000 0.000000
1.834056 -2.604341 0.317016 0.034302 -1.253555 1.404820 1.158025 -2.559220 -10.354527 -0.033109 1.873604 -0.600308 0.202611 -0.110555 0.665371 0.504646 0.185636 0.216384 0.113155 0.110601 -0.174692 0.302400 -0.286061 0.654698 -0.083439 2.656125 0.044633 -3.985248 -1.469379 -0.834023 0.473176 -0.179730 -0.335027 -0.165950 18.131154 -15.074007 0.246881 -1.994789 -1.366013 -15.934583 27.046226 -1.496092 2.515602 1.441115 0.177172 -0.228090 1.334411 -0.058315 -0.891015 6.070518 1.662112 0.584065 0.645817 -0.051493 -0.011394 1.187039 0.398761 0.366515 -1.677914 2.735130 -4.970722 -0.703971 -0.103556 -0.867043 1.836999 2.821292 3.177240 -10.640005 -0.606766 0.205114 0.196581 -0.758268 23.237918 0.250569 -3.755356 -0.319642 -0.985977 -1.746925 0.506601 0.808282 1.054317 -1.381855 -0.130691 0.512513 -1.085129 -0.609271 0.016257 -0.110201 -0.343407 -0.264620 3.760431 0.284341 0.251923 -0.370625 1.000000 0.000000 0.000000 0.000000 0.000000 0.000000
1.379463 -1.033821 0.489777 0.016574 0.327853 0.187940 0.348591 -0.398578 -2.271929 0.001869 0.362031 -0.132387 0.475991 0.234098 0.362163 -0.165348 0.381331 0.259640 0.433832 0.127159 0.508011 3.839019 1.167190 -0.788456 -0.094432 61.418740 0.930528 5.495387 2.276190 -1.001019 1.124856 -0.995905 -1.526044 -0.444707 -6.876132 3.158572 -1.049198 -0.649972 1.701096 6.265630 -7.425692 0.432749 -1.096798 -2.487240 -0.875307 -1.638371 1.127376 -0.228350 0.720507 2.592760 0.632442 0.654765 -0.175168 0.276959 -1.651105 -0.171549 -0.409749 -0.155088 -2.372915 3.143334 -0.001437 0.311455 -0.281003 0.161758 0.415553 -0.375660 0.001648 1.512560 0.090350 -0.299349 -0.408726 -1.276286 25.089224 0.278374 0.144038 -0.032653 -0.700523 -1.287872 0.594096 2.130750 1.386361 -3.475011 0.698983 0.326778 1.108439 0.322337 0.330946 -0.239957 -0.702008 0.176465 1.408863 0.022997 -0.247440 -3.030254 -0.209148 1.000000 0.000000 0.000000 0.000000 0.000000
0.051191 1.300375 0.500019 -1.178211 -0.338222 2.104508 1.717656 -1.118956 -6.516907 0.848865 1.726975 0.347079 1.117387 0.834635 1.406689 1.019595 0.348520 0.296816 0.139082 -0.222354 -0.401712 -8.208308 -1.713303 -1.316049 0.303456 -147.872916 -2.209824 -12.276004 -3.612904 -4.052211 2.898804 1.054159 1.949030 0.309240 -7.340406 10.781828 1.519807 2.921046 1.424389 14.182542 -26.727240 1.439811 1.235965 1.279040 -0.722383 -6.977956 0.801193 -1.211814 0.828888 -3.435670 -0.533132 -0.509351 0.277792 0.262243 -1.239083 -2.640690 -1.540931 -1.056576 -0.159835 0.035153 -8.040138 -1.519720 1.800890 0.304856 -0.035043 0.626989 1.233008 -7.477663 -0.410861 0.447202 0.530202 0.569261 -51.001974 -0.608193 0.409466 0.112577 1.239482 0.960320 -0.480770 -0.706561 -0.286831 -1.770718 -2.080054 1.670376 -5.905570 -2.088775 -1.449924 0.626339 0.414617 0.220348 -1.002619 -0.093258 -0.205426 2.497007 0.079474 -0.824474 1.000000 0.000000 0.000000 0.000000
2.084510 -3.174034 0.018935 1.004813 -0.876711 -0.131178 -0.154833 -2.619891 -8.410254 -0.008567 1.492149 -0.268326 0.072362 -0.693634 -0.498692 -0.856261 1.723423 0.580434 -0.338306 0.313278 -0.094286 3.503852 0.247100 1.323771 0.189926 143.865675 2.151661 12.214758 4.548031 2.739533 -1.589572 -0.184450 -0.346286 0.120814 -12.806549 6.733772 -1.722315 -0.748012 1.940290 9.155029 -14.150299 0.762907 -1.156731 -2.466001 -0.533696 -0.460823 0.767424 -0.042219 0.093797 7.606089 1.838656 0.467576 0.397444 0.543755 -1.357897 -3.906128 -1.766283 -0.249556 -1.710037 1.824670 8.035527 1.701245 -2.645328 -0.440047 0.629134 0.230818 -1.486022 10.367717 0.624347 -0.619724 0.062489 -0.773875 53.743019 0.679116 -4.399081 -0.206198 0.493222 -0.664174 0.604141 1.797889 1.848184 -8.063594 0.020558 1.589748 -1.603915 -0.603211 -0.053932 -0.195646 -0.357774 0.527981 2.694961 0.363469 0.644529 0.105081 1.142405 0.333603 -1.114774 1.000000 0.000000 0.000000
2.095591 -3.219900 1.506221 -0.843958 -0.486202 2.201670 1.633336 -0.401180 -1.412554 -0.608818 -0.016996 -1.117902 0.041963 1.019062 1.159716 0.400509 -0.245210 0.390674 0.546804 0.172567 -0.982187 0.752518 -0.131504 0.250626 0.642735 126.436118 1.906449 10.157966 4.280903 -1.030761 1.440019 -3.393373 -3.998700 -0.783003 0.612442 -4.884137 -0.992611 -1.776004 0.083971 -3.348769 10.453733 -0.535222 -0.295341 -2.608093 -0.237269 -1.513766 0.492058 -0.197087 1.123616 1.801688 0.501140 0.745737 0.187258 -1.086710 0.025876 4.388353 1.833705 0.373186 -1.360213 2.164237 -14.163304 -2.576385 2.638157 -0.197324 1.281180 2.220029 4.450476 -18.809164 -1.203986 0.874873 -1.066502 -1.906058 52.286145 0.576204 -6.524715 -0.561764 -1.620345 -2.219825 0.915486 3.030731 0.744616 3.331382 2.346213 -2.115946 9.329802 3.292775 2.850604 -1.497671 0.610294 1.582949 0.216952 0.282666 0.584597 1.357102 -0.346746 -0.354654 0.025657 0.088045 1.000000 0.000000
0.061704 0.564725 0.100334 0.150668 0.170908 -0.025035 -0.596354 -1.030524 -4.725963 0.832508 1.656152 0.141366 0.988269 -0.093410 -1.078085 -1.088109 2.265709 0.684775 -0.401795 0.612637 0.126678 7.209211 1.483365 0.625873 -0.315080 132.065888 1.974012 8.222160 2.497173 3.942573 -2.843262 0.341382 -0.306916 0.328977 3.057805 -6.640331 -1.237321 -2.107742 -1.786814 -12.831850 22.005722 -1.190010 -5.445738 -2.639931 2.382004 12.139352 -3.759289 1.816098 -0.963581 -1.781006 -0.687706 -0.002404 -0.333734 -0.415362 1.786532 6.284313 2.820200 0.696429 1.726183 -0.767498 -2.902704 -0.695645 -0.097017 -0.698837 0.703508 1.021561 1.727618 -6.279706 -0.440907 0.415524 -0.574582 -1.664140 72.129355 0.867411 -11.709448 -0.881200 -1.017992 -1.858784 0.861812 1.490843 0.577569 1.694689 1.043209 -1.041674 3.304464 1.017420 0.653025 -0.098232 -0.349576 -0.504731 -0.811296 0.106066 0.381294 1.404492 0.019816 -0.492930 0.387624 0.005687 0.133725 1.000000

U matrix (upper triangular):
37.454012 95.071431 73.199394 59.865848 15.601864 15.599452 5.808361 86.617615 60.111501 70.807258 2.058449 96.990985 83.244264 21.233911 18.182497 18.340451 30.424224 52.475643 43.194502 29.122914 61.185289 13.949386 29.214465 36.636184 45.606998 78.517596 19.967378 51.423444 59.241457 4.645041 60.754485 17.052412 6.505159 94.888554 96.563203 80.839735 30.461377 9.767211 68.423303 44.015249 12.203823 49.517691 3.438852 90.932040 25.877998 66.252228 31.171108 52.006802 54.671028 18.485446 96.958463 77.513282 93.949894 89.482735 59.789998 92.187424 8.849250 19.598286 4.522729 32.533033 38.867729 27.134903 82.873751 35.675333 28.093451 54.269608 14.092422 80.219698 7.455064 98.688694 77.224477 19.871568 0.552212 81.546143 70.685734 72.900717 77.127035 7.404465 35.846573 11.586906 86.310343 62.329813 33.089802 6.355835 31.098232 32.518332 72.960618 63.755747 88.721274 47.221493 11.959425 71.324479 76.078505 56.127720 77.096718 49.379560 52.273283 42.754102 2.541913 10.789143
0.000000 55.663210 25.293139 45.833482 89.447431 23.620209 40.550889 68.286677 17.835616 1.756266 28.802412 7.983220 85.984400 79.030214 61.814608 85.607037 77.814187 14.253561 85.631273 51.490402 75.609709 88.438580 29.348843 7.930901 18.966447 36.122048 80.125933 81.757908 -4.275979 50.684946 36.642944 20.779844 11.440662 25.799032 86.187959 25.536702 49.322924 69.482289 30.621282 93.484710 95.220657 21.022999 49.436283 22.457353 26.312521 -1.870799 58.340739 45.903800 0.560207 26.313457 82.690409 17.451734 6.605769 41.436416 93.547823 16.469705 66.470978 74.517390 23.384234 70.091656 33.516764 60.953583 56.398697 50.583806 6.671541 78.976266 30.895454 11.920290 3.451929 50.807924 61.276216 -0.008721 51.162967 15.806709 58.585751 11.319247 62.621730 38.052196 90.664967 12.779790 26.863983 6.117004 89.692662 87.200591 23.184584 63.269659 75.599798 50.170077 45.520095 20.222681 8.306713 83.736449 83.657749 58.600240 27.433480 30.777318 68.209104 86.123355 88.495340 77.082194
0.000000 0.000000 -39.084844 114.496834 282.260877 39.763930 112.785379 107.478303 -53.013253 -100.419545 131.318473 -74.904671 161.246843 205.465757 211.686064 229.985074 196.448427 24.272971 228.686270 177.970059 170.818519 278.480279 40.779329 -4.008492 1.004151 -9.897262 285.553361 178.171905 -24.219068 195.884768 77.080528 78.730643 78.305825 -41.770533 93.309077 4.576812 112.812294 178.615426 32.280913 201.833225 337.518819 68.883398 222.857900 -56.502838 30.246097 -25.931344 151.376002 134.974016 4.201142 126.676194 92.840715 -45.905437 -57.592200 -6.644283 174.205813 -56.616030 263.011564 242.915126 114.182695 148.568597 87.937856 221.736682 28.545679 131.131333 58.104296 200.336545 131.329796 -34.164880 32.754477 1.263188 118.700371 46.923548 227.821300 -4.571857 92.636693 -43.384433 121.496804 157.960650 260.492097 95.201904 15.639861 -56.060753 229.879591 240.626938 68.894866 123.528211 131.404402 84.278989 2.961796 34.287794 5.614013 113.976541 184.133970 102.516901 -43.279469 53.035790 176.784681 187.426340 303.650606 204.068922
0.000000 0.000000 0.000000 98.051574 192.324330 104.679245 96.066729 42.141749 23.435501 -50.184252 109.521367 -60.682460 35.588063 172.039659 176.273122 157.215725 110.328560 15.851329 98.958384 101.373646 104.791232 189.634489 67.786440 14.592557 76.220498 30.458776 183.421180 112.817770 20.885157 116.895261 51.711476 110.421659 43.965611 -47.584183 -9.141095 -22.421791 120.292403 136.877105 37.253643 69.627289 201.642091 70.834615 128.297313 -22.575053 37.312932 36.684281 117.110503 53.379151 32.285600 124.670898 38.723228 32.128770 10.170062 -30.225484 46.456266 2.338403 127.119702 162.523114 151.900033 100.661080 67.359974 163.016768 12.672264 99.764915 123.797948 106.482255 158.585508 48.361806 37.672873 -42.374787 33.661738 30.036109 122.852153 42.669270 16.348273 -14.914676 108.962073 78.136535 183.135058 80.192072 -9.090329 19.699065 145.470598 182.892732 97.989770 111.852129 50.457672 28.467175 32.047769 82.244660 95.131362 46.397220 88.012048 95.385861 -24.826327 99.117042 146.195092 98.707003 211.397043 153.149479
0.000000 0.000000 0.000000 0.000000 -99.694249 41.115073 -22.469726 -105.265828 47.674224 -6.872110 -16.649522 67.274102 -27.867622 -62.845436 -36.884526 -78.751552 -81.543006 0.028196 -53.113428 -3.998243 -37.495999 -50.773958 -43.203836 27.555470 -41.874310 -13.869862 -76.361535 -33.435121 19.289391 -61.990070 -51.142850 30.833664 41.717065 -38.768076 -112.810338 22.492203 -75.216916 -18.593486 11.083069 -117.251506 -128.775748 50.704715 -35.620196 -11.706944 38.337599 71.417809 7.321324 3.210061 16.441529 -44.675178 -47.937818 7.341416 5.331865 23.346257 -115.534383 2.697132 -91.518651 -64.819435 -45.320222 -90.525429 -46.440778 -33.990371 -14.429821 -22.881628 61.110510 -80.485830 -34.275053 41.533633 10.824333 18.079030 -92.641042 87.801995 -68.816925 40.889252 -34.010300 67.399032 -101.020285 1.003594 -40.842920 23.498628 10.334601 40.143265 -84.864689 -63.504427 8.327515 -7.185751 -107.143940 -49.466198 12.725868 39.524254 16.326369 -58.443699 -98.932550 -77.421478 -3.504276 -29.247839 -54.332741 -114.316778 -32.202582 -13.205518
0.000000 0.000000 0.000000 0.000000 0.000000 77.565624 93.830746 -58.102529 118.758149 32.176804 33.049497 -55.078457 -54.935715 75.518803 -37.337470 -34.389181 -32.456968 -3.945760 -19.878231 -75.102079 -33.718405 -14.578951 95.894857 56.314417 85.927962 12.413139 -60.790135 -36.238839 -63.377242 14.648230 -22.151750 104.790059 57.219390 -56.385703 -64.389087 -16.352712 66.065651 32.581180 -24.757727 -93.695792 -23.970800 -6.606821 -68.471192 -0.862608 71.145064 -14.018464 -19.302901 -57.689199 -25.822803 22.933709 -45.409096 63.148088 -23.688586 -26.968995 -30.151360 -21.055664 -115.677583 -70.016176 76.599179 21.844781 -0.068387 -60.986483 -45.799282 -49.706999 31.495344 -60.484560 25.236792 10.130014 73.567757 -64.916759 -104.339536 26.313022 -61.055578 -6.994244 -28.657639 44.657898 -87.467497 22.372809 -18.986698 -22.037019 -79.242008 90.812989 -16.312202 31.197779 44.872040 29.407952 -115.551321 -92.066612 -28.219347 -0.168866 77.783915 -6.817318 -129.433977 -17.656909 42.167518 23.198665 -7.125805 -62.831019 -22.998067 8.228390
0.000000 0.000000 0.000000 0.000000 0.000000 0.000000 -69.816697 36.784077 -63.783808 8.180265 -22.713243 112.035756 74.104751 -67.435726 133.583548 119.921839 16.225470 11.674045 71.365263 145.911602 31.599576 38.261568 -68.145298 -11.590662 -31.507727 6.038972 96.233417 98.637548 59.171565 -1.872342 62.033760 4.038365 -0.015905 59.602241 2.927508 30.553866 -24.166070 3.321687 37.914496 86.006445 0.826060 43.824767 86.134430 0.635661 -51.061893 110.413476 86.961657 105.347317 95.158170 23.569009 13.194855 -20.424307 60.010135 72.074932 17.227661 11.394465 120.067586 100.543456 -1.181924 12.312743 16.122485 159.791350 79.962820 69.465394 9.596816 42.482246 11.632238 6.692380 -52.915195 57.058448 66.777940 77.031552 54.953451 53.023017 30.351208 45.427184 63.998932 13.732915 114.261040 118.747479 129.442307 -65.930464 15.135437 42.023237 56.288165 33.470717 122.522492 85.653294 91.622327 32.362418 -18.942021 13.450379 133.969260 19.012163 -59.261206 34.115568 23.180959 85.786783 53.252505 55.276304
0.000000 0.000000 0.000000 0.000000 0.000000 0.000000 0.000000 21.876691 -76.032633 -88.885754 57.288878 -68.384487 22.105866 38.677847 -134.607470 -50.462399 110.807313 33.234347 -72.522020 -34.495690 100.072189 21.078535 -93.341153 -24.204115 -128.114577 6.456290 -57.117991 -9.801385 -29.921502 -24.754936 -137.738207 -113.571501 -14.635352 -49.409732 80.941446 30.142663 -95.874088 80.620208 -2.511715 35.352565 59.336352 -30.207336 54.415976 -21.680742 30.441539 -111.903231 -38.016776 -34.651486 -102.164533 -83.888900 56.924358 -47.133686 -100.983695 -53.902669 1.244742 27.835909 34.546411 5.765322 -105.429022 -15.914451 -70.022634 -154.375631 -45.898352 45.156635 -59.659650 60.911353 -25.510902 20.603154 -17.463827 104.614877 -2.525198 -69.446413 9.079333 -84.113870 52.897226 -159.303953 -28.665562 30.415030 -74.395863 -112.845096 -71.249229 -22.193372 31.202086 -60.223176 -189.081198 19.386281 -20.920839 13.536630 -81.711670 42.539548 -94.124973 43.931222 -14.941313 3.073703 -6.710795 -75.300341 34.980941 -18.668810 89.411366 54.873221
0.000000 0.000000 0.000000 0.000000 0.000000 0.000000 0.000000 0.000000 24.695029 31.721497 -56.492030 211.631194 52.136978 -66.841295 296.532655 160.300019 -101.104649 -80.350285 154.182333 162.047060 -72.237398 -6.691580 16.818670 -6.320987 42.427370 -6.636032 139.226994 92.523252 72.316108 36.562640 156.479956 91.791309 1.630202 48.199773 -66.873344 -28.747316 86.030949 -77.957610 30.346425 94.949655 -132.296209 84.834257 -16.607061 37.332007 -67.315739 156.222094 107.213029 197.580796 131.406260 61.301153 -66.225074 -17.475702 54.908731 201.522105 33.136552 -118.898577 25.241895 78.176054 37.435363 -31.587479 106.646219 301.525875 153.674346 -5.938780 41.533104 -34.530691 -68.253634 -124.778116 15.265555 5.972556 45.877711 136.429219 73.278362 89.027924 -73.774926 204.778552 48.648356 16.870987 133.201598 194.931634 147.781559 -53.223278 -50.614561 91.876181 274.996418 -20.389421 135.455368 40.585894 125.989683 -91.649426 95.503616 24.780657 151.514066 -41.349450 -10.684877 7.529551 -98.807318 141.411888 -83.025559 -28.781700
0.000000 0.000000 0.000000 0.000000 0.000000 0.000000 0.000000 0.000000 0.000000 96.686372 180.870978 -1080.071531 -283.975506 256.779613 -1442.686501 -803.276514 345.875146 486.466401 -663.262546 -881.806970 234.527965 -2.936820 184.628659 145.550707 71.250053 -6.512722 -688.516428 -488.615038 -322.413222 -163.814096 -566.260596 -258.840718 85.678259 -57.757452 267.652618 125.002370 -327.274873 302.998602 -191.488654 -567.964366 664.965118 -442.960560 18.420974 -102.805580 296.910171 -689.489480 -565.609671 -1039.049483 -455.171048 -139.197146 331.273846 245.277407 -51.262550 -996.892983 -120.275169 686.926224 -153.474326 -500.161968 -2.234395 313.977568 -484.825137 -1389.576719 -779.073309 -59.479735 -164.666481 86.238501 501.460799 691.923341 -57.410748 -253.610446 -159.517430 -594.292280 -411.923725 -337.559771 341.937583 -827.448299 -159.296984 -220.565982 -585.714869 -848.569794 -644.639535 385.581736 227.686456 -430.442950 -1169.366190 87.895837 -645.671933 -200.813159 -523.997353 480.240619 -341.636864 -202.958297 -821.323801 295.979999 90.388235 133.622472 570.395931 -780.404253 320.043843 40.065682
0.000000 0.000000 0.000000 0.000000 0.000000 0.000000 0.000000 0.000000 0.000000 0.000000 -230.440914 1162.695274 414.003308 -378.822294 1430.769293 855.763902 -406.648502 -406.463918 807.592231 902.593756 -249.947958 -2.193142 -113.898669 -14.347130 -12.974222 -49.873089 734.173792 547.782746 260.165094 234.297192 587.263657 364.383338 37.116902 79.105862 -336.993382 -23.635496 274.656854 -279.375639 139.166621 514.693186 -620.214160 484.466259 25.883431 75.038125 -212.810046 776.154606 578.757070 1016.994353 571.553364 126.004723 -312.291538 -240.754814 142.443288 1028.394443 205.322570 -692.026408 245.813475 470.867232 38.506961 -243.938448 510.838799 1473.839077 782.454443 39.170309 144.717595 -82.332063 -500.939160 -715.015686 66.725126 197.841770 133.796271 734.465274 362.731087 317.231543 -200.838722 939.450030 43.507434 311.219722 632.564861 1004.125018 763.575737 -418.217438 -229.841440 492.715856 1233.204934 -60.226145 624.768800 180.146967 598.542321 -490.285094 336.951142 175.928330 776.854511 -325.211843 -139.873677 -127.464925 -586.265043 692.884842 -268.128892 -21.679492
0.000000 0.000000 0.000000 0.000000 0.000000 0.000000 0.000000 0.000000 0.000000 0.000000 0.000000 383.244790 154.643836 -162.456049 447.991777 313.827675 -146.529806 -23.192745 274.397292 330.776099 -28.210032 41.390453 -32.917120 93.075402 -34.546441 -41.179750 175.729549 193.866735 40.581978 68.933237 199.109716 173.831130 101.446807 9.650726 -113.608794 16.892024 71.274945 -45.243282 35.327594 185.275759 -164.452178 147.802128 110.672194 -0.787523 -60.635360 325.905388 239.680848 404.479207 269.090152 89.857337 -133.366455 -59.334335 34.413963 363.804233 74.468874 -215.459154 112.274822 192.580185 56.454159 -99.647066 167.811204 437.454647 206.923503 58.343933 -28.394975 -2.894649 -127.368999 -241.742585 17.222117 81.334434 26.085074 436.864027 157.710098 57.474506 5.609237 337.846272 -68.047625 157.550884 260.795175 410.106267 338.608068 -155.303364 -82.707921 194.384492 338.809342 62.830874 205.292809 26.084802 146.313996 -108.559001 19.541746 59.369927 199.633083 -132.703122 -127.066538 -12.530833 -141.828412 256.345952 -19.775945 17.123425
0.000000 0.000000 0.000000 0.000000 0.000000 0.000000 0.000000 0.000000 0.000000 0.000000 0.000000 0.000000 -222.493232 95.109528 267.875152 -17.460038 -95.414724 -82.651084 -80.778494 -0.261091 9.881633 -12.953624 25.200174 -120.657517 -27.375589 46.274467 -40.266435 -75.508202 313.362738 -152.838053 201.970704 -142.908906 -211.863754 92.827744 133.635813 -269.552936 154.166433 -108.814416 140.492010 208.773861 -176.597956 -8.241809 -32.259097 209.931680 -217.698449 -36.524012 15.970463 179.602858 58.185047 134.441746 38.621744 22.353973 -85.369331 158.401697 -42.309193 -5.065827 -145.909020 69.924608 -112.108559 -94.894790 12.874376 118.866872 122.340704 34.416244 -24.658444 -90.195078 7.942560 -52.402132 -25.683432 53.255070 244.931248 -29.799392 235.497394 52.340764 -339.597995 -33.317842 330.012827 -260.810908 -20.047445 -69.623406 4.228968 67.708801 -48.935407 -121.372548 101.953058 -53.075573 223.751458 120.496077 -44.298782 -34.523742 119.432350 40.355401 195.838118 111.050756 124.826534 -15.350374 -19.794681 233.877849 -136.688057 -108.543778
0.000000 0.000000 0.000000 0.000000 0.000000 0.000000 0.000000 0.000000 0.000000 0.000000 0.000000 0.000000 0.000000 -76.409413 -292.493418 -60.033052 30.601740 52.408288 -165.615853 -120.512985 -148.260018 -106.046581 8.825413 53.719671 146.249793 -24.891800 -42.541840 -39.336588 -238.919299 150.759092 -198.888784 123.649932 72.394292 -115.704668 -190.048797 209.404697 -101.091618 1.880440 -179.575553 -383.323836 96.762268 -9.737819 -3.386123 -213.894410 215.112110 79.493375 -83.985955 -295.514166 -24.602263 -139.481299 -146.703053 -2.482209 132.178238 -259.983992 -104.150959 52.335011 92.274154 -82.751954 201.223111 -28.581879 106.101512 -226.491311 -184.203017 -48.839124 134.336604 3.117636 38.802258 116.072575 23.115648 -201.820423 -278.761100 -100.260472 -229.345924 -38.400597 220.730206 22.473521 -313.842801 232.038470 -136.307017 48.679477 -99.339942 -84.294044 30.671116 57.177991 -90.795124 -55.497252 -293.286036 -242.215547 20.817684 0.842398 -92.227517 -215.061208 -296.320790 -141.883471 -163.370677 98.378509 -70.115985 -285.493398 -0.681345 -9.887742
0.000000 0.000000 0.000000 0.000000 0.000000 0.000000 0.000000 0.000000 0.000000 0.000000 0.000000 0.000000 0.000000 0.000000 199.306760 106.647576 -40.735281 -105.457592 115.886271 204.154714 158.915938 111.693498 -184.534514 -38.005618 -181.697272 124.609220 -17.447638 97.333035 155.008380 -80.211612 93.214695 -180.978584 -90.105621 -17.183353 119.645727 -162.521282 48.877833 61.023556 182.500877 321.500166 14.444463 -7.000757 57.304551 91.590851 -21.872953 -23.953319 152.247794 200.394884 -0.537133 51.419590 134.934924 -51.406876 -109.764220 160.157606 53.180944 -17.209790 -61.606412 160.032960 -238.168601 -18.866321 -121.549746 161.109587 126.187059 108.120871 -102.514627 -15.992126 -65.574405 -106.939133 4.437896 273.486919 133.474575 147.028056 166.209573 -41.520171 -59.481374 -45.732658 151.410668 -18.162957 120.808937 -41.139941 163.557561 -34.632075 13.156377 -36.747426 -72.976524 112.008320 135.968005 203.320621 -39.396712 -21.163351 -27.013000 164.058915 211.732071 26.545977 124.094925 -104.853095 -6.907759 227.885692 47.089696 141.430687
0.000000 0.000000 0.000000 0.000000 0.000000 0.000000 0.000000 0.000000 0.000000 0.000000 0.000000 0.000000 0.000000 0.000000 0.000000 -111.209712 55.744644 15.821853 -68.611743 -80.642942 -130.638444 8.390594 137.336307 -119.787095 95.019726 -90.305184 75.073097 -88.555747 106.590794 -12.342229 -16.652930 32.212517 -22.784863 76.078500 -24.450645 -71.784585 -14.778252 -48.999976 -79.581266 -25.086517 -81.176600 -25.332787 -105.418214 40.679933 -76.876754 -86.287893 -67.773127 -45.644927 -93.407782 26.639720 38.032097 42.103619 85.878957 33.029321 -41.409241 -26.800148 13.184174 -99.529857 103.721200 81.480989 31.136264 4.982683 72.332991 -87.874451 135.001526 11.399208 60.533575 -1.165896 -2.449776 -124.616592 75.339437 -270.529189 -1.145552 131.540369 -177.857155 -72.578379 128.746303 -192.613564 -58.220608 -39.841841 -170.920159 68.528869 -20.164502 -9.677898 207.930110 -149.285733 107.348472 13.792903 63.434229 50.046587 213.717881 43.331587 10.453087 61.180086 56.301380 29.236672 11.703859 -66.260745 -109.128086 -94.778339
0.000000 0.000000 0.000000 0.000000 0.000000 0.000000 0.000000 0.000000 0.000000 0.000000 0.000000 0.000000 0.000000 0.000000 0.000000 0.000000 48.288053 -142.195831 37.460358 64.890363 -10.103625 -8.043477 -88.683186 -11.181232 -74.940709 107.493974 36.018575 11.990237 2.979220 66.522547 -16.746213 -152.997092 -87.100398 -97.656692 34.653916 -81.639371 24.362175 -10.246830 119.832489 75.928837 76.413920 58.731167 -57.199882 -18.732947 123.981596 -34.907255 -0.531086 -87.852661 -115.846463 -61.199135 51.268924 -105.565304 -47.555513 -65.859330 -8.685586 -0.885299 -33.459341 29.234692 -119.706311 -5.853497 -8.105419 55.798008 107.486017 -1.235506 124.955555 18.754668 -114.481696 -17.161982 22.070042 88.505777 -50.996255 -101.869940 18.960309 -3.418569 53.958778 -95.639307 -51.339330 88.526515 -93.199898 -57.669083 -49.627318 2.568049 76.306574 57.659588 -56.582021 18.253530 -45.615637 46.242969 17.631683 -65.002670 43.906109 33.130335 33.251032 -64.103444 117.122928 -139.607896 -181.353293 -62.925058 36.527520 95.749483
0.000000 0.000000 0.000000 0.000000 0.000000 0.000000 0.000000 0.000000 0.000000 0.000000 0.000000 0.000000 0.000000 0.000000 0.000000 0.000000 0.000000 365.373880 -148.616057 -295.855122 -308.942444 -69.275063 509.889922 -145.907600 424.988305 -444.187388 76.233271 -74.030745 90.831658 -87.417204 24.694399 515.960682 223.281387 416.568556 -182.653938 132.226805 -62.635297 -123.194565 -439.199357 -229.121205 -312.632735 -95.462683 3.696317 30.771658 -466.206042 12.740229 -176.166728 140.835779 234.673065 171.585093 -218.713892 261.841749 213.886517 148.373331 -45.135027 29.767813 234.483756 -223.332380 521.611923 135.570322 197.285237 -41.742140 -139.815294 -122.038166 23.495580 4.137961 401.024834 101.074470 -88.437840 -480.986732 174.043426 -126.662332 20.959245 310.753773 -345.013554 181.824516 305.115514 -512.770353 90.366517 225.904248 -237.215413 161.724692 -183.541219 4.708406 533.821385 -196.904860 343.439869 -120.172562 106.868146 257.383912 231.316435 -58.295685 -94.871957 227.073753 -328.537105 365.369473 413.719372 1.128279 -238.796944 -448.222565
0.000000 0.000000 0.000000 0.000000 0.000000 0.000000 0.000000 0.000000 0.000000 0.000000 0.000000 0.000000 0.000000 0.000000 0.000000 0.000000 0.000000 0.000000 182.786087 -76.737461 -35.016262 -69.185704 237.518035 181.570143 78.050811 -17.269798 44.629597 -24.090067 -116.069358 31.723642 212.853436 96.993472 115.240647 147.666831 92.936740 11.082035 56.188735 -109.598777 83.542492 -13.996018 -9.223121 46.743467 -134.578996 106.495507 -65.708187 -63.610710 -122.691335 3.610965 69.537683 132.632812 -97.900597 65.801180 77.161204 15.933366 105.092598 -50.976502 -46.801524 -132.411710 112.278279 90.899098 73.692873 90.382857 -2.344734 -110.094417 92.738002 98.327461 -95.068896 -11.737590 -15.246340 -82.950649 55.454868 -3.050235 -57.583603 48.593541 45.154439 139.506623 18.075418 -74.652503 3.757311 -1.056455 38.549058 148.602958 8.476408 82.091455 35.260560 -42.341815 -54.141270 -29.276082 80.129007 -13.396082 30.485422 -53.253621 37.101460 -5.017463 87.858124 13.549548 6.254190 -52.087353 34.823227 -74.941613
0.000000 0.000000 0.000000 0.000000 0.000000 0.000000 0.000000 0.000000 0.000000 0.000000 0.000000 0.000000 0.000000 0.000000 0.000000 0.000000 0.000000 0.000000 0.000000 218.876667 332.283293 89.465856 -275.214669 86.463759 -214.467541 196.088813 -204.604158 64.109774 71.704702 -175.024439 148.634769 -169.536982 28.508474 61.275832 241.038221 16.266126 -70.888934 168.186090 259.350544 110.786346 74.675717 -69.326685 199.706507 134.023496 124.056366 24.181585 211.223280 165.531484 69.982311 85.415942 93.759018 22.271708 -16.632402 78.480678 11.287955 189.367427 -100.492473 153.311120 -248.877572 -44.231327 -248.534180 -99.285749 -39.415535 176.626754 -105.185181 -20.469977 -39.156170 96.954923 0.214769 321.832201 78.009233 379.465485 49.973848 -116.681409 82.025499 125.969092 11.040619 125.614102 231.665516 -110.718924 325.464368 -10.273377 55.357615 -221.997332 -469.217908 108.494856 -99.426077 167.231254 -83.332685 102.103430 -291.010411 -58.705520 77.920700 -61.262469 175.575308 74.374268 187.608446 129.925054 146.677903 251.179340
0.000000 0.000000 0.000000 0.000000 0.000000 0.000000 0.000000 0.000000 0.000000 0.000000 0.000000 0.000000 0.000000 0.000000 0.000000 0.000000 0.000000 0.000000 0.000000 0.000000 -161.114732 -70.970883 193.244144 23.737071 83.460541 -66.999949 108.284536 8.316916 -134.941627 188.402514 82.860807 120.562587 69.734936 46.880540 -36.032406 5.312104 53.281213 -193.067823 -4.192267 -141.601768 69.423307 133.904440 -42.368878 -127.537620 69.368426 111.053034 -107.563935 -20.988402 37.208222 -3.061580 -191.081454 -66.112703 -31.492020 -67.972870 -3.182799 -29.977580 38.796335 -45.609713 175.956559 -49.311619 173.562608 62.605037 36.513453 -79.145284 190.630221 55.483597 -72.405946 10.555933 -1.147531 -191.428202 -56.579586 0.596639 20.855938 152.559053 94.806010 164.464038 -171.795085 100.771322 -43.599103 144.466192 -148.287969 23.910853 65.687581 220.637346 128.210231 -29.379316 -131.209481 -112.176579 77.614115 -85.177402 50.037158 -91.957461 -131.882912 -104.828353 -61.261668 22.371024 -176.122261 -106.376315 18.793066 -92.853461
0.000000 0.000000 0.000000 0.000000 0.000000 0.000000 0.000000 0.000000 0.000000 0.000000 0.000000 0.000000 0.000000 0.000000 0.000000 0.000000 0.000000 0.000000 0.000000 0.000000 0.000000 17.423811 53.767000 77.174129 44.233840 -21.325105 44.083530 -51.838229 -137.940665 0.746965 -165.621194 36.780312 59.810604 -121.857866 -132.796348 93.089223 -47.206656 71.598157 -140.016865 2.773286 -32.464139 -11.379563 -51.907908 -96.895549 -42.789588 66.143970 20.092518 -64.420782 -48.727310 -8.447051 -81.214446 -25.947149 40.629023 -2.139828 -64.865960 -148.968121 -51.553514 -54.634990 84.471341 19.757714 31.488839 -2.775238 -44.139781 -5.108916 -77.128223 63.711800 -4.286296 -92.134110 16.467961 -62.297755 -153.388758 -44.583947 -190.482678 -56.530732 29.429446 -0.286069 -147.694324 32.398774 9.154826 40.517069 1.181720 -88.403107 -121.858389 74.198385 79.664869 93.158162 13.473069 -72.827454 46.408216 1.682899 6.340753 65.367998 -36.970104 -10.334988 -161.944138 -37.454827 -35.479286 28.507405 30.016909 -20.380322
0.000000 0.000000 0.000000 0.000000 0.000000 0.000000 0.000000 0.000000 0.000000 0.000000 0.000000 0.000000 0.000000 0.000000 0.000000 0.000000 0.000000 0.000000 0.000000 0.000000 0.000000 0.000000 -235.976723 -345.376504 -244.212863 -31.792571 -220.570175 203.706528 399.794271 -45.888881 358.881366 -148.319234 -53.686434 439.668275 341.768705 -257.437990 26.627537 -184.287926 236.949963 64.611319 33.561439 -34.266110 237.310328 269.463376 112.689457 -222.240972 -42.268015 399.631319 156.216708 -89.108049 187.409782 47.377327 -197.636314 168.893544 158.513772 469.832262 198.026058 150.793915 -397.183499 -148.209487 -100.471056 -48.137615 151.607535 64.568899 197.759318 -212.158900 72.800243 255.170044 -53.348455 273.083854 415.126296 241.948583 635.006079 196.909556 -108.801179 76.993052 462.859329 -163.579411 19.930640 -121.381858 -57.538844 185.597866 274.285486 -314.799050 -261.451314 -243.111919 115.493113 251.350941 -164.030681 23.635266 -49.751219 -131.976127 2.430753 -10.494491 319.254078 -7.751824 121.043587 -70.062975 -124.186311 -10.021885
0.000000 0.000000 0.000000 0.000000 0.000000 0.000000 0.000000 0.000000 0.000000 0.000000 0.000000 0.000000 0.000000 0.000000 0.000000 0.000000 0.000000 0.000000 0.000000 0.000000 0.000000 0.000000 0.000000 -114.399235 -39.032042 -33.930534 -134.629784 36.623164 32.825664 -74.841327 -66.637688 -28.566995 211.262931 274.386459 -20.217622 -28.227381 -149.420533 -9.247338 -139.046974 103.080342 -83.854611 -83.340254 51.060475 40.384252 7.541845 -84.917544 -6.101494 290.000014 96.899378 -104.365928 -88.830968 24.731452 -89.849218 215.335329 -39.869136 143.083973 114.152830 -103.511792 -183.124960 -103.542358 -78.054237 -88.902599 -2.988628 45.336870 105.470053 -101.987877 42.064906 85.624281 20.794635 168.411884 45.288640 248.635791 201.415487 94.163584 -47.494626 148.299120 73.128105 -105.079325 29.173020 37.068403 -42.969616 104.139201 -14.372366 -141.472205 -91.629783 25.359431 147.544520 117.174997 -4.654021 121.887999 -36.889900 -15.087704 -145.089384 -108.742338 -9.350122 -109.000989 38.144703 -67.451836 -4.877609 -69.732345
0.000000 0.000000 0.000000 0.000000 0.000000 0.000000 0.000000 0.000000 0.000000 0.000000 0.000000 0.000000 0.000000 0.000000 0.000000 0.000000 0.000000 0.000000 0.000000 0.000000 0.000000 0.000000 0.000000 0.000000 -320.893980 -194.800398 -64.034122 113.615217 -177.198686 104.769025 -74.815290 -26.793211 162.835312 -74.107441 133.270972 158.603556 -108.821170 -55.679656 -147.820966 -5.294470 -32.747161 96.049954 209.540426 -35.707478 -44.109292 97.802069 -66.946566 195.302194 -59.003624 -128.515514 -163.085163 -152.925055 -159.675854 145.755760 38.033050 -169.918443 -95.580409 91.240605 -147.986343 -166.959074 257.529183 30.791515 111.072743 64.004467 -187.459626 165.623027 -69.566589 -210.129642 -54.325559 -30.602637 -118.562411 108.299515 -29.233649 14.707713 115.345945 267.611381 -208.248316 82.911470 26.872390 30.632723 -97.930721 -281.788499 -146.308797 -21.733284 -3.777100 112.522822 114.642315 -60.550785 0.525321 -185.659277 -149.668889 81.404991 -68.484983 -24.867423 -401.726184 -185.364709 -106.060362 193.212020 64.880804 -172.020602
0.000000 0.000000 0.000000 0.000000 0.000000 0.000000 0.000000 0.000000 0.000000 0.000000 0.000000 0.000000 0.000000 0.000000 0.000000 0.000000 0.000000 0.000000 0.000000 0.000000 0.000000 0.000000 0.000000 0.000000 0.000000 1.109842 63.698835 56.164700 -76.726864 177.891053 275.490246 90.205948 -154.894553 -86.500896 198.931876 -62.231464 200.690386 -138.387163 214.068726 -142.905054 182.811424 37.976197 23.623417 47.820351 42.970411 -56.981221 -76.302848 -165.449902 -77.560228 41.065938 84.001374 30.781040 68.572804 -153.801945 96.056160 3.085390 15.094103 88.818022 141.763062 76.797533 79.249382 40.901231 -32.938494 -122.677018 2.178927 2.529132 -76.040779 -12.948059 -3.361843 -98.646066 119.285888 -127.438324 7.460654 -48.556947 35.965343 -64.662522 71.511983 113.583063 -8.525385 -65.239704 -29.582917 9.262194 217.082269 68.111983 -19.310742 -169.379039 -283.098549 -47.238044 -52.907151 -118.288886 52.041143 -98.714443 81.235870 66.244955 142.823478 229.564901 -19.791478 17.945187 20.875595 72.693256
0.000000 0.000000 0.000000 0.000000 0.000000 0.000000 0.000000 0.000000 0.000000 0.000000 0.000000 0.000000 0.000000 0.000000 0.000000 0.000000 0.000000 0.000000 0.000000 0.000000 0.000000 0.000000 0.000000 0.000000 0.000000 0.000000 -4205.803744 -3577.494808 5222.899294 -11557.053179 -17726.218417 -5893.117683 9935.857409 5723.391420 -12710.813554 4016.279212 -13016.098577 9038.542414 -13740.215578 9338.945407 -11908.002077 -2472.934659 -1375.816475 -2965.945599 -2778.742318 3634.910511 5037.003227 10765.916510 5117.715686 -2640.436858 -5338.826955 -2026.933939 -4468.868603 9969.770312 -6136.212161 -78.248991 -840.396791 -5636.562195 -9344.567044 -4945.319536 -5112.246012 -2587.119511 2193.656931 8064.691641 -51.873448 -235.009578 4936.908217 912.414472 238.832031 6428.067974 -7511.480128 8273.931142 -236.907931 3149.920864 -2364.583124 4217.741722 -4528.672951 -7429.128406 482.595155 4261.046538 1950.419649 -537.742292 -14021.077330 -4534.271808 1203.980397 10883.878558 18445.406218 3167.131591 3462.876781 7679.220959 -3407.668577 6343.137523 -5218.317688 -4271.574807 -9070.757019 -14857.840875 1343.771221 -1144.582275 -1322.895575 -4639.490898
0.000000 0.000000 0.000000 0.000000 0.000000 0.000000 0.000000 0.000000 0.000000 0.000000 0.000000 0.000000 0.000000 0.000000 0.000000 0.000000 0.000000 0.000000 0.000000 0.000000 0.000000 0.000000 0.000000 0.000000 0.000000 0.000000 0.000000 -29.102108 120.769572 7.609047 -190.278673 -43.098576 -110.549656 -57.024119 -88.821160 136.378309 -4.658133 127.886725 -38.449710 68.084516 -176.493648 72.083742 53.903852 -92.787463 -79.494302 165.332233 119.306809 26.051740 58.542175 -4.145415 -58.693055 -149.818537 -105.888769 -25.113191 -42.376955 -46.723528 -10.470209 137.926257 -107.886481 -105.656932 47.679017 58.969037 107.289074 132.226277 -70.765582 47.937034 57.021369 -66.767815 93.298222 -14.420362 -131.701206 -34.778417 46.594242 0.864577 -33.111134 36.878088 -131.367035 -45.009750 -82.046718 85.837759 -71.238065 -95.724601 -187.081821 -3.130059 209.901845 34.199246 275.918763 0.336336 86.165391 -20.403407 49.598033 155.831762 13.152257 -10.479084 -120.622430 -154.119947 -92.730394 117.586304 9.914816 -115.772219
0.000000 0.000000 0.000000 0.000000 0.000000 0.000000 0.000000 0.000000 0.000000 0.000000 0.000000 0.000000 0.000000 0.000000 0.000000 0.000000 0.000000 0.000000 0.000000 0.000000 0.000000 0.000000 0.000000 0.000000 0.000000 0.000000 0.000000 0.000000 -313.016039 -114.502046 679.902709 224.805928 253.597632 264.489279 244.707456 -276.885798 163.268529 -411.060400 146.608441 -264.996873 393.898827 -225.551362 -63.947512 284.518591 141.339010 -363.206467 -182.964097 67.725216 3.105337 176.471918 54.476916 399.148228 236.418472 52.061391 129.270756 144.655373 -11.595775 -311.635722 359.631546 219.239603 -68.932290 -203.649112 -266.450797 -315.483148 124.500438 -114.685585 -77.130815 262.083527 -269.829073 -106.963871 425.095534 229.978910 -37.672372 -0.795926 132.311201 70.888962 327.532001 66.451857 374.502905 -256.358641 290.739197 213.721040 393.636616 -58.203102 -595.750847 -179.906570 -692.303697 -105.570120 -234.833896 0.596810 -295.405453 -493.540843 -46.692672 17.276296 283.181914 565.355396 361.992658 -251.872686 -150.562928 209.846035
0.000000 0.000000 0.000000 0.000000 0.000000 0.000000 0.000000 0.000000 0.000000 0.000000 0.000000 0.000000 0.000000 0.000000 0.000000 0.000000 0.000000 0.000000 0.000000 0.000000 0.000000 0.000000 0.000000 0.000000 0.000000 0.000000 0.000000 0.000000 0.000000 -82.257399 -2319.174460 -752.432163 667.718354 -500.152543 -1312.893995 155.573650 -1247.986655 855.059269 -1180.076465 713.734885 -555.686266 241.437008 -728.078595 -750.769661 62.278687 362.342309 -259.656407 -40.597944 -444.655190 -851.261609 -190.648013 -239.790376 -106.562454 500.350463 -639.530681 -413.373644 -180.426722 -447.608021 -678.410496 -319.289667 -497.909370 77.816249 128.014918 351.698706 38.472778 189.675305 53.836820 -556.236391 364.683754 926.510915 -1517.801860 -257.312137 -801.828628 216.578528 -254.790028 -483.471556 -605.438756 -83.386957 -673.423174 513.263638 -468.907686 -190.142500 -751.258492 291.334457 798.334918 1237.594036 1055.359390 423.805099 385.101654 583.650225 714.080660 1099.850476 -266.022472 -284.079089 -923.709939 -1770.175874 -827.402668 -138.859539 409.281301 -192.999646
0.000000 0.000000 0.000000 0.000000 0.000000 0.000000 0.000000 0.000000 0.000000 0.000000 0.000000 0.000000 0.000000 0.000000 0.000000 0.000000 0.000000 0.000000 0.000000 0.000000 0.000000 0.000000 0.000000 0.000000 0.000000 0.000000 0.000000 0.000000 0.000000 0.000000 -2927.566832 -843.945082 752.985206 -576.163889 -1698.271184 364.121844 -1405.017389 1150.901590 -1559.666997 878.476751 -824.355518 317.123210 -727.800458 -1014.410296 39.691260 622.454164 -138.421690 80.073963 -323.410713 -1129.774715 -409.770392 -456.707303 -308.734625 508.572788 -748.962693 -364.747649 -0.884825 -433.859005 -995.702605 -513.019079 -545.828194 24.898822 168.823684 565.351247 -38.702440 95.975767 91.011694 -551.936758 573.634850 1073.950494 -1884.576535 -75.796467 -771.064686 102.096062 -183.062636 -404.955404 -860.597816 -99.148190 -913.175762 838.856520 -557.957519 -300.359559 -1064.223014 296.503139 1073.432754 1432.772323 1451.953570 412.541248 505.302600 581.803159 797.325269 1350.911771 -513.958056 -394.430618 -1262.941049 -2164.189760 -1052.693092 -161.918271 462.863487 -372.590244
0.000000 0.000000 0.000000 0.000000 0.000000 0.000000 0.000000 0.000000 0.000000 0.000000 0.000000 0.000000 0.000000 0.000000 0.000000 0.000000 0.000000 0.000000 0.000000 0.000000 0.000000 0.000000 0.000000 0.000000 0.000000 0.000000 0.000000 0.000000 0.000000 0.000000 0.000000 101.807752 318.919535 208.150562 -51.635376 185.482387 -139.720965 1.843821 -126.172078 -133.323986 -99.683402 19.324456 -42.952017 27.375000 -92.282511 35.721024 5.179544 261.957188 82.245652 84.584852 -144.494080 147.408593 166.173997 182.480406 -40.840652 -148.085023 -49.737865 -62.876913 132.999955 -95.412215 33.776885 -2.002828 -108.118451 48.342566 -44.706797 127.722866 110.033208 -128.169542 83.963071 60.361987 -65.171319 13.807509 -190.296661 144.159067 -70.155769 243.554816 3.653943 59.430955 214.547939 7.087161 64.435599 -132.095829 -152.990628 -145.654221 73.327993 43.404205 16.218341 45.730750 133.319184 89.067075 -120.693248 31.287432 86.999416 -60.224318 -167.130388 1.293152 136.041010 203.482882 -18.565095 -89.730800
0.000000 0.000000 0.000000 0.000000 0.000000 0.000000 0.000000 0.000000 0.000000 0.000000 0.000000 0.000000 0.000000 0.000000 0.000000 0.000000 0.000000 0.000000 0.000000 0.000000 0.000000 0.000000 0.000000 0.000000 0.000000 0.000000 0.000000 0.000000 0.000000 0.000000 0.000000 0.000000 -278.132932 -246.578921 98.378377 -138.652628 88.378139 180.626788 40.913974 208.430072 19.587557 -83.669330 145.862061 36.882527 -64.022829 -107.301757 63.825547 -266.150729 -38.735910 -89.932611 181.807346 -157.502303 -92.555144 -232.045892 104.339252 74.490023 261.002491 41.583503 -103.565444 239.711802 -42.970526 0.745026 11.401428 -55.493033 -105.501253 -227.094148 -71.369384 80.977933 -44.941614 -61.134473 165.804679 -68.413195 207.761783 -277.864884 50.674227 -245.213696 121.267755 -103.995224 -249.014226 138.216300 -17.298403 77.190540 157.014306 122.120264 -10.122539 -95.623620 62.752338 35.809575 -72.442678 -99.863558 62.161599 40.065172 -18.722057 186.523341 173.969958 47.118496 47.706391 -89.638504 36.054941 136.422374
0.000000 0.000000 0.000000 0.000000 0.000000 0.000000 0.000000 0.000000 0.000000 0.000000 0.000000 0.000000 0.000000 0.000000 0.000000 0.000000 0.000000 0.000000 0.000000 0.000000 0.000000 0.000000 0.000000 0.000000 0.000000 0.000000 0.000000 0.000000 0.000000 0.000000 0.000000 0.000000 0.000000 579.098878 -403.432984 423.350372 463.073419 -468.748962 -154.707475 -459.796583 -110.527053 145.556005 110.545374 -309.166497 415.666553 707.304847 248.389687 725.170676 600.274185 7.503965 -752.565540 -73.880750 -493.803088 137.654033 -156.687631 622.812466 -288.561937 267.764134 -337.791173 -830.649905 263.872858 -290.481403 270.041716 437.825402 364.085291 87.540856 126.231772 651.401668 33.738166 -244.542727 -306.325417 1045.678559 336.530922 228.505867 457.913766 874.388485 -557.887643 41.026160 302.164040 -99.974133 194.931879 -106.877280 -644.205685 -400.147400 -269.530067 -8.724636 56.004464 -641.222179 -205.515261 -238.850361 -366.772430 -471.746088 -719.304654 -578.241968 -492.749872 130.320470 -302.936662 -300.307234 -407.610253 -570.102196
0.000000 0.000000 0.000000 0.000000 0.000000 0.000000 0.000000 0.000000 0.000000 0.000000 0.000000 0.000000 0.000000 0.000000 0.000000 0.000000 0.000000 0.000000 0.000000 0.000000 0.000000 0.000000 0.000000 0.000000 0.000000 0.000000 0.000000 0.000000 0.000000 0.000000 0.000000 0.000000 0.000000 0.000000 -9.560857 52.758214 55.302158 -62.839868 34.229259 66.547178 67.187075 27.024742 117.197685 -43.638698 183.502042 120.327869 101.019714 39.440401 69.646659 -165.476603 -67.420100 -111.183853 -194.488466 -82.458699 -13.084871 169.569040 64.808975 26.395298 -200.733535 -84.814966 35.135048 -124.805961 64.253335 85.376518 95.016584 -105.436135 -50.572541 288.399755 -28.315177 -69.490612 -22.643118 377.169090 226.934605 -24.274799 218.785264 106.343928 -130.294628 56.939576 -88.614699 5.066840 12.715139 117.635107 -45.291081 -38.032739 -201.494726 79.730691 -44.715266 -165.560458 -206.048245 -70.705295 -189.374926 -188.211282 -197.760087 -66.508847 -0.042285 -26.147229 -75.310861 -200.939039 -49.678566 27.147155
0.000000 0.000000 0.000000 0.000000 0.000000 0.000000 0.000000 0.000000 0.000000 0.000000 0.000000 0.000000 0.000000 0.000000 0.000000 0.000000 0.000000 0.000000 0.000000 0.000000 0.000000 0.000000 0.000000 0.000000 0.000000 0.000000 0.000000 0.000000 0.000000 0.000000 0.000000 0.000000 0.000000 0.000000 0.000000 58.497705 53.620061 -239.119217 253.609932 187.116246 209.923055 89.209923 223.689197 -45.160740 487.077356 165.250544 124.412185 13.059602 54.424960 -368.500975 -123.670202 -289.411641 -320.259970 -210.169651 -261.223300 479.347932 107.763638 8.055346 -572.301972 -169.122730 45.515084 -248.150128 94.034692 140.545216 499.901333 -185.702950 -102.966019 816.183302 15.182657 -55.174813 -135.644768 904.102777 611.141969 84.039170 518.371349 127.514595 -294.412354 77.306558 -275.251263 -104.401014 -27.899788 488.581896 -59.913746 -114.902189 -582.871879 185.542286 -178.897613 -278.996109 -580.319406 -7.317542 -294.723436 -583.302307 -472.783361 -196.799679 91.115800 -55.693595 -322.118227 -644.586663 -10.413037 149.235163
0.000000 0.000000 0.000000 0.000000 0.000000 0.000000 0.000000 0.000000 0.000000 0.000000 0.000000 0.000000 0.000000 0.000000 0.000000 0.000000 0.000000 0.000000 0.000000 0.000000 0.000000 0.000000 0.000000 0.000000 0.000000 0.000000 0.000000 0.000000 0.000000 0.000000 0.000000 0.000000 0.000000 0.000000 0.000000 0.000000 -194.255271 -1075.016974 1291.586475 385.944707 609.896972 377.807375 210.922699 46.286974 1289.228680 -72.009998 -144.963381 -286.290612 -388.157750 -531.767534 -175.328267 -726.062651 -53.065824 -447.885997 -1614.627279 1004.392255 -173.063113 -103.784003 -1393.217294 -353.267283 90.269943 -210.221510 -1.395273 33.893918 2229.147070 109.578752 -95.304223 2046.512164 326.255467 226.954253 -779.534426 1778.754516 1515.265169 937.008413 1099.644659 -172.153439 -811.994200 31.919003 -671.777598 -817.586572 -348.952823 1722.398272 36.263893 -279.357595 -1521.888659 438.962700 -638.789293 -167.377645 -1515.209664 638.595640 6.519600 -1772.306672 -866.511456 -702.683567 434.933925 -161.211881 -1336.999544 -1874.132731 518.366827 571.961379
0.000000 0.000000 0.000000 0.000000 0.000000 0.000000 0.000000 0.000000 0.000000 0.000000 0.000000 0.000000 0.000000 0.000000 0.000000 0.000000 0.000000 0.000000 0.000000 0.000000 0.000000 0.000000 0.000000 0.000000 0.000000 0.000000 0.000000 0.000000 0.000000 0.000000 0.000000 0.000000 0.000000 0.000000 0.000000 0.000000 0.000000 1152.522928 -1345.542265 -997.798811 -868.086317 -297.138283 -951.571270 -58.748605 -2233.626810 -212.366313 -405.336754 175.035310 -108.536845 1652.796518 382.365941 1507.824652 1093.821577 993.721869 1589.877313 -2286.605463 -845.336155 219.444088 2839.378380 542.330883 -80.830414 951.693397 -150.748822 -429.064322 -2788.055501 934.915020 456.496052 -3840.657979 -378.309414 -71.909720 532.231077 -3886.215793 -3178.920419 -385.943173 -2241.866000 -81.679725 1266.768427 -152.209074 1475.391188 470.633092 253.945511 -2695.520236 -152.410983 501.150299 2698.979206 -690.710418 836.980485 792.361539 2442.019412 -292.596424 803.942434 2780.504760 2187.206199 969.254877 -727.463305 294.498896 1778.076528 3308.056956 -432.308020 -912.717431
0.000000 0.000000 0.000000 0.000000 0.000000 0.000000 0.000000 0.000000 0.000000 0.000000 0.000000 0.000000 0.000000 0.000000 0.000000 0.000000 0.000000 0.000000 0.000000 0.000000 0.000000 0.000000 0.000000 0.000000 0.000000 0.000000 0.000000 0.000000 0.000000 0.000000 0.000000 0.000000 0.000000 0.000000 0.000000 0.000000 0.000000 0.000000 -93.736413 -450.689073 -196.462899 -135.693719 -520.871237 41.789025 -624.227560 -267.758650 -278.349373 -121.714079 -369.153196 705.740238 149.317287 537.613980 760.347972 414.833092 39.212684 -892.577648 -672.872759 86.320601 915.741150 192.619304 48.085820 490.736164 -170.899723 -294.255342 -481.026226 580.589331 199.858782 -1227.202804 58.549568 68.255384 -115.253776 -1455.062954 -1137.958699 219.438356 -830.686708 -209.914160 209.957559 3.008738 564.502663 -321.722854 51.678776 -651.312262 12.133799 -46.245424 811.619201 -226.046803 150.778862 439.946641 652.687543 106.476265 622.786367 602.476030 871.422949 133.493601 -116.516041 231.930578 227.672845 1011.028016 44.067104 -197.438723
0.000000 0.000000 0.000000 0.000000 0.000000 0.000000 0.000000 0.000000 0.000000 0.000000 0.000000 0.000000 0.000000 0.000000 0.000000 0.000000 0.000000 0.000000 0.000000 0.000000 0.000000 0.000000 0.000000 0.000000 0.000000 0.000000 0.000000 0.000000 0.000000 0.000000 0.000000 0.000000 0.000000 0.000000 0.000000 0.000000 0.000000 0.000000 0.000000 73.734913 145.378297 172.124350 69.113700 -33.059973 95.248555 95.178553 -53.177588 197.124241 109.103677 -194.580698 -87.942414 32.593925 -250.331423 -115.515748 -36.023693 405.511108 110.432916 -16.711385 -354.163196 -242.667347 -5.979447 -245.011839 50.706958 174.112252 60.539246 -72.107755 -35.389054 358.906599 17.050972 70.085815 78.061897 559.098751 245.915151 18.857124 253.620204 109.477328 45.726686 -25.508230 -283.559149 50.447645 56.504176 159.877112 -271.880635 -84.980486 -263.136328 108.646397 -184.479323 -240.123001 -364.257083 31.367729 -362.933792 -165.364783 -289.577326 -42.513937 -67.399241 -67.135645 -110.712943 -327.577860 -213.000813 -46.065779
0.000000 0.000000 0.000000 0.000000 0.000000 0.000000 0.000000 0.000000 0.000000 0.000000 0.000000 0.000000 0.000000 0.000000 0.000000 0.000000 0.000000 0.000000 0.000000 0.000000 0.000000 0.000000 0.000000 0.000000 0.000000 0.000000 0.000000 0.000000 0.000000 0.000000 0.000000 0.000000 0.000000 0.000000 0.000000 0.000000 0.000000 0.000000 0.000000 0.000000 74.155069 -258.922497 197.830796 134.852171 133.690554 -186.283339 22.454276 -100.081896 -42.305022 -82.611126 95.898026 -160.063179 214.159177 107.152095 -140.588086 -230.374668 159.948340 -36.186885 20.974773 155.952791 123.145637 123.939775 -47.801716 -98.131297 302.590946 -121.334031 73.087040 6.593589 171.345814 11.980030 -85.489852 -119.799698 206.362404 -7.554040 -76.141145 -133.025430 -128.021208 32.678911 90.630965 -91.007661 -97.218284 -37.544790 301.759989 -113.711240 -104.956997 -53.794521 2.853094 255.887358 154.659717 -34.378357 299.314045 -132.714716 -66.842330 -48.426740 99.209277 44.540462 -187.246583 -53.899311 281.791298 135.710193
0.000000 0.000000 0.000000 0.000000 0.000000 0.000000 0.000000 0.000000 0.000000 0.000000 0.000000 0.000000 0.000000 0.000000 0.000000 0.000000 0.000000 0.000000 0.000000 0.000000 0.000000 0.000000 0.000000 0.000000 0.000000 0.000000 0.000000 0.000000 0.000000 0.000000 0.000000 0.000000 0.000000 0.000000 0.000000 0.000000 0.000000 0.000000 0.000000 0.000000 0.000000 -6546.872846 3892.233014 2868.865111 2336.512623 -4242.287480 1579.121613 -3660.125508 -1176.860925 -645.270162 2554.412610 -4392.467577 5274.692362 2544.298014 -2144.822150 -7531.202427 3312.513161 -585.527102 2706.162378 5047.127514 2402.933175 4154.421752 -1270.339017 -3212.912935 5397.218935 -2604.082952 1380.190826 -2134.637133 3089.554121 -644.619584 -1944.400218 -5965.647185 3403.095905 -959.618428 -2842.888804 -3402.407045 -3382.116235 1072.046312 3675.535093 -1532.801678 -2540.220286 -1504.427331 8786.583922 -1129.081747 -190.131380 -1858.702311 1882.661757 6775.842858 6082.341378 -1272.761567 8367.419301 -1430.695352 491.659169 -690.121133 2792.316340 955.149403 -2852.736408 1068.007060 7702.855311 3268.446578
0.000000 0.000000 0.000000 0.000000 0.000000 0.000000 0.000000 0.000000 0.000000 0.000000 0.000000 0.000000 0.000000 0.000000 0.000000 0.000000 0.000000 0.000000 0.000000 0.000000 0.000000 0.000000 0.000000 0.000000 0.000000 0.000000 0.000000 0.000000 0.000000 0.000000 0.000000 0.000000 0.000000 0.000000 0.000000 0.000000 0.000000 0.000000 0.000000 0.000000 0.000000 0.000000 66.950800 -44.928518 -108.121409 5.496928 55.796270 25.909739 62.150493 32.156190 39.870062 -168.397298 -115.264447 -137.224445 -29.422746 -252.774659 251.793811 149.858838 43.439859 -199.575120 34.687751 -33.412883 -78.075182 -29.003695 -336.059107 -70.557380 69.426383 -340.298338 156.397455 48.422019 78.131967 34.252166 166.667247 -87.294396 13.137175 0.481466 -171.435461 241.555274 -172.493875 43.795620 -78.850283 -88.062978 162.843931 -82.004594 186.809341 43.082185 131.071780 146.577134 59.999439 -38.228767 -90.428406 112.385565 145.755712 43.285835 61.346213 -191.136588 -173.752640 241.997627 163.368845 -43.404435
0.000000 0.000000 0.000000 0.000000 0.000000 0.000000 0.000000 0.000000 0.000000 0.000000 0.000000 0.000000 0.000000 0.000000 0.000000 0.000000 0.000000 0.000000 0.000000 0.000000 0.000000 0.000000 0.000000 0.000000 0.000000 0.000000 0.000000 0.000000 0.000000 0.000000 0.000000 0.000000 0.000000 0.000000 0.000000 0.000000 0.000000 0.000000 0.000000 0.000000 0.000000 0.000000 0.000000 97.995921 107.420303 -42.742484 -62.458232 73.650084 71.499472 -42.800154 -0.368336 185.708026 -105.462770 210.912572 175.306563 193.227629 -327.891010 -190.370268 -31.508322 135.781676 -43.947335 50.115396 154.931904 81.302781 230.499582 105.038410 -161.708749 370.336271 -230.948311 -150.042971 7.481915 3.548390 -92.704946 95.819455 -2.557655 -54.916753 148.452936 -214.596028 165.813648 -49.613866 17.023576 49.269873 -212.744821 171.201115 -177.261082 -29.113975 -189.776378 -285.149160 -92.229715 -71.978588 -86.165601 -26.509466 -163.149039 -63.235301 -54.509197 174.082170 192.190999 -325.990467 -247.007798 -46.361064
0.000000 0.000000 0.000000 0.000000 0.000000 0.000000 0.000000 0.000000 0.000000 0.000000 0.000000 0.000000 0.000000 0.000000 0.000000 0.000000 0.000000 0.000000 0.000000 0.000000 0.000000 0.000000 0.000000 0.000000 0.000000 0.000000 0.000000 0.000000 0.000000 0.000000 0.000000 0.000000 0.000000 0.000000 0.000000 0.000000 0.000000 0.000000 0.000000 0.000000 0.000000 0.000000 0.000000 0.000000 -408.216958 -13.375627 -8.648477 143.729224 60.805933 120.129918 135.844757 -106.656709 -116.121572 -114.851417 74.546137 -741.798958 401.760523 251.671919 226.501677 -379.434748 97.959078 -5.176420 -97.803083 -119.283971 -857.182123 -65.984420 71.326598 -892.621518 328.734895 191.433694 267.780322 -104.557760 142.201863 -138.536710 -114.590747 -122.083446 -186.143173 431.919439 -354.807598 19.996965 -128.653198 -259.175802 277.959585 -214.050366 513.324301 157.867281 223.046909 322.468611 158.051535 -96.528644 -214.679475 460.409084 528.996453 199.253749 180.623821 -326.742255 -236.356866 653.850598 209.176166 -193.545419
0.000000 0.000000 0.000000 0.000000 0.000000 0.000000 0.000000 0.000000 0.000000 0.000000 0.000000 0.000000 0.000000 0.000000 0.000000 0.000000 0.000000 0.000000 0.000000 0.000000 0.000000 0.000000 0.000000 0.000000 0.000000 0.000000 0.000000 0.000000 0.000000 0.000000 0.000000 0.000000 0.000000 0.000000 0.000000 0.000000 0.000000 0.000000 0.000000 0.000000 0.000000 0.000000 0.000000 0.000000 0.000000 -23.801423 -35.660138 157.565745 150.226371 72.696354 80.208712 97.493446 -326.362952 224.619726 239.267417 44.773971 -366.641700 -139.020715 129.340592 148.072578 -35.103393 77.155946 207.929055 -9.590632 5.285106 167.401473 -229.799155 236.984219 -322.096936 -167.266489 98.356555 -29.148284 -118.041549 126.911631 22.642606 -60.346070 44.351893 -76.031690 239.486122 -86.560547 53.847149 -35.339110 -149.049317 260.460412 -58.275709 -46.509599 -119.725405 -340.674425 -119.225743 -186.800281 -219.030861 -11.226608 -42.715112 -83.528453 53.464339 157.876039 284.805213 -212.624222 -273.522870 -96.126352
0.000000 0.000000 0.000000 0.000000 0.000000 0.000000 0.000000 0.000000 0.000000 0.000000 0.000000 0.000000 0.000000 0.000000 0.000000 0.000000 0.000000 0.000000 0.000000 0.000000 0.000000 0.000000 0.000000 0.000000 0.000000 0.000000 0.000000 0.000000 0.000000 0.000000 0.000000 0.000000 0.000000 0.000000 0.000000 0.000000 0.000000 0.000000 0.000000 0.000000 0.000000 0.000000 0.000000 0.000000 0.000000 0.000000 -91.238728 62.525264 90.778875 81.967494 -9.830720 285.075527 -399.779454 315.950159 272.407150 320.319272 -603.751372 -252.030095 -12.391592 281.943242 -98.697097 129.730068 272.842069 58.249962 98.083497 281.176592 -347.356320 535.624691 -496.087671 -227.330645 107.950349 -6.644916 -299.408400 102.358301 7.417884 -81.482584 148.591372 -254.044524 233.223547 -127.919092 94.612085 47.445378 -400.135638 206.268174 -114.707563 -80.581897 -133.233461 -628.225540 -411.540137 -206.604296 -300.342933 -186.839208 -105.731986 -81.347133 26.515605 420.551398 477.041035 -387.197170 -626.313305 -71.458708
0.000000 0.000000 0.000000 0.000000 0.000000 0.000000 0.000000 0.000000 0.000000 0.000000 0.000000 0.000000 0.000000 0.000000 0.000000 0.000000 0.000000 0.000000 0.000000 0.000000 0.000000 0.000000 0.000000 0.000000 0.000000 0.000000 0.000000 0.000000 0.000000 0.000000 0.000000 0.000000 0.000000 0.000000 0.000000 0.000000 0.000000 0.000000 0.000000 0.000000 0.000000 0.000000 0.000000 0.000000 0.000000 0.000000 0.000000 -867.268374 -530.917407 -48.934129 -480.416719 535.263128 70.567178 -341.959454 -305.706521 1065.435024 -187.203587 -89.308821 -978.494762 37.691979 -317.063756 -47.262956 -272.016447 384.320741 -79.770653 187.579797 16.224643 566.868535 5.588804 22.392551 -49.485370 263.533779 -391.317480 -538.426669 40.028817 5.810610 54.307770 -390.953899 -865.512927 -93.133405 -22.280735 457.203914 -850.187960 -854.256384 -23.733609 -28.702763 312.499405 -626.004599 -1214.299017 192.767710 -299.189346 -649.373474 -113.486570 141.061896 -175.197323 673.676664 81.371129 -200.536141 -940.122368 274.341631
0.000000 0.000000 0.000000 0.000000 0.000000 0.000000 0.000000 0.000000 0.000000 0.000000 0.000000 0.000000 0.000000 0.000000 0.000000 0.000000 0.000000 0.000000 0.000000 0.000000 0.000000 0.000000 0.000000 0.000000 0.000000 0.000000 0.000000 0.000000 0.000000 0.000000 0.000000 0.000000 0.000000 0.000000 0.000000 0.000000 0.000000 0.000000 0.000000 0.000000 0.000000 0.000000 0.000000 0.000000 0.000000 0.000000 0.000000 0.000000 219.994451 210.468547 189.106780 594.115306 -1098.971134 585.271863 865.162099 42.359456 -1350.758566 -385.554366 252.092019 446.308717 -328.190249 268.667890 543.840786 85.807159 -418.472899 554.862581 -809.655547 586.325078 -1089.110641 -533.607647 415.324093 -117.988677 -621.489777 24.537586 32.393654 -235.334460 128.122204 -276.980697 277.046281 -366.177103 -46.694090 16.696765 -720.947952 330.369515 -107.098182 74.007700 -163.776555 -1279.111883 -988.238850 -669.966982 -993.565247 59.406027 210.835766 -27.254508 316.852988 711.360880 1136.354621 -412.598438 -1256.367605 -221.671655
0.000000 0.000000 0.000000 0.000000 0.000000 0.000000 0.000000 0.000000 0.000000 0.000000 0.000000 0.000000 0.000000 0.000000 0.000000 0.000000 0.000000 0.000000 0.000000 0.000000 0.000000 0.000000 0.000000 0.000000 0.000000 0.000000 0.000000 0.000000 0.000000 0.000000 0.000000 0.000000 0.000000 0.000000 0.000000 0.000000 0.000000 0.000000 0.000000 0.000000 0.000000 0.000000 0.000000 0.000000 0.000000 0.000000 0.000000 0.000000 0.000000 25.286074 200.106646 -229.827743 744.937447 -132.382691 -32.062997 -1016.503671 445.856881 224.110124 794.995231 23.023459 149.319433 86.249802 -268.613119 -200.576972 114.637350 -327.803239 465.408842 -839.109681 184.874120 -56.433168 -174.745272 -673.667200 48.362822 205.005713 -240.988547 71.841222 202.188825 162.934107 305.857238 197.835477 -204.948740 -464.723309 758.799130 414.415641 163.516552 -33.819695 -59.066140 1019.043745 1126.170246 257.428438 724.829614 672.544430 356.009566 338.517483 -203.932523 -560.040928 -176.729611 626.244785 1054.555121 65.011522
0.000000 0.000000 0.000000 0.000000 0.000000 0.000000 0.000000 0.000000 0.000000 0.000000 0.000000 0.000000 0.000000 0.000000 0.000000 0.000000 0.000000 0.000000 0.000000 0.000000 0.000000 0.000000 0.000000 0.000000 0.000000 0.000000 0.000000 0.000000 0.000000 0.000000 0.000000 0.000000 0.000000 0.000000 0.000000 0.000000 0.000000 0.000000 0.000000 0.000000 0.000000 0.000000 0.000000 0.000000 0.000000 0.000000 0.000000 0.000000 0.000000 0.000000 -694.759295 1111.484428 -3693.766445 883.948944 403.627880 4044.029241 -2467.991134 -1062.222926 -3097.661595 109.709988 -587.132127 -71.297155 1468.614559 721.207877 -532.711910 1620.565558 -2324.070268 3580.022764 -1203.551128 125.015391 846.907117 2689.312503 -361.199594 -928.017356 969.041931 -463.767057 -855.314625 -760.204602 -937.646101 -1039.025271 666.108861 1909.863698 -3199.324147 -1719.040320 -682.659803 259.589766 324.244872 -4787.199809 -5060.235955 -1445.638880 -3312.091705 -2858.083857 -1248.591601 -1522.457620 1025.406606 2549.081696 1282.141632 -2644.062884 -4804.028189 -396.738481
0.000000 0.000000 0.000000 0.000000 0.000000 0.000000 0.000000 0.000000 0.000000 0.000000 0.000000 0.000000 0.000000 0.000000 0.000000 0.000000 0.000000 0.000000 0.000000 0.000000 0.000000 0.000000 0.000000 0.000000 0.000000 0.000000 0.000000 0.000000 0.000000 0.000000 0.000000 0.000000 0.000000 0.000000 0.000000 0.000000 0.000000 0.000000 0.000000 0.000000 0.000000 0.000000 0.000000 0.000000 0.000000 0.000000 0.000000 0.000000 0.000000 0.000000 0.000000 -445.082146 1192.236799 -617.641152 -452.294224 -663.735871 954.265421 393.231266 525.667041 -216.290887 132.149600 -211.038761 -628.618640 -118.767355 133.346372 -488.389614 899.414238 -856.499402 536.687611 40.902968 -387.930989 -485.327456 173.574137 179.287899 -111.070021 361.319104 195.804214 216.560023 92.403819 341.930427 23.825001 -426.397627 778.722626 349.540841 214.153211 -161.095239 84.620376 1434.860136 1432.362251 482.031660 980.557401 459.351272 203.438606 459.816933 -529.478065 -738.156190 -601.302074 636.139306 1494.541290 92.084067
0.000000 0.000000 0.000000 0.000000 0.000000 0.000000 0.000000 0.000000 0.000000 0.000000 0.000000 0.000000 0.000000 0.000000 0.000000 0.000000 0.000000 0.000000 0.000000 0.000000 0.000000 0.000000 0.000000 0.000000 0.000000 0.000000 0.000000 0.000000 0.000000 0.000000 0.000000 0.000000 0.000000 0.000000 0.000000 0.000000 0.000000 0.000000 0.000000 0.000000 0.000000 0.000000 0.000000 0.000000 0.000000 0.000000 0.000000 0.000000 0.000000 0.000000 0.000000 0.000000 1123.356482 -192.496915 -72.955978 -527.826123 396.830342 122.605122 462.079660 170.713375 -90.900326 -2.076952 -433.304254 17.464269 350.856403 -339.427543 498.356877 -409.565568 277.886072 -189.739068 -196.126701 -685.514969 -206.545546 450.411564 -297.404524 137.911690 300.152962 -55.761796 98.565979 267.360598 162.006808 -373.337854 209.638812 541.546727 83.996971 -266.061969 -287.743377 1022.755742 1041.584342 592.399124 806.003502 519.063399 -31.043019 336.866773 -283.928478 -333.258553 -392.598783 295.567185 823.457628 186.028831
0.000000 0.000000 0.000000 0.000000 0.000000 0.000000 0.000000 0.000000 0.000000 0.000000 0.000000 0.000000 0.000000 0.000000 0.000000 0.000000 0.000000 0.000000 0.000000 0.000000 0.000000 0.000000 0.000000 0.000000 0.000000 0.000000 0.000000 0.000000 0.000000 0.000000 0.000000 0.000000 0.000000 0.000000 0.000000 0.000000 0.000000 0.000000 0.000000 0.000000 0.000000 0.000000 0.000000 0.000000 0.000000 0.000000 0.000000 0.000000 0.000000 0.000000 0.000000 0.000000 0.000000 -226.102511 -166.703079 -346.085054 241.989808 158.705179 55.603052 -141.342093 -8.564557 -82.025745 -174.968983 -42.061064 -267.127069 -122.827091 111.645804 -275.149412 179.466379 36.359223 49.655823 -71.887427 113.789094 -164.880392 -37.794971 -12.030316 90.952132 65.330198 -142.673414 -77.535459 -51.243120 -58.916923 144.245787 -345.105436 244.868126 114.732883 247.643715 184.686042 -46.420304 -27.703243 11.445434 9.435854 417.218590 188.150419 101.152262 -107.154716 -32.985987 265.548849 164.027054 -48.488605
0.000000 0.000000 0.000000 0.000000 0.000000 0.000000 0.000000 0.000000 0.000000 0.000000 0.000000 0.000000 0.000000 0.000000 0.000000 0.000000 0.000000 0.000000 0.000000 0.000000 0.000000 0.000000 0.000000 0.000000 0.000000 0.000000 0.000000 0.000000 0.000000 0.000000 0.000000 0.000000 0.000000 0.000000 0.000000 0.000000 0.000000 0.000000 0.000000 0.000000 0.000000 0.000000 0.000000 0.000000 0.000000 0.000000 0.000000 0.000000 0.000000 0.000000 0.000000 0.000000 0.000000 0.000000 -122.215831 89.618139 -285.284228 13.156151 111.075901 205.521675 -56.168908 98.192456 -149.478529 -64.637160 356.746257 -124.392726 14.572589 344.614774 -126.140387 -23.156282 -65.005692 25.862034 -73.023450 63.634340 -120.639819 39.679727 191.544672 -131.984697 317.584391 -93.042524 52.249441 158.291136 75.541048 -67.783423 -245.213392 8.274205 -94.244719 72.656630 -99.486411 110.380478 199.503157 -238.508004 -16.037485 -40.348945 17.244823 116.140629 272.365787 -131.317940 115.480814 41.512615
0.000000 0.000000 0.000000 0.000000 0.000000 0.000000 0.000000 0.000000 0.000000 0.000000 0.000000 0.000000 0.000000 0.000000 0.000000 0.000000 0.000000 0.000000 0.000000 0.000000 0.000000 0.000000 0.000000 0.000000 0.000000 0.000000 0.000000 0.000000 0.000000 0.000000 0.000000 0.000000 0.000000 0.000000 0.000000 0.000000 0.000000 0.000000 0.000000 0.000000 0.000000 0.000000 0.000000 0.000000 0.000000 0.000000 0.000000 0.000000 0.000000 0.000000 0.000000 0.000000 0.000000 0.000000 0.000000 -105.259159 -291.130076 158.892723 13.347222 -31.218714 15.856692 -16.963127 -74.997370 -61.220991 -111.656689 17.090439 -22.370597 49.081195 -115.695874 147.398344 -15.192773 188.865204 3.258106 -67.568909 168.344424 174.388482 44.162296 156.215385 93.110944 -107.494885 90.413608 49.904796 -86.614775 -237.074926 -154.286046 113.329777 42.699867 -72.444087 -350.873846 -220.224831 -233.892640 -95.060577 125.302731 81.246490 127.211730 68.601085 257.754269 191.102838 -98.058914 -24.601858
0.000000 0.000000 0.000000 0.000000 0.000000 0.000000 0.000000 0.000000 0.000000 0.000000 0.000000 0.000000 0.000000 0.000000 0.000000 0.000000 0.000000 0.000000 0.000000 0.000000 0.000000 0.000000 0.000000 0.000000 0.000000 0.000000 0.000000 0.000000 0.000000 0.000000 0.000000 0.000000 0.000000 0.000000 0.000000 0.000000 0.000000 0.000000 0.000000 0.000000 0.000000 0.000000 0.000000 0.000000 0.000000 0.000000 0.000000 0.000000 0.000000 0.000000 0.000000 0.000000 0.000000 0.000000 0.000000 0.000000 795.705970 -404.651589 167.873467 168.309286 -72.336203 229.134714 285.773162 61.629996 444.381584 -17.791663 23.564807 -245.516172 284.502713 -463.256801 -46.017973 -732.066593 39.940472 230.011733 -540.929334 -569.653183 -189.438889 -461.553853 -43.316209 338.276908 -383.889875 -152.332928 493.292535 776.603970 507.811633 -281.696704 -10.172589 385.830300 1152.489426 661.506346 815.934425 272.459409 -217.595750 -310.550258 -247.596110 -299.769619 -670.708662 -390.345629 581.037436 -17.902517
0.000000 0.000000 0.000000 0.000000 0.000000 0.000000 0.000000 0.000000 0.000000 0.000000 0.000000 0.000000 0.000000 0.000000 0.000000 0.000000 0.000000 0.000000 0.000000 0.000000 0.000000 0.000000 0.000000 0.000000 0.000000 0.000000 0.000000 0.000000 0.000000 0.000000 0.000000 0.000000 0.000000 0.000000 0.000000 0.000000 0.000000 0.000000 0.000000 0.000000 0.000000 0.000000 0.000000 0.000000 0.000000 0.000000 0.000000 0.000000 0.000000 0.000000 0.000000 0.000000 0.000000 0.000000 0.000000 0.000000 0.000000 343.151418 -660.332445 -603.813081 183.376209 -459.833471 -90.116848 95.754908 -1041.321969 170.000990 -55.025828 -309.197785 195.697864 697.783892 288.972895 744.268627 201.136543 -397.625473 630.098430 240.352563 -35.928402 643.977231 -787.938424 -336.392143 359.782687 44.109104 -732.397548 -1159.243434 -59.680416 317.046405 181.453041 -508.386861 -1190.045515 -717.012649 -1045.854926 151.818369 331.656277 433.314273 459.479078 182.886421 -48.039506 590.952925 -936.548257 97.221209
0.000000 0.000000 0.000000 0.000000 0.000000 0.000000 0.000000 0.000000 0.000000 0.000000 0.000000 0.000000 0.000000 0.000000 0.000000 0.000000 0.000000 0.000000 0.000000 0.000000 0.000000 0.000000 0.000000 0.000000 0.000000 0.000000 0.000000 0.000000 0.000000 0.000000 0.000000 0.000000 0.000000 0.000000 0.000000 0.000000 0.000000 0.000000 0.000000 0.000000 0.000000 0.000000 0.000000 0.000000 0.000000 0.000000 0.000000 0.000000 0.000000 0.000000 0.000000 0.000000 0.000000 0.000000 0.000000 0.000000 0.000000 0.000000 -86.644891 -279.439931 -14.345003 -164.508136 -143.225004 120.670184 -285.614231 -0.737427 117.545657 -256.124549 25.464141 137.851337 -6.390063 204.117934 35.762152 -143.151359 4.215076 46.655368 93.350710 80.015776 -230.825013 65.550221 -177.298713 57.990158 -117.232988 -105.869291 -95.920845 279.945680 14.677700 51.214856 -62.976874 -67.240415 -132.386217 269.367459 125.291217 129.686225 -161.647336 -92.777746 90.497522 56.920071 9.108327 -58.570273
0.000000 0.000000 0.000000 0.000000 0.000000 0.000000 0.000000 0.000000 0.000000 0.000000 0.000000 0.000000 0.000000 0.000000 0.000000 0.000000 0.000000 0.000000 0.000000 0.000000 0.000000 0.000000 0.000000 0.000000 0.000000 0.000000 0.000000 0.000000 0.000000 0.000000 0.000000 0.000000 0.000000 0.000000 0.000000 0.000000 0.000000 0.000000 0.000000 0.000000 0.000000 0.000000 0.000000 0.000000 0.000000 0.000000 0.000000 0.000000 0.000000 0.000000 0.000000 0.000000 0.000000 0.000000 0.000000 0.000000 0.000000 0.000000 0.000000 -187.393547 -41.385319 -213.251365 -203.097349 139.947195 -376.650135 -141.462042 199.633761 -207.579357 147.885774 66.135811 102.451565 306.731466 91.971744 3.944125 -72.181980 174.368402 81.629929 57.165294 -291.024527 139.294881 -28.075908 -40.402996 -99.276115 -83.268844 -82.879171 239.748206 -75.532042 94.952534 -202.569034 114.961554 -302.636325 185.713669 51.388547 97.662968 -104.343554 -59.621889 118.715126 41.282756 -164.418460 -38.874947
0.000000 0.000000 0.000000 0.000000 0.000000 0.000000 0.000000 0.000000 0.000000 0.000000 0.000000 0.000000 0.000000 0.000000 0.000000 0.000000 0.000000 0.000000 0.000000 0.000000 0.000000 0.000000 0.000000 0.000000 0.000000 0.000000 0.000000 0.000000 0.000000 0.000000 0.000000 0.000000 0.000000 0.000000 0.000000 0.000000 0.000000 0.000000 0.000000 0.000000 0.000000 0.000000 0.000000 0.000000 0.000000 0.000000 0.000000 0.000000 0.000000 0.000000 0.000000 0.000000 0.000000 0.000000 0.000000 0.000000 0.000000 0.000000 0.000000 0.000000 -17.188542 -190.172518 -166.658113 100.701421 -360.907538 -265.213793 41.770100 -25.303826 345.778821 18.755048 289.296245 481.141824 243.679424 62.435819 -50.186080 267.036401 -238.246085 106.912195 -386.087495 233.060345 215.850201 -53.420079 -7.358884 -206.568420 -120.061784 89.560855 -186.775904 -18.955167 -468.737246 173.013178 -594.201803 -138.105836 -196.585727 -223.948327 122.396358 58.693721 -42.779084 -50.403779 -456.905134 -36.218414
0.000000 0.000000 0.000000 0.000000 0.000000 0.000000 0.000000 0.000000 0.000000 0.000000 0.000000 0.000000 0.000000 0.000000 0.000000 0.000000 0.000000 0.000000 0.000000 0.000000 0.000000 0.000000 0.000000 0.000000 0.000000 0.000000 0.000000 0.000000 0.000000 0.000000 0.000000 0.000000 0.000000 0.000000 0.000000 0.000000 0.000000 0.000000 0.000000 0.000000 0.000000 0.000000 0.000000 0.000000 0.000000 0.000000 0.000000 0.000000 0.000000 0.000000 0.000000 0.000000 0.000000 0.000000 0.000000 0.000000 0.000000 0.000000 0.000000 0.000000 0.000000 1003.241639 720.786060 -384.867602 1956.699698 1227.647431 -121.518360 169.077006 -1725.261829 -236.297502 -1499.005307 -2575.418175 -1388.306001 -35.880688 -13.079179 -1305.381559 1261.902193 -692.460160 1814.150098 -1234.293744 -1218.730192 221.793954 19.081115 1299.040477 506.757325 -560.494039 708.618595 334.147488 2622.711599 -644.395437 3378.513436 884.976895 846.187749 1214.345686 -762.623361 -389.953476 9.167877 186.429418 2479.638124 155.767246
0.000000 0.000000 0.000000 0.000000 0.000000 0.000000 0.000000 0.000000 0.000000 0.000000 0.000000 0.000000 0.000000 0.000000 0.000000 0.000000 0.000000 0.000000 0.000000 0.000000 0.000000 0.000000 0.000000 0.000000 0.000000 0.000000 0.000000 0.000000 0.000000 0.000000 0.000000 0.000000 0.000000 0.000000 0.000000 0.000000 0.000000 0.000000 0.000000 0.000000 0.000000 0.000000 0.000000 0.000000 0.000000 0.000000 0.000000 0.000000 0.000000 0.000000 0.000000 0.000000 0.000000 0.000000 0.000000 0.000000 0.000000 0.000000 0.000000 0.000000 0.000000 0.000000 -133.337447 120.361729 -14.304715 -177.091581 13.994968 -88.130693 295.989335 -26.503613 217.893843 78.997573 40.110245 -4.736310 -168.072975 43.462933 -138.806577 51.541137 -211.672097 71.997027 174.505587 -105.321198 -69.457391 -188.507768 79.646076 -83.713824 -117.057949 -119.124193 -154.588541 178.469851 -261.898733 -48.954200 -123.918832 -196.165228 144.345277 93.958595 -247.200563 -143.745371 -394.806049 103.341232
0.000000 0.000000 0.000000 0.000000 0.000000 0.000000 0.000000 0.000000 0.000000 0.000000 0.000000 0.000000 0.000000 0.000000 0.000000 0.000000 0.000000 0.000000 0.000000 0.000000 0.000000 0.000000 0.000000 0.000000 0.000000 0.000000 0.000000 0.000000 0.000000 0.000000 0.000000 0.000000 0.000000 0.000000 0.000000 0.000000 0.000000 0.000000 0.000000 0.000000 0.000000 0.000000 0.000000 0.000000 0.000000 0.000000 0.000000 0.000000 0.000000 0.000000 0.000000 0.000000 0.000000 0.000000 0.000000 0.000000 0.000000 0.000000 0.000000 0.000000 0.000000 0.000000 0.000000 -224.374564 210.713942 43.893581 -297.915693 259.382619 -520.078513 209.900795 -318.304577 126.999704 90.861620 -171.891887 125.201310 -135.983774 102.249516 75.801066 270.923315 -21.448472 -538.862054 525.442796 444.418903 64.204456 -736.230364 282.740523 -171.529256 378.680258 201.660380 -475.225283 662.841977 64.167118 41.841490 103.330500 -195.377670 -207.256276 365.306788 225.118308 974.194246 -165.791669
0.000000 0.000000 0.000000 0.000000 0.000000 0.000000 0.000000 0.000000 0.000000 0.000000 0.000000 0.000000 0.000000 0.000000 0.000000 0.000000 0.000000 0.000000 0.000000 0.000000 0.000000 0.000000 0.000000 0.000000 0.000000 0.000000 0.000000 0.000000 0.000000 0.000000 0.000000 0.000000 0.000000 0.000000 0.000000 0.000000 0.000000 0.000000 0.000000 0.000000 0.000000 0.000000 0.000000 0.000000 0.000000 0.000000 0.000000 0.000000 0.000000 0.000000 0.000000 0.000000 0.000000 0.000000 0.000000 0.000000 0.000000 0.000000 0.000000 0.000000 0.000000 0.000000 0.000000 0.000000 327.040481 -374.187208 -420.741497 341.814488 457.237513 186.723932 201.119375 1034.132744 791.745170 30.496599 1.052714 78.415154 -950.294912 183.888950 -441.341889 433.687138 -115.198451 574.787568 610.430179 -381.137570 -1026.188817 211.126283 -548.852055 160.871504 -627.245575 165.346133 -530.822929 -437.236287 -790.649149 -1174.488600 439.828886 -114.130774 -429.157208 -304.481554 14.369097 -205.944521
0.000000 0.000000 0.000000 0.000000 0.000000 0.000000 0.000000 0.000000 0.000000 0.000000 0.000000 0.000000 0.000000 0.000000 0.000000 0.000000 0.000000 0.000000 0.000000 0.000000 0.000000 0.000000 0.000000 0.000000 0.000000 0.000000 0.000000 0.000000 0.000000 0.000000 0.000000 0.000000 0.000000 0.000000 0.000000 0.000000 0.000000 0.000000 0.000000 0.000000 0.000000 0.000000 0.000000 0.000000 0.000000 0.000000 0.000000 0.000000 0.000000 0.000000 0.000000 0.000000 0.000000 0.000000 0.000000 0.000000 0.000000 0.000000 0.000000 0.000000 0.000000 0.000000 0.000000 0.000000 0.000000 243.360097 93.468705 -20.552084 -301.766856 -99.158699 21.038079 -611.097971 -453.416106 -5.548516 -91.780299 -187.970133 546.911618 -211.578987 233.654491 -480.660260 103.811130 -56.411126 -263.938996 -117.971034 320.378244 -155.489006 186.632763 -125.786321 260.250848 -13.775139 382.731467 221.914277 413.605506 560.912193 61.419530 169.998681 109.807788 164.499707 122.115774 106.676046
0.000000 0.000000 0.000000 0.000000 0.000000 0.000000 0.000000 0.000000 0.000000 0.000000 0.000000 0.000000 0.000000 0.000000 0.000000 0.000000 0.000000 0.000000 0.000000 0.000000 0.000000 0.000000 0.000000 0.000000 0.000000 0.000000 0.000000 0.000000 0.000000 0.000000 0.000000 0.000000 0.000000 0.000000 0.000000 0.000000 0.000000 0.000000 0.000000 0.000000 0.000000 0.000000 0.000000 0.000000 0.000000 0.000000 0.000000 0.000000 0.000000 0.000000 0.000000 0.000000 0.000000 0.000000 0.000000 0.000000 0.000000 0.000000 0.000000 0.000000 0.000000 0.000000 0.000000 0.000000 0.000000 0.000000 82.611803 -211.297560 1.514828 127.369166 -135.743190 113.141341 -50.650835 -444.475636 213.953768 132.988666 18.070189 226.748048 178.436303 324.865228 157.880994 -370.764438 -69.460950 121.348023 494.768546 -72.747370 275.407685 -278.417245 -42.510196 -277.780040 -273.542944 -162.078177 205.602885 71.882122 -65.289825 153.419404 192.839525 -218.210872 -518.075905 295.974787
0.000000 0.000000 0.000000 0.000000 0.000000 0.000000 0.000000 0.000000 0.000000 0.000000 0.000000 0.000000 0.000000 0.000000 0.000000 0.000000 0.000000 0.000000 0.000000 0.000000 0.000000 0.000000 0.000000 0.000000 0.000000 0.000000 0.000000 0.000000 0.000000 0.000000 0.000000 0.000000 0.000000 0.000000 0.000000 0.000000 0.000000 0.000000 0.000000 0.000000 0.000000 0.000000 0.000000 0.000000 0.000000 0.000000 0.000000 0.000000 0.000000 0.000000 0.000000 0.000000 0.000000 0.000000 0.000000 0.000000 0.000000 0.000000 0.000000 0.000000 0.000000 0.000000 0.000000 0.000000 0.000000 0.000000 0.000000 -52.963708 -131.413790 -137.782612 -694.335021 367.987364 183.936225 214.998334 238.686135 501.167854 -529.808446 93.863631 -142.606263 837.848307 -948.063579 -219.494517 312.867820 1537.040626 -427.935855 198.876762 -346.750966 658.418195 755.323187 -271.632034 481.567478 67.354345 -757.536921 -316.124205 -1415.986128 -723.016203 164.128920 -179.107807 683.069736 -494.127113
0.000000 0.000000 0.000000 0.000000 0.000000 0.000000 0.000000 0.000000 0.000000 0.000000 0.000000 0.000000 0.000000 0.000000 0.000000 0.000000 0.000000 0.000000 0.000000 0.000000 0.000000 0.000000 0.000000 0.000000 0.000000 0.000000 0.000000 0.000000 0.000000 0.000000 0.000000 0.000000 0.000000 0.000000 0.000000 0.000000 0.000000 0.000000 0.000000 0.000000 0.000000 0.000000 0.000000 0.000000 0.000000 0.000000 0.000000 0.000000 0.000000 0.000000 0.000000 0.000000 0.000000 0.000000 0.000000 0.000000 0.000000 0.000000 0.000000 0.000000 0.000000 0.000000 0.000000 0.000000 0.000000 0.000000 0.000000 0.000000 2601.690082 3314.490015 12820.000615 -6309.148670 -3788.981338 -6526.454797 -3432.853754 -8886.427547 9795.862299 -487.506918 3424.596349 -14366.473516 19048.614638 2377.448293 -6274.046853 -29024.887125 10462.401637 -4342.623851 7664.283863 -14296.486941 -14873.783935 3588.750952 -10790.924706 -2303.441687 15251.206412 6007.525029 26977.188530 14835.037888 -2438.165303 2081.042958 -16037.523341 10842.743768
0.000000 0.000000 0.000000 0.000000 0.000000 0.000000 0.000000 0.000000 0.000000 0.000000 0.000000 0.000000 0.000000 0.000000 0.000000 0.000000 0.000000 0.000000 0.000000 0.000000 0.000000 0.000000 0.000000 0.000000 0.000000 0.000000 0.000000 0.000000 0.000000 0.000000 0.000000 0.000000 0.000000 0.000000 0.000000 0.000000 0.000000 0.000000 0.000000 0.000000 0.000000 0.000000 0.000000 0.000000 0.000000 0.000000 0.000000 0.000000 0.000000 0.000000 0.000000 0.000000 0.000000 0.000000 0.000000 0.000000 0.000000 0.000000 0.000000 0.000000 0.000000 0.000000 0.000000 0.000000 0.000000 0.000000 0.000000 0.000000 0.000000 463.019847 1209.899198 -640.714805 -695.698559 -925.846198 -253.748824 -842.205200 1306.043571 -28.509022 600.702589 -1583.123951 1944.550703 179.773111 -629.348215 -2933.325913 1092.920639 -455.962287 765.013470 -1534.593086 -1442.188918 -6.965679 -748.486044 -213.566032 1830.860768 955.582548 2686.194310 1764.760345 30.830165 204.984139 -1712.328784 1188.536189
0.000000 0.000000 0.000000 0.000000 0.000000 0.000000 0.000000 0.000000 0.000000 0.000000 0.000000 0.000000 0.000000 0.000000 0.000000 0.000000 0.000000 0.000000 0.000000 0.000000 0.000000 0.000000 0.000000 0.000000 0.000000 0.000000 0.000000 0.000000 0.000000 0.000000 0.000000 0.000000 0.000000 0.000000 0.000000 0.000000 0.000000 0.000000 0.000000 0.000000 0.000000 0.000000 0.000000 0.000000 0.000000 0.000000 0.000000 0.000000 0.000000 0.000000 0.000000 0.000000 0.000000 0.000000 0.000000 0.000000 0.000000 0.000000 0.000000 0.000000 0.000000 0.000000 0.000000 0.000000 0.000000 0.000000 0.000000 0.000000 0.000000 0.000000 -853.545760 502.368318 462.332712 352.614134 149.336795 451.775102 -489.504730 79.425693 -132.253468 985.378189 -1166.398878 30.866870 370.484207 1604.498840 -643.547388 321.393049 -367.148492 995.261743 724.243099 -192.741114 610.561323 169.551482 -942.514652 -445.100002 -1444.123680 -1002.483391 224.001863 -65.185297 904.432324 -597.121358
0.000000 0.000000 0.000000 0.000000 0.000000 0.000000 0.000000 0.000000 0.000000 0.000000 0.000000 0.000000 0.000000 0.000000 0.000000 0.000000 0.000000 0.000000 0.000000 0.000000 0.000000 0.000000 0.000000 0.000000 0.000000 0.000000 0.000000 0.000000 0.000000 0.000000 0.000000 0.000000 0.000000 0.000000 0.000000 0.000000 0.000000 0.000000 0.000000 0.000000 0.000000 0.000000 0.000000 0.000000 0.000000 0.000000 0.000000 0.000000 0.000000 0.000000 0.000000 0.000000 0.000000 0.000000 0.000000 0.000000 0.000000 0.000000 0.000000 0.000000 0.000000 0.000000 0.000000 0.000000 0.000000 0.000000 0.000000 0.000000 0.000000 0.000000 0.000000 251.401600 243.703177 -160.490066 162.093568 83.951390 -4.644156 81.361702 77.792036 383.033756 -31.994531 -42.017596 75.188347 216.617331 65.322216 90.764679 49.121430 -117.034290 -91.034210 40.865674 -342.957560 -152.211834 -124.157118 -202.006013 -102.870335 -100.784039 182.924984 -126.011247 -123.101590 -5.531734
0.000000 0.000000 0.000000 0.000000 0.000000 0.000000 0.000000 0.000000 0.000000 0.000000 0.000000 0.000000 0.000000 0.000000 0.000000 0.000000 0.000000 0.000000 0.000000 0.000000 0.000000 0.000000 0.000000 0.000000 0.000000 0.000000 0.000000 0.000000 0.000000 0.000000 0.000000 0.000000 0.000000 0.000000 0.000000 0.000000 0.000000 0.000000 0.000000 0.000000 0.000000 0.000000 0.000000 0.000000 0.000000 0.000000 0.000000 0.000000 0.000000 0.000000 0.000000 0.000000 0.000000 0.000000 0.000000 0.000000 0.000000 0.000000 0.000000 0.000000 0.000000 0.000000 0.000000 0.000000 0.000000 0.000000 0.000000 0.000000 0.000000 0.000000 0.000000 0.000000 3.789052 -64.581009 14.364960 -57.545265 161.867543 34.945524 136.268410 -50.583439 11.880888 108.724046 -187.982937 41.277688 38.804986 -3.643466 96.589751 -13.376477 9.862733 26.904539 107.197369 22.314765 -101.240980 35.399037 57.302716 28.679974 1.389402 133.395888 -78.018051 47.899121
0.000000 0.000000 0.000000 0.000000 0.000000 0.000000 0.000000 0.000000 0.000000 0.000000 0.000000 0.000000 0.000000 0.000000 0.000000 0.000000 0.000000 0.000000 0.000000 0.000000 0.000000 0.000000 0.000000 0.000000 0.000000 0.000000 0.000000 0.000000 0.000000 0.000000 0.000000 0.000000 0.000000 0.000000 0.000000 0.000000 0.000000 0.000000 0.000000 0.000000 0.000000 0.000000 0.000000 0.000000 0.000000 0.000000 0.000000 0.000000 0.000000 0.000000 0.000000 0.000000 0.000000 0.000000 0.000000 0.000000 0.000000 0.000000 0.000000 0.000000 0.000000 0.000000 0.000000 0.000000 0.000000 0.000000 0.000000 0.000000 0.000000 0.000000 0.000000 0.000000 0.000000 4964.607094 -1269.369088 4152.252247 -12188.955437 -2820.972926 -10300.387658 3968.233635 -1126.173306 -7955.385421 14473.554345 -3284.149927 -3126.130476 607.057268 -7161.443330 1298.686624 -770.459633 -1788.702921 -8204.218097 -1714.131704 7806.956945 -2902.040100 -4370.407598 -2566.165866 67.447955 -9994.404466 6386.413973 -3939.529966
0.000000 0.000000 0.000000 0.000000 0.000000 0.000000 0.000000 0.000000 0.000000 0.000000 0.000000 0.000000 0.000000 0.000000 0.000000 0.000000 0.000000 0.000000 0.000000 0.000000 0.000000 0.000000 0.000000 0.000000 0.000000 0.000000 0.000000 0.000000 0.000000 0.000000 0.000000 0.000000 0.000000 0.000000 0.000000 0.000000 0.000000 0.000000 0.000000 0.000000 0.000000 0.000000 0.000000 0.000000 0.000000 0.000000 0.000000 0.000000 0.000000 0.000000 0.000000 0.000000 0.000000 0.000000 0.000000 0.000000 0.000000 0.000000 0.000000 0.000000 0.000000 0.000000 0.000000 0.000000 0.000000 0.000000 0.000000 0.000000 0.000000 0.000000 0.000000 0.000000 0.000000 0.000000 -13.902524 99.688723 600.623071 -45.947398 409.571896 -105.357342 -39.007394 248.418567 -486.976509 323.894384 -111.404222 -82.707026 -66.990894 134.166218 192.030496 148.657994 593.235124 96.895149 -493.416221 197.422557 1.938745 -14.446947 38.208338 371.958579 -169.666809 18.947542
0.000000 0.000000 0.000000 0.000000 0.000000 0.000000 0.000000 0.000000 0.000000 0.000000 0.000000 0.000000 0.000000 0.000000 0.000000 0.000000 0.000000 0.000000 0.000000 0.000000 0.000000 0.000000 0.000000 0.000000 0.000000 0.000000 0.000000 0.000000 0.000000 0.000000 0.000000 0.000000 0.000000 0.000000 0.000000 0.000000 0.000000 0.000000 0.000000 0.000000 0.000000 0.000000 0.000000 0.000000 0.000000 0.000000 0.000000 0.000000 0.000000 0.000000 0.000000 0.000000 0.000000 0.000000 0.000000 0.000000 0.000000 0.000000 0.000000 0.000000 0.000000 0.000000 0.000000 0.000000 0.000000 0.000000 0.000000 0.000000 0.000000 0.000000 0.000000 0.000000 0.000000 0.000000 0.000000 -1968.788894 -8518.487378 633.853572 -5734.838825 1186.940866 375.904425 -2939.246983 6832.438354 -5126.880915 1397.275405 1664.661286 1482.215953 -1651.734302 -2917.950671 -2101.535179 -8387.513099 -1262.668869 7341.666486 -2912.542545 299.869869 217.120223 -491.922105 -4850.221842 2899.799208 -553.594588
0.000000 0.000000 0.000000 0.000000 0.000000 0.000000 0.000000 0.000000 0.000000 0.000000 0.000000 0.000000 0.000000 0.000000 0.000000 0.000000 0.000000 0.000000 0.000000 0.000000 0.000000 0.000000 0.000000 0.000000 0.000000 0.000000 0.000000 0.000000 0.000000 0.000000 0.000000 0.000000 0.000000 0.000000 0.000000 0.000000 0.000000 0.000000 0.000000 0.000000 0.000000 0.000000 0.000000 0.000000 0.000000 0.000000 0.000000 0.000000 0.000000 0.000000 0.000000 0.000000 0.000000 0.000000 0.000000 0.000000 0.000000 0.000000 0.000000 0.000000 0.000000 0.000000 0.000000 0.000000 0.000000 0.000000 0.000000 0.000000 0.000000 0.000000 0.000000 0.000000 0.000000 0.000000 0.000000 0.000000 1145.982361 89.811000 695.882178 -278.346763 0.733458 418.387640 -885.491301 435.512676 -257.455341 50.184940 -185.275357 86.915924 156.311895 87.569758 851.120284 341.210952 -620.252373 446.699247 74.194230 85.402396 101.333226 592.993132 -374.419505 -5.660535
0.000000 0.000000 0.000000 0.000000 0.000000 0.000000 0.000000 0.000000 0.000000 0.000000 0.000000 0.000000 0.000000 0.000000 0.000000 0.000000 0.000000 0.000000 0.000000 0.000000 0.000000 0.000000 0.000000 0.000000 0.000000 0.000000 0.000000 0.000000 0.000000 0.000000 0.000000 0.000000 0.000000 0.000000 0.000000 0.000000 0.000000 0.000000 0.000000 0.000000 0.000000 0.000000 0.000000 0.000000 0.000000 0.000000 0.000000 0.000000 0.000000 0.000000 0.000000 0.000000 0.000000 0.000000 0.000000 0.000000 0.000000 0.000000 0.000000 0.000000 0.000000 0.000000 0.000000 0.000000 0.000000 0.000000 0.000000 0.000000 0.000000 0.000000 0.000000 0.000000 0.000000 0.000000 0.000000 0.000000 0.000000 -124.627894 250.075105 -60.030326 -128.560227 587.868689 -712.247620 444.637984 257.977276 -383.668403 538.710623 423.027968 406.449258 602.660142 732.401737 -110.002646 -1097.077359 -197.798806 188.883149 -245.334810 -229.395650 774.084799 101.817708 374.716093
0.000000 0.000000 0.000000 0.000000 0.000000 0.000000 0.000000 0.000000 0.000000 0.000000 0.000000 0.000000 0.000000 0.000000 0.000000 0.000000 0.000000 0.000000 0.000000 0.000000 0.000000 0.000000 0.000000 0.000000 0.000000 0.000000 0.000000 0.000000 0.000000 0.000000 0.000000 0.000000 0.000000 0.000000 0.000000 0.000000 0.000000 0.000000 0.000000 0.000000 0.000000 0.000000 0.000000 0.000000 0.000000 0.000000 0.000000 0.000000 0.000000 0.000000 0.000000 0.000000 0.000000 0.000000 0.000000 0.000000 0.000000 0.000000 0.000000 0.000000 0.000000 0.000000 0.000000 0.000000 0.000000 0.000000 0.000000 0.000000 0.000000 0.000000 0.000000 0.000000 0.000000 0.000000 0.000000 0.000000 0.000000 0.000000 495.924218 -284.993857 -129.991660 826.737065 -907.276830 686.952122 319.003991 -552.417068 765.077687 552.921778 577.007726 580.597334 1164.936123 -219.364365 -1380.332463 -272.347337 339.256850 -32.347323 -354.832135 1080.308302 -3.120484 566.341826
0.000000 0.000000 0.000000 0.000000 0.000000 0.000000 0.000000 0.000000 0.000000 0.000000 0.000000 0.000000 0.000000 0.000000 0.000000 0.000000 0.000000 0.000000 0.000000 0.000000 0.000000 0.000000 0.000000 0.000000 0.000000 0.000000 0.000000 0.000000 0.000000 0.000000 0.000000 0.000000 0.000000 0.000000 0.000000 0.000000 0.000000 0.000000 0.000000 0.000000 0.000000 0.000000 0.000000 0.000000 0.000000 0.000000 0.000000 0.000000 0.000000 0.000000 0.000000 0.000000 0.000000 0.000000 0.000000 0.000000 0.000000 0.000000 0.000000 0.000000 0.000000 0.000000 0.000000 0.000000 0.000000 0.000000 0.000000 0.000000 0.000000 0.000000 0.000000 0.000000 0.000000 0.000000 0.000000 0.000000 0.000000 0.000000 0.000000 148.792476 214.930339 -287.810870 166.471689 74.658562 331.478057 -10.839172 71.805164 -209.470564 -33.590909 149.239352 -299.441522 -142.724265 156.713685 -24.156016 -118.851933 36.687401 -72.158257 -210.578071 -116.900666 152.499768
0.000000 0.000000 0.000000 0.000000 0.000000 0.000000 0.000000 0.000000 0.000000 0.000000 0.000000 0.000000 0.000000 0.000000 0.000000 0.000000 0.000000 0.000000 0.000000 0.000000 0.000000 0.000000 0.000000 0.000000 0.000000 0.000000 0.000000 0.000000 0.000000 0.000000 0.000000 0.000000 0.000000 0.000000 0.000000 0.000000 0.000000 0.000000 0.000000 0.000000 0.000000 0.000000 0.000000 0.000000 0.000000 0.000000 0.000000 0.000000 0.000000 0.000000 0.000000 0.000000 0.000000 0.000000 0.000000 0.000000 0.000000 0.000000 0.000000 0.000000 0.000000 0.000000 0.000000 0.000000 0.000000 0.000000 0.000000 0.000000 0.000000 0.000000 0.000000 0.000000 0.000000 0.000000 0.000000 0.000000 0.000000 0.000000 0.000000 0.000000 -379.966022 617.871315 -908.761422 -208.522515 -123.510369 -476.432647 361.648231 509.620351 -121.084602 92.257185 615.260331 88.914618 -833.780960 21.825494 693.317270 -313.993887 178.662499 632.894738 -135.984502 28.599865
0.000000 0.000000 0.000000 0.000000 0.000000 0.000000 0.000000 0.000000 0.000000 0.000000 0.000000 0.000000 0.000000 0.000000 0.000000 0.000000 0.000000 0.000000 0.000000 0.000000 0.000000 0.000000 0.000000 0.000000 0.000000 0.000000 0.000000 0.000000 0.000000 0.000000 0.000000 0.000000 0.000000 0.000000 0.000000 0.000000 0.000000 0.000000 0.000000 0.000000 0.000000 0.000000 0.000000 0.000000 0.000000 0.000000 0.000000 0.000000 0.000000 0.000000 0.000000 0.000000 0.000000 0.000000 0.000000 0.000000 0.000000 0.000000 0.000000 0.000000 0.000000 0.000000 0.000000 0.000000 0.000000 0.000000 0.000000 0.000000 0.000000 0.000000 0.000000 0.000000 0.000000 0.000000 0.000000 0.000000 0.000000 0.000000 0.000000 0.000000 0.000000 67.060602 -197.399460 501.727063 178.126469 -103.515951 -100.154851 119.199879 322.030220 300.594348 227.166493 114.838308 -440.756454 -49.189155 -222.627567 -183.821115 -201.322109 165.490664 138.155694 174.053804
0.000000 0.000000 0.000000 0.000000 0.000000 0.000000 0.000000 0.000000 0.000000 0.000000 0.000000 0.000000 0.000000 0.000000 0.000000 0.000000 0.000000 0.000000 0.000000 0.000000 0.000000 0.000000 0.000000 0.000000 0.000000 0.000000 0.000000 0.000000 0.000000 0.000000 0.000000 0.000000 0.000000 0.000000 0.000000 0.000000 0.000000 0.000000 0.000000 0.000000 0.000000 0.000000 0.000000 0.000000 0.000000 0.000000 0.000000 0.000000 0.000000 0.000000 0.000000 0.000000 0.000000 0.000000 0.000000 0.000000 0.000000 0.000000 0.000000 0.000000 0.000000 0.000000 0.000000 0.000000 0.000000 0.000000 0.000000 0.000000 0.000000 0.000000 0.000000 0.000000 0.000000 0.000000 0.000000 0.000000 0.000000 0.000000 0.000000 0.000000 0.000000 0.000000 258.020590 1775.464114 392.728893 280.855718 -893.162546 -24.957904 1110.790062 694.891345 479.900698 564.212955 -824.629424 -198.395476 -1388.434831 -286.653074 -671.896069 -32.017636 805.840434 337.858888
0.000000 0.000000 0.000000 0.000000 0.000000 0.000000 0.000000 0.000000 0.000000 0.000000 0.000000 0.000000 0.000000 0.000000 0.000000 0.000000 0.000000 0.000000 0.000000 0.000000 0.000000 0.000000 0.000000 0.000000 0.000000 0.000000 0.000000 0.000000 0.000000 0.000000 0.000000 0.000000 0.000000 0.000000 0.000000 0.000000 0.000000 0.000000 0.000000 0.000000 0.000000 0.000000 0.000000 0.000000 0.000000 0.000000 0.000000 0.000000 0.000000 0.000000 0.000000 0.000000 0.000000 0.000000 0.000000 0.000000 0.000000 0.000000 0.000000 0.000000 0.000000 0.000000 0.000000 0.000000 0.000000 0.000000 0.000000 0.000000 0.000000 0.000000 0.000000 0.000000 0.000000 0.000000 0.000000 0.000000 0.000000 0.000000 0.000000 0.000000 0.000000 0.000000 0.000000 2846.485204 433.058401 208.202094 -1449.308115 329.238486 1845.802733 1002.065060 874.520653 832.466736 -1389.668728 -209.733561 -1825.192123 -762.613314 -765.568767 200.704186 1263.409759 426.587909
0.000000 0.000000 0.000000 0.000000 0.000000 0.000000 0.000000 0.000000 0.000000 0.000000 0.000000 0.000000 0.000000 0.000000 0.000000 0.000000 0.000000 0.000000 0.000000 0.000000 0.000000 0.000000 0.000000 0.000000 0.000000 0.000000 0.000000 0.000000 0.000000 0.000000 0.000000 0.000000 0.000000 0.000000 0.000000 0.000000 0.000000 0.000000 0.000000 0.000000 0.000000 0.000000 0.000000 0.000000 0.000000 0.000000 0.000000 0.000000 0.000000 0.000000 0.000000 0.000000 0.000000 0.000000 0.000000 0.000000 0.000000 0.000000 0.000000 0.000000 0.000000 0.000000 0.000000 0.000000 0.000000 0.000000 0.000000 0.000000 0.000000 0.000000 0.000000 0.000000 0.000000 0.000000 0.000000 0.000000 0.000000 0.000000 0.000000 0.000000 0.000000 0.000000 0.000000 0.000000 -122.053855 284.758661 -429.923516 146.758822 -46.374443 138.303069 98.416991 115.114990 -12.695086 195.659584 -125.932729 -160.747681 76.098120 122.071271 166.583124 -136.783639
0.000000 0.000000 0.000000 0.000000 0.000000 0.000000 0.000000 0.000000 0.000000 0.000000 0.000000 0.000000 0.000000 0.000000 0.000000 0.000000 0.000000 0.000000 0.000000 0.000000 0.000000 0.000000 0.000000 0.000000 0.000000 0.000000 0.000000 0.000000 0.000000 0.000000 0.000000 0.000000 0.000000 0.000000 0.000000 0.000000 0.000000 0.000000 0.000000 0.000000 0.000000 0.000000 0.000000 0.000000 0.000000 0.000000 0.000000 0.000000 0.000000 0.000000 0.000000 0.000000 0.000000 0.000000 0.000000 0.000000 0.000000 0.000000 0.000000 0.000000 0.000000 0.000000 0.000000 0.000000 0.000000 0.000000 0.000000 0.000000 0.000000 0.000000 0.000000 0.000000 0.000000 0.000000 0.000000 0.000000 0.000000 0.000000 0.000000 0.000000 0.000000 0.000000 0.000000 0.000000 0.000000 -720.004024 526.357835 -0.359408 136.516635 -471.251492 110.195519 -313.968094 55.144097 -272.303564 520.134049 235.042676 42.189868 -162.910918 -199.713137 258.011896
0.000000 0.000000 0.000000 0.000000 0.000000 0.000000 0.000000 0.000000 0.000000 0.000000 0.000000 0.000000 0.000000 0.000000 0.000000 0.000000 0.000000 0.000000 0.000000 0.000000 0.000000 0.000000 0.000000 0.000000 0.000000 0.000000 0.000000 0.000000 0.000000 0.000000 0.000000 0.000000 0.000000 0.000000 0.000000 0.000000 0.000000 0.000000 0.000000 0.000000 0.000000 0.000000 0.000000 0.000000 0.000000 0.000000 0.000000 0.000000 0.000000 0.000000 0.000000 0.000000 0.000000 0.000000 0.000000 0.000000 0.000000 0.000000 0.000000 0.000000 0.000000 0.000000 0.000000 0.000000 0.000000 0.000000 0.000000 0.000000 0.000000 0.000000 0.000000 0.000000 0.000000 0.000000 0.000000 0.000000 0.000000 0.000000 0.000000 0.000000 0.000000 0.000000 0.000000 0.000000 0.000000 0.000000 441.702760 -628.613292 115.671351 -318.557279 -776.054318 284.986027 62.795857 -318.217653 -264.744024 -26.522623 -42.124375 -225.898242 -95.143819 -59.698567
0.000000 0.000000 0.000000 0.000000 0.000000 0.000000 0.000000 0.000000 0.000000 0.000000 0.000000 0.000000 0.000000 0.000000 0.000000 0.000000 0.000000 0.000000 0.000000 0.000000 0.000000 0.000000 0.000000 0.000000 0.000000 0.000000 0.000000 0.000000 0.000000 0.000000 0.000000 0.000000 0.000000 0.000000 0.000000 0.000000 0.000000 0.000000 0.000000 0.000000 0.000000 0.000000 0.000000 0.000000 0.000000 0.000000 0.000000 0.000000 0.000000 0.000000 0.000000 0.000000 0.000000 0.000000 0.000000 0.000000 0.000000 0.000000 0.000000 0.000000 0.000000 0.000000 0.000000 0.000000 0.000000 0.000000 0.000000 0.000000 0.000000 0.000000 0.000000 0.000000 0.000000 0.000000 0.000000 0.000000 0.000000 0.000000 0.000000 0.000000 0.000000 0.000000 0.000000 0.000000 0.000000 0.000000 0.000000 -645.259807 69.237785 -189.114609 -690.697344 277.176525 -309.505904 -244.969388 -310.109826 -244.582194 -20.767904 -31.543504 -7.307140 116.347214
0.000000 0.000000 0.000000 0.000000 0.000000 0.000000 0.000000 0.000000 0.000000 0.000000 0.000000 0.000000 0.000000 0.000000 0.000000 0.000000 0.000000 0.000000 0.000000 0.000000 0.000000 0.000000 0.000000 0.000000 0.000000 0.000000 0.000000 0.000000 0.000000 0.000000 0.000000 0.000000 0.000000 0.000000 0.000000 0.000000 0.000000 0.000000 0.000000 0.000000 0.000000 0.000000 0.000000 0.000000 0.000000 0.000000 0.000000 0.000000 0.000000 0.000000 0.000000 0.000000 0.000000 0.000000 0.000000 0.000000 0.000000 0.000000 0.000000 0.000000 0.000000 0.000000 0.000000 0.000000 0.000000 0.000000 0.000000 0.000000 0.000000 0.000000 0.000000 0.000000 0.000000 0.000000 0.000000 0.000000 0.000000 0.000000 0.000000 0.000000 0.000000 0.000000 0.000000 0.000000 0.000000 0.000000 0.000000 0.000000 -221.182389 -376.881863 234.516826 -10.253622 123.082303 59.904690 34.924758 315.052260 -164.707262 6.517108 4.762901 -94.039653
0.000000 0.000000 0.000000 0.000000 0.000000 0.000000 0.000000 0.000000 0.000000 0.000000 0.000000 0.000000 0.000000 0.000000 0.000000 0.000000 0.000000 0.000000 0.000000 0.000000 0.000000 0.000000 0.000000 0.000000 0.000000 0.000000 0.000000 0.000000 0.000000 0.000000 0.000000 0.000000 0.000000 0.000000 0.000000 0.000000 0.000000 0.000000 0.000000 0.000000 0.000000 0.000000 0.000000 0.000000 0.000000 0.000000 0.000000 0.000000 0.000000 0.000000 0.000000 0.000000 0.000000 0.000000 0.000000 0.000000 0.000000 0.000000 0.000000 0.000000 0.000000 0.000000 0.000000 0.000000 0.000000 0.000000 0.000000 0.000000 0.000000 0.000000 0.000000 0.000000 0.000000 0.000000 0.000000 0.000000 0.000000 0.000000 0.000000 0.000000 0.000000 0.000000 0.000000 0.000000 0.000000 0.000000 0.000000 0.000000 0.000000 286.764331 -142.602707 -102.868748 -199.473067 -100.986209 14.606361 -81.314487 90.366539 -22.758079 -256.861127 64.433347
0.000000 0.000000 0.000000 0.000000 0.000000 0.000000 0.000000 0.000000 0.000000 0.000000 0.000000 0.000000 0.000000 0.000000 0.000000 0.000000 0.000000 0.000000 0.000000 0.000000 0.000000 0.000000 0.000000 0.000000 0.000000 0.000000 0.000000 0.000000 0.000000 0.000000 0.000000 0.000000 0.000000 0.000000 0.000000 0.000000 0.000000 0.000000 0.000000 0.000000 0.000000 0.000000 0.000000 0.000000 0.000000 0.000000 0.000000 0.000000 0.000000 0.000000 0.000000 0.000000 0.000000 0.000000 0.000000 0.000000 0.000000 0.000000 0.000000 0.000000 0.000000 0.000000 0.000000 0.000000 0.000000 0.000000 0.000000 0.000000 0.000000 0.000000 0.000000 0.000000 0.000000 0.000000 0.000000 0.000000 0.000000 0.000000 0.000000 0.000000 0.000000 0.000000 0.000000 0.000000 0.000000 0.000000 0.000000 0.000000 0.000000 0.000000 42.111114 -75.028824 -82.585746 8.251098 170.285160 -151.412957 53.417376 173.026082 445.370677 204.643360
0.000000 0.000000 0.000000 0.000000 0.000000 0.000000 0.000000 0.000000 0.000000 0.000000 0.000000 0.000000 0.000000 0.000000 0.000000 0.000000 0.000000 0.000000 0.000000 0.000000 0.000000 0.000000 0.000000 0.000000 0.000000 0.000000 0.000000 0.000000 0.000000 0.000000 0.000000 0.000000 0.000000 0.000000 0.000000 0.000000 0.000000 0.000000 0.000000 0.000000 0.000000 0.000000 0.000000 0.000000 0.000000 0.000000 0.000000 0.000000 0.000000 0.000000 0.000000 0.000000 0.000000 0.000000 0.000000 0.000000 0.000000 0.000000 0.000000 0.000000 0.000000 0.000000 0.000000 0.000000 0.000000 0.000000 0.000000 0.000000 0.000000 0.000000 0.000000 0.000000 0.000000 0.000000 0.000000 0.000000 0.000000 0.000000 0.000000 0.000000 0.000000 0.000000 0.000000 0.000000 0.000000 0.000000 0.000000 0.000000 0.000000 0.000000 0.000000 439.933136 798.093782 46.813562 -1171.048710 1100.734613 -478.801604 -1221.085375 -2910.364058 -1394.750499
0.000000 0.000000 0.000000 0.000000 0.000000 0.000000 0.000000 0.000000 0.000000 0.000000 0.000000 0.000000 0.000000 0.000000 0.000000 0.000000 0.000000 0.000000 0.000000 0.000000 0.000000 0.000000 0.000000 0.000000 0.000000 0.000000 0.000000 0.000000 0.000000 0.000000 0.000000 0.000000 0.000000 0.000000 0.000000 0.000000 0.000000 0.000000 0.000000 0.000000 0.000000 0.000000 0.000000 0.000000 0.000000 0.000000 0.000000 0.000000 0.000000 0.000000 0.000000 0.000000 0.000000 0.000000 0.000000 0.000000 0.000000 0.000000 0.000000 0.000000 0.000000 0.000000 0.000000 0.000000 0.000000 0.000000 0.000000 0.000000 0.000000 0.000000 0.000000 0.000000 0.000000 0.000000 0.000000 0.000000 0.000000 0.000000 0.000000 0.000000 0.000000 0.000000 0.000000 0.000000 0.000000 0.000000 0.000000 0.000000 0.000000 0.000000 0.000000 0.000000 -351.215071 -50.615852 303.316006 -210.112027 -23.782042 488.204271 1187.598331 532.677163
0.000000 0.000000 0.000000 0.000000 0.000000 0.000000 0.000000 0.000000 0.000000 0.000000 0.000000 0.000000 0.000000 0.000000 0.000000 0.000000 0.000000 0.000000 0.000000 0.000000 0.000000 0.000000 0.000000 0.000000 0.000000 0.000000 0.000000 0.000000 0.000000 0.000000 0.000000 0.000000 0.000000 0.000000 0.000000 0.000000 0.000000 0.000000 0.000000 0.000000 0.000000 0.000000 0.000000 0.000000 0.000000 0.000000 0.000000 0.000000 0.000000 0.000000 0.000000 0.000000 0.000000 0.000000 0.000000 0.000000 0.000000 0.000000 0.000000 0.000000 0.000000 0.000000 0.000000 0.000000 0.000000 0.000000 0.000000 0.000000 0.000000 0.000000 0.000000 0.000000 0.000000 0.000000 0.000000 0.000000 0.000000 0.000000 0.000000 0.000000 0.000000 0.000000 0.000000 0.000000 0.000000 0.000000 0.000000 0.000000 0.000000 0.000000 0.000000 0.000000 0.000000 44.208388 83.128464 -327.335412 -74.262111 -51.264103 -63.080818 -41.191097
0.000000 0.000000 0.000000 0.000000 0.000000 0.000000 0.000000 0.000000 0.000000 0.000000 0.000000 0.000000 0.000000 0.000000 0.000000 0.000000 0.000000 0.000000 0.000000 0.000000 0.000000 0.000000 0.000000 0.000000 0.000000 0.000000 0.000000 0.000000 0.000000 0.000000 0.000000 0.000000 0.000000 0.000000 0.000000 0.000000 0.000000 0.000000 0.000000 0.000000 0.000000 0.000000 0.000000 0.000000 0.000000 0.000000 0.000000 0.000000 0.000000 0.000000 0.000000 0.000000 0.000000 0.000000 0.000000 0.000000 0.000000 0.000000 0.000000 0.000000 0.000000 0.000000 0.000000 0.000000 0.000000 0.000000 0.000000 0.000000 0.000000 0.000000 0.000000 0.000000 0.000000 0.000000 0.000000 0.000000 0.000000 0.000000 0.000000 0.000000 0.000000 0.000000 0.000000 0.000000 0.000000 0.000000 0.000000 0.000000 0.000000 0.000000 0.000000 0.000000 0.000000 0.000000 -355.596136 349.178495 -326.557676 -235.906849 -1149.113938 -337.526127
0.000000 0.000000 0.000000 0.000000 0.000000 0.000000 0.000000 0.000000 0.000000 0.000000 0.000000 0.000000 0.000000 0.000000 0.000000 0.000000 0.000000 0.000000 0.000000 0.000000 0.000000 0.000000 0.000000 0.000000 0.000000 0.000000 0.000000 0.000000 0.000000 0.000000 0.000000 0.000000 0.000000 0.000000 0.000000 0.000000 0.000000 0.000000 0.000000 0.000000 0.000000 0.000000 0.000000 0.000000 0.000000 0.000000 0.000000 0.000000 0.000000 0.000000 0.000000 0.000000 0.000000 0.000000 0.000000 0.000000 0.000000 0.000000 0.000000 0.000000 0.000000 0.000000 0.000000 0.000000 0.000000 0.000000 0.000000 0.000000 0.000000 0.000000 0.000000 0.000000 0.000000 0.000000 0.000000 0.000000 0.000000 0.000000 0.000000 0.000000 0.000000 0.000000 0.000000 0.000000 0.000000 0.000000 0.000000 0.000000 0.000000 0.000000 0.000000 0.000000 0.000000 0.000000 0.000000 -742.102371 -603.439509 -323.479109 -669.871175 -330.998745
0.000000 0.000000 0.000000 0.000000 0.000000 0.000000 0.000000 0.000000 0.000000 0.000000 0.000000 0.000000 0.000000 0.000000 0.000000 0.000000 0.000000 0.000000 0.000000 0.000000 0.000000 0.000000 0.000000 0.000000 0.000000 0.000000 0.000000 0.000000 0.000000 0.000000 0.000000 0.000000 0.000000 0.000000 0.000000 0.000000 0.000000 0.000000 0.000000 0.000000 0.000000 0.000000 0.000000 0.000000 0.000000 0.000000 0.000000 0.000000 0.000000 0.000000 0.000000 0.000000 0.000000 0.000000 0.000000 0.000000 0.000000 0.000000 0.000000 0.000000 0.000000 0.000000 0.000000 0.000000 0.000000 0.000000 0.000000 0.000000 0.000000 0.000000 0.000000 0.000000 0.000000 0.000000 0.000000 0.000000 0.000000 0.000000 0.000000 0.000000 0.000000 0.000000 0.000000 0.000000 0.000000 0.000000 0.000000 0.000000 0.000000 0.000000 0.000000 0.000000 0.000000 0.000000 0.000000 0.000000 -272.542215 172.183588 153.443738 66.045707
0.000000 0.000000 0.000000 0.000000 0.000000 0.000000 0.000000 0.000000 0.000000 0.000000 0.000000 0.000000 0.000000 0.000000 0.000000 0.000000 0.000000 0.000000 0.000000 0.000000 0.000000 0.000000 0.000000 0.000000 0.000000 0.000000 0.000000 0.000000 0.000000 0.000000 0.000000 0.000000 0.000000 0.000000 0.000000 0.000000 0.000000 0.000000 0.000000 0.000000 0.000000 0.000000 0.000000 0.000000 0.000000 0.000000 0.000000 0.000000 0.000000 0.000000 0.000000 0.000000 0.000000 0.000000 0.000000 0.000000 0.000000 0.000000 0.000000 0.000000 0.000000 0.000000 0.000000 0.000000 0.000000 0.000000 0.000000 0.000000 0.000000 0.000000 0.000000 0.000000 0.000000 0.000000 0.000000 0.000000 0.000000 0.000000 0.000000 0.000000 0.000000 0.000000 0.000000 0.000000 0.000000 0.000000 0.000000 0.000000 0.000000 0.000000 0.000000 0.000000 0.000000 0.000000 0.000000 0.000000 0.000000 548.795833 1016.771014 345.904466
0.000000 0.000000 0.000000 0.000000 0.000000 0.000000 0.000000 0.000000 0.000000 0.000000 0.000000 0.000000 0.000000 0.000000 0.000000 0.000000 0.000000 0.000000 0.000000 0.000000 0.000000 0.000000 0.000000 0.000000 0.000000 0.000000 0.000000 0.000000 0.000000 0.000000 0.000000 0.000000 0.000000 0.000000 0.000000 0.000000 0.000000 0.000000 0.000000 0.000000 0.000000 0.000000 0.000000 0.000000 0.000000 0.000000 0.000000 0.000000 0.000000 0.000000 0.000000 0.000000 0.000000 0.000000 0.000000 0.000000 0.000000 0.000000 0.000000 0.000000 0.000000 0.000000 0.000000 0.000000 0.000000 0.000000 0.000000 0.000000 0.000000 0.000000 0.000000 0.000000 0.000000 0.000000 0.000000 0.000000 0.000000 0.000000 0.000000 0.000000 0.000000 0.000000 0.000000 0.000000 0.000000 0.000000 0.000000 0.000000 0.000000 0.000000 0.000000 0.000000 0.000000 0.000000 0.000000 0.000000 0.000000 0.000000 -277.102472 -91.579326
0.000000 0.000000 0.000000 0.000000 0.000000 0.000000 0.000000 0.000000 0.000000 0.000000 0.000000 0.000000 0.000000 0.000000 0.000000 0.000000 0.000000 0.000000 0.000000 0.000000 0.000000 0.000000 0.000000 0.000000 0.000000 0.000000 0.000000 0.000000 0.000000 0.000000 0.000000 0.000000 0.000000 0.000000 0.000000 0.000000 0.000000 0.000000 0.000000 0.000000 0.000000 0.000000 0.000000 0.000000 0.000000 0.000000 0.000000 0.000000 0.000000 0.000000 0.000000 0.000000 0.000000 0.000000 0.000000 0.000000 0.000000 0.000000 0.000000 0.000000 0.000000 0.000000 0.000000 0.000000 0.000000 0.000000 0.000000 0.000000 0.000000 0.000000 0.000000 0.000000 0.000000 0.000000 0.000000 0.000000 0.000000 0.000000 0.000000 0.000000 0.000000 0.000000 0.000000 0.000000 0.000000 0.000000 0.000000 0.000000 0.000000 0.000000 0.000000 0.000000 0.000000 0.000000 0.000000 0.000000 0.000000 0.000000 0.000000 -36.311674
