Система нелінійних рівнянь:
  f₁(x₁,x₂) = x₁² + x₂² - 4 = 0
  f₂(x₁,x₂) = x₁·x₂ - 1 = 0

Цільова функція:
  Φ(x₁,x₂) = f₁² + f₂²

Параметри методу:
  X⁰ = (2.0, 1.0)
  ΔX = (0.1, 0.1)
  ε₁ = 1e-06
  ε₂ = 1e-06
  q = 2.0
  p = 2.0

ТРАЄКТОРІЯ СПУСКУ:
----------------------------------------------------------------------
№ кроку    x₁                   x₂                   Φ(X)                
----------------------------------------------------------------------
0          2.0000000000         1.0000000000         2.00e+00            
1          1.9000000000         0.9000000000         6.80e-01            
2          1.8000000000         0.7000000000         1.41e-01            
3          1.9000000000         0.6000000000         2.05e-02            
4          1.9031250000         0.5000000000         1.88e-02            
5          1.9062500000         0.5500000000         6.41e-03            
6          1.9093750000         0.5375000000         4.97e-03            
7          1.9187500000         0.5250000000         1.88e-03            
8          1.9375000000         0.5125000000         3.24e-04            
9          1.9343750000         0.5156250000         6.56e-05            
10         1.9312500000         0.5187500000         4.74e-06            
11         1.9316406250         0.5171875000         2.60e-06            
12         1.9320312500         0.5175781250         4.00e-07            
13         1.9318359375         0.5176757813         4.65e-09            
14         1.9318420410         0.5176269531         3.07e-09            
15         1.9318481445         0.5176513672         5.68e-10            
16         1.9318466187         0.5176391602         3.37e-10            
17         1.9318481445         0.5176422119         1.24e-10            
18         1.9318496704         0.5176391602         4.40e-11            
19         1.9318527222         0.5176361084         1.51e-11            
20         1.9318527222         0.5176376343         1.35e-11            
21         1.9318519592         0.5176391602         1.02e-11            
22         1.9318511963         0.5176391602         3.78e-12            
23         1.9318511963         0.5176383972         2.22e-12            
24         1.9318515778         0.5176376343         1.42e-12            
25         1.9318519592         0.5176376343         1.03e-12            
26         1.9318519592         0.5176376343         1.03e-12            
27         1.9318517685         0.5176378250         2.35e-13            
28         1.9318515778         0.5176382065         6.30e-14            
29         1.9318515778         0.5176382065         6.30e-14            
30         1.9318515778         0.5176382065         6.30e-14            
31         1.9318516254         0.5176381588         1.52e-14            
32         1.9318516731         0.5176380634         4.36e-15            
33         1.9318516731         0.5176380634         4.36e-15            
34         1.9318516731         0.5176380634         4.36e-15            
35         1.9318516612         0.5176380754         9.09e-16            
36         1.9318516493         0.5176380992         2.57e-16            
37         1.9318516493         0.5176380992         2.57e-16            
38         1.9318516493         0.5176380932         1.09e-16            
39         1.9318516552         0.5176380873         7.12e-17            
40         1.9318516552         0.5176380873         7.12e-17            
41         1.9318516523         0.5176380903         1.35e-18            
42         1.9318516523         0.5176380903         1.35e-18            
43         1.9318516523         0.5176380903         1.35e-18            
44         1.9318516523         0.5176380903         1.35e-18            
45         1.9318516526         0.5176380903         9.21e-20            
46         1.9318516526         0.5176380903         9.21e-20            
47         1.9318516526         0.5176380901         6.33e-20            
48         1.9318516526         0.5176380901         6.33e-20            
49         1.9318516526         0.5176380902         3.60e-20            
50         1.9318516525         0.5176380903         1.24e-20            
51         1.9318516525         0.5176380903         1.24e-20            
52         1.9318516525         0.5176380903         1.24e-20            
53         1.9318516526         0.5176380902         2.02e-21            
54         1.9318516526         0.5176380902         1.94e-21            
55         1.9318516526         0.5176380902         1.94e-21            
56         1.9318516526         0.5176380902         1.57e-21            
57         1.9318516526         0.5176380902         2.69e-23            
58         1.9318516526         0.5176380902         2.69e-23            
59         1.9318516526         0.5176380902         2.69e-23            
60         1.9318516526         0.5176380902         9.39e-24            
61         1.9318516526         0.5176380902         9.39e-24            
62         1.9318516526         0.5176380902         7.97e-24            
63         1.9318516526         0.5176380902         6.09e-24            
64         1.9318516526         0.5176380902         6.09e-24            
65         1.9318516526         0.5176380902         4.67e-24            
66         1.9318516526         0.5176380902         1.11e-25            
67         1.9318516526         0.5176380902         1.11e-25            
68         1.9318516526         0.5176380902         1.11e-25            
69         1.9318516526         0.5176380902         4.03e-26            
70         1.9318516526         0.5176380902         4.03e-26            
71         1.9318516526         0.5176380902         2.38e-26            
72         1.9318516526         0.5176380902         2.38e-26            
73         1.9318516526         0.5176380902         6.01e-28            
74         1.9318516526         0.5176380902         6.01e-28            
75         1.9318516526         0.5176380902         6.01e-28            
76         1.9318516526         0.5176380902         1.75e-28            
77         1.9318516526         0.5176380902         1.75e-28            
78         1.9318516526         0.5176380902         1.75e-28            
79         1.9318516526         0.5176380902         4.52e-29            
80         1.9318516526         0.5176380902         3.67e-29            
81         1.9318516526         0.5176380902         3.67e-29            
82         1.9318516526         0.5176380902         3.76e-30            
83         1.9318516526         0.5176380902         3.55e-30            
84         1.9318516526         0.5176380902         3.55e-30            
85         1.9318516526         0.5176380902         9.86e-31            
86         1.9318516526         0.5176380902         7.89e-31            
87         1.9318516526         0.5176380902         7.89e-31            
88         1.9318516526         0.5176380902         4.93e-32            
89         1.9318516526         0.5176380902         4.93e-32            
90         1.9318516526         0.5176380902         4.93e-32            
91         1.9318516526         0.5176380902         1.23e-32            
92         1.9318516526         0.5176380902         1.23e-32            
93         1.9318516526         0.5176380902         1.23e-32            
94         1.9318516526         0.5176380902         1.23e-32            
95         1.9318516526         0.5176380902         1.23e-32            
96         1.9318516526         0.5176380902         1.23e-32            
97         1.9318516526         0.5176380902         1.23e-32            
98         1.9318516526         0.5176380902         1.23e-32            
99         1.9318516526         0.5176380902         1.23e-32            
100        1.9318516526         0.5176380902         1.23e-32            
101        1.9318516526         0.5176380902         1.23e-32            
102        1.9318516526         0.5176380902         1.23e-32            
103        1.9318516526         0.5176380902         1.23e-32            
104        1.9318516526         0.5176380902         1.23e-32            
105        1.9318516526         0.5176380902         1.23e-32            
106        1.9318516526         0.5176380902         1.23e-32            
107        1.9318516526         0.5176380902         1.23e-32            
108        1.9318516526         0.5176380902         1.23e-32            
109        1.9318516526         0.5176380902         1.23e-32            
110        1.9318516526         0.5176380902         1.23e-32            
111        1.9318516526         0.5176380902         1.23e-32            
112        1.9318516526         0.5176380902         1.23e-32            
113        1.9318516526         0.5176380902         1.23e-32            
114        1.9318516526         0.5176380902         1.23e-32            
115        1.9318516526         0.5176380902         1.23e-32            
116        1.9318516526         0.5176380902         1.23e-32            
117        1.9318516526         0.5176380902         1.23e-32            
118        1.9318516526         0.5176380902         1.23e-32            
119        1.9318516526         0.5176380902         1.23e-32            
120        1.9318516526         0.5176380902         1.23e-32            
121        1.9318516526         0.5176380902         1.23e-32            
122        1.9318516526         0.5176380902         1.23e-32            
123        1.9318516526         0.5176380902         1.23e-32            
124        1.9318516526         0.5176380902         1.23e-32            
125        1.9318516526         0.5176380902         1.23e-32            
126        1.9318516526         0.5176380902         1.23e-32            
127        1.9318516526         0.5176380902         1.23e-32            
128        1.9318516526         0.5176380902         1.23e-32            
129        1.9318516526         0.5176380902         1.23e-32            
130        1.9318516526         0.5176380902         1.23e-32            
131        1.9318516526         0.5176380902         1.23e-32            
132        1.9318516526         0.5176380902         1.23e-32            
133        1.9318516526         0.5176380902         1.23e-32            
134        1.9318516526         0.5176380902         1.23e-32            
135        1.9318516526         0.5176380902         1.23e-32            
136        1.9318516526         0.5176380902         1.23e-32            
137        1.9318516526         0.5176380902         1.23e-32            
138        1.9318516526         0.5176380902         1.23e-32            
139        1.9318516526         0.5176380902         1.23e-32            
140        1.9318516526         0.5176380902         1.23e-32            
141        1.9318516526         0.5176380902         1.23e-32            
142        1.9318516526         0.5176380902         1.23e-32            
143        1.9318516526         0.5176380902         1.23e-32            
144        1.9318516526         0.5176380902         1.23e-32            
145        1.9318516526         0.5176380902         1.23e-32            
146        1.9318516526         0.5176380902         1.23e-32            
147        1.9318516526         0.5176380902         1.23e-32            
148        1.9318516526         0.5176380902         1.23e-32            
149        1.9318516526         0.5176380902         1.23e-32            
150        1.9318516526         0.5176380902         1.23e-32            
151        1.9318516526         0.5176380902         1.23e-32            
152        1.9318516526         0.5176380902         1.23e-32            
153        1.9318516526         0.5176380902         1.23e-32            
154        1.9318516526         0.5176380902         1.23e-32            
155        1.9318516526         0.5176380902         1.23e-32            
156        1.9318516526         0.5176380902         1.23e-32            
157        1.9318516526         0.5176380902         1.23e-32            
158        1.9318516526         0.5176380902         1.23e-32            
159        1.9318516526         0.5176380902         1.23e-32            
160        1.9318516526         0.5176380902         1.23e-32            
161        1.9318516526         0.5176380902         1.23e-32            
162        1.9318516526         0.5176380902         1.23e-32            
163        1.9318516526         0.5176380902         1.23e-32            
164        1.9318516526         0.5176380902         1.23e-32            
165        1.9318516526         0.5176380902         1.23e-32            
166        1.9318516526         0.5176380902         1.23e-32            
167        1.9318516526         0.5176380902         1.23e-32            
168        1.9318516526         0.5176380902         1.23e-32            
169        1.9318516526         0.5176380902         1.23e-32            
170        1.9318516526         0.5176380902         1.23e-32            
171        1.9318516526         0.5176380902         1.23e-32            
172        1.9318516526         0.5176380902         1.23e-32            
173        1.9318516526         0.5176380902         1.23e-32            
174        1.9318516526         0.5176380902         1.23e-32            
175        1.9318516526         0.5176380902         1.23e-32            
176        1.9318516526         0.5176380902         1.23e-32            
177        1.9318516526         0.5176380902         1.23e-32            
178        1.9318516526         0.5176380902         1.23e-32            
179        1.9318516526         0.5176380902         1.23e-32            
180        1.9318516526         0.5176380902         1.23e-32            
181        1.9318516526         0.5176380902         1.23e-32            
182        1.9318516526         0.5176380902         1.23e-32            
183        1.9318516526         0.5176380902         1.23e-32            
184        1.9318516526         0.5176380902         1.23e-32            
185        1.9318516526         0.5176380902         1.23e-32            
186        1.9318516526         0.5176380902         1.23e-32            
187        1.9318516526         0.5176380902         1.23e-32            
188        1.9318516526         0.5176380902         1.23e-32            
189        1.9318516526         0.5176380902         1.23e-32            
190        1.9318516526         0.5176380902         1.23e-32            
191        1.9318516526         0.5176380902         1.23e-32            
192        1.9318516526         0.5176380902         1.23e-32            
193        1.9318516526         0.5176380902         1.23e-32            
194        1.9318516526         0.5176380902         1.23e-32            
195        1.9318516526         0.5176380902         1.23e-32            
196        1.9318516526         0.5176380902         1.23e-32            
197        1.9318516526         0.5176380902         1.23e-32            
198        1.9318516526         0.5176380902         1.23e-32            
199        1.9318516526         0.5176380902         1.23e-32            
200        1.9318516526         0.5176380902         1.23e-32            
201        1.9318516526         0.5176380902         1.23e-32            
202        1.9318516526         0.5176380902         1.23e-32            
203        1.9318516526         0.5176380902         1.23e-32            
204        1.9318516526         0.5176380902         1.23e-32            
205        1.9318516526         0.5176380902         1.23e-32            
206        1.9318516526         0.5176380902         1.23e-32            
207        1.9318516526         0.5176380902         1.23e-32            
208        1.9318516526         0.5176380902         1.23e-32            
209        1.9318516526         0.5176380902         1.23e-32            
210        1.9318516526         0.5176380902         1.23e-32            
211        1.9318516526         0.5176380902         1.23e-32            
212        1.9318516526         0.5176380902         1.23e-32            
213        1.9318516526         0.5176380902         1.23e-32            
214        1.9318516526         0.5176380902         1.23e-32            
215        1.9318516526         0.5176380902         1.23e-32            
216        1.9318516526         0.5176380902         1.23e-32            
217        1.9318516526         0.5176380902         1.23e-32            
218        1.9318516526         0.5176380902         1.23e-32            
219        1.9318516526         0.5176380902         1.23e-32            
220        1.9318516526         0.5176380902         1.23e-32            
221        1.9318516526         0.5176380902         1.23e-32            
222        1.9318516526         0.5176380902         1.23e-32            
223        1.9318516526         0.5176380902         1.23e-32            
224        1.9318516526         0.5176380902         1.23e-32            
225        1.9318516526         0.5176380902         1.23e-32            
226        1.9318516526         0.5176380902         1.23e-32            
227        1.9318516526         0.5176380902         1.23e-32            
228        1.9318516526         0.5176380902         1.23e-32            
229        1.9318516526         0.5176380902         1.23e-32            
230        1.9318516526         0.5176380902         1.23e-32            
231        1.9318516526         0.5176380902         1.23e-32            
232        1.9318516526         0.5176380902         1.23e-32            
233        1.9318516526         0.5176380902         1.23e-32            
234        1.9318516526         0.5176380902         1.23e-32            
235        1.9318516526         0.5176380902         1.23e-32            
236        1.9318516526         0.5176380902         1.23e-32            
237        1.9318516526         0.5176380902         1.23e-32            
238        1.9318516526         0.5176380902         1.23e-32            
239        1.9318516526         0.5176380902         1.23e-32            
240        1.9318516526         0.5176380902         1.23e-32            
241        1.9318516526         0.5176380902         1.23e-32            
242        1.9318516526         0.5176380902         1.23e-32            
243        1.9318516526         0.5176380902         1.23e-32            
244        1.9318516526         0.5176380902         1.23e-32            
245        1.9318516526         0.5176380902         1.23e-32            
246        1.9318516526         0.5176380902         1.23e-32            
247        1.9318516526         0.5176380902         1.23e-32            
248        1.9318516526         0.5176380902         1.23e-32            
249        1.9318516526         0.5176380902         1.23e-32            
250        1.9318516526         0.5176380902         1.23e-32            
251        1.9318516526         0.5176380902         1.23e-32            
252        1.9318516526         0.5176380902         1.23e-32            
253        1.9318516526         0.5176380902         1.23e-32            
254        1.9318516526         0.5176380902         1.23e-32            
255        1.9318516526         0.5176380902         1.23e-32            
256        1.9318516526         0.5176380902         1.23e-32            
257        1.9318516526         0.5176380902         1.23e-32            
258        1.9318516526         0.5176380902         1.23e-32            
259        1.9318516526         0.5176380902         1.23e-32            
260        1.9318516526         0.5176380902         1.23e-32            
261        1.9318516526         0.5176380902         1.23e-32            
262        1.9318516526         0.5176380902         1.23e-32            
263        1.9318516526         0.5176380902         1.23e-32            
264        1.9318516526         0.5176380902         1.23e-32            
265        1.9318516526         0.5176380902         1.23e-32            
266        1.9318516526         0.5176380902         1.23e-32            
267        1.9318516526         0.5176380902         1.23e-32            
268        1.9318516526         0.5176380902         1.23e-32            
269        1.9318516526         0.5176380902         1.23e-32            
270        1.9318516526         0.5176380902         1.23e-32            
271        1.9318516526         0.5176380902         1.23e-32            
272        1.9318516526         0.5176380902         1.23e-32            
273        1.9318516526         0.5176380902         1.23e-32            
274        1.9318516526         0.5176380902         1.23e-32            
275        1.9318516526         0.5176380902         1.23e-32            
276        1.9318516526         0.5176380902         1.23e-32            
277        1.9318516526         0.5176380902         1.23e-32            
278        1.9318516526         0.5176380902         1.23e-32            
279        1.9318516526         0.5176380902         1.23e-32            
280        1.9318516526         0.5176380902         1.23e-32            
281        1.9318516526         0.5176380902         1.23e-32            
282        1.9318516526         0.5176380902         1.23e-32            
283        1.9318516526         0.5176380902         1.23e-32            
284        1.9318516526         0.5176380902         1.23e-32            
285        1.9318516526         0.5176380902         1.23e-32            
286        1.9318516526         0.5176380902         1.23e-32            
287        1.9318516526         0.5176380902         1.23e-32            
288        1.9318516526         0.5176380902         1.23e-32            
289        1.9318516526         0.5176380902         1.23e-32            
290        1.9318516526         0.5176380902         1.23e-32            
291        1.9318516526         0.5176380902         1.23e-32            
292        1.9318516526         0.5176380902         1.23e-32            
293        1.9318516526         0.5176380902         1.23e-32            
294        1.9318516526         0.5176380902         1.23e-32            
295        1.9318516526         0.5176380902         1.23e-32            
296        1.9318516526         0.5176380902         1.23e-32            
297        1.9318516526         0.5176380902         1.23e-32            
298        1.9318516526         0.5176380902         1.23e-32            
299        1.9318516526         0.5176380902         1.23e-32            
300        1.9318516526         0.5176380902         1.23e-32            
301        1.9318516526         0.5176380902         1.23e-32            
302        1.9318516526         0.5176380902         1.23e-32            
303        1.9318516526         0.5176380902         1.23e-32            
304        1.9318516526         0.5176380902         1.23e-32            
305        1.9318516526         0.5176380902         1.23e-32            
306        1.9318516526         0.5176380902         1.23e-32            
307        1.9318516526         0.5176380902         1.23e-32            
308        1.9318516526         0.5176380902         1.23e-32            
309        1.9318516526         0.5176380902         1.23e-32            
310        1.9318516526         0.5176380902         1.23e-32            
311        1.9318516526         0.5176380902         1.23e-32            
312        1.9318516526         0.5176380902         1.23e-32            
313        1.9318516526         0.5176380902         1.23e-32            
314        1.9318516526         0.5176380902         1.23e-32            
315        1.9318516526         0.5176380902         1.23e-32            
316        1.9318516526         0.5176380902         1.23e-32            
317        1.9318516526         0.5176380902         1.23e-32            
318        1.9318516526         0.5176380902         1.23e-32            
319        1.9318516526         0.5176380902         1.23e-32            
320        1.9318516526         0.5176380902         1.23e-32            
321        1.9318516526         0.5176380902         1.23e-32            
322        1.9318516526         0.5176380902         1.23e-32            
323        1.9318516526         0.5176380902         1.23e-32            
324        1.9318516526         0.5176380902         1.23e-32            
325        1.9318516526         0.5176380902         1.23e-32            
326        1.9318516526         0.5176380902         1.23e-32            
327        1.9318516526         0.5176380902         1.23e-32            
328        1.9318516526         0.5176380902         1.23e-32            
329        1.9318516526         0.5176380902         1.23e-32            
330        1.9318516526         0.5176380902         1.23e-32            
331        1.9318516526         0.5176380902         1.23e-32            
332        1.9318516526         0.5176380902         1.23e-32            
333        1.9318516526         0.5176380902         1.23e-32            
334        1.9318516526         0.5176380902         1.23e-32            
335        1.9318516526         0.5176380902         1.23e-32            
336        1.9318516526         0.5176380902         1.23e-32            
337        1.9318516526         0.5176380902         1.23e-32            
338        1.9318516526         0.5176380902         1.23e-32            
339        1.9318516526         0.5176380902         1.23e-32            
340        1.9318516526         0.5176380902         1.23e-32            
341        1.9318516526         0.5176380902         1.23e-32            
342        1.9318516526         0.5176380902         1.23e-32            
343        1.9318516526         0.5176380902         1.23e-32            
344        1.9318516526         0.5176380902         1.23e-32            
345        1.9318516526         0.5176380902         1.23e-32            
346        1.9318516526         0.5176380902         1.23e-32            
347        1.9318516526         0.5176380902         1.23e-32            
348        1.9318516526         0.5176380902         1.23e-32            
349        1.9318516526         0.5176380902         1.23e-32            
350        1.9318516526         0.5176380902         1.23e-32            
351        1.9318516526         0.5176380902         1.23e-32            
352        1.9318516526         0.5176380902         1.23e-32            
353        1.9318516526         0.5176380902         1.23e-32            
354        1.9318516526         0.5176380902         1.23e-32            
355        1.9318516526         0.5176380902         1.23e-32            
356        1.9318516526         0.5176380902         1.23e-32            
357        1.9318516526         0.5176380902         1.23e-32            
358        1.9318516526         0.5176380902         1.23e-32            
359        1.9318516526         0.5176380902         1.23e-32            
360        1.9318516526         0.5176380902         1.23e-32            
361        1.9318516526         0.5176380902         1.23e-32            
362        1.9318516526         0.5176380902         1.23e-32            
363        1.9318516526         0.5176380902         1.23e-32            
364        1.9318516526         0.5176380902         1.23e-32            
365        1.9318516526         0.5176380902         1.23e-32            
366        1.9318516526         0.5176380902         1.23e-32            
367        1.9318516526         0.5176380902         1.23e-32            
368        1.9318516526         0.5176380902         1.23e-32            
369        1.9318516526         0.5176380902         1.23e-32            
370        1.9318516526         0.5176380902         1.23e-32            
371        1.9318516526         0.5176380902         1.23e-32            
372        1.9318516526         0.5176380902         1.23e-32            
373        1.9318516526         0.5176380902         1.23e-32            
374        1.9318516526         0.5176380902         1.23e-32            
375        1.9318516526         0.5176380902         1.23e-32            
376        1.9318516526         0.5176380902         1.23e-32            
377        1.9318516526         0.5176380902         1.23e-32            
378        1.9318516526         0.5176380902         1.23e-32            
379        1.9318516526         0.5176380902         1.23e-32            
380        1.9318516526         0.5176380902         1.23e-32            
381        1.9318516526         0.5176380902         1.23e-32            
382        1.9318516526         0.5176380902         1.23e-32            
383        1.9318516526         0.5176380902         1.23e-32            
384        1.9318516526         0.5176380902         1.23e-32            
385        1.9318516526         0.5176380902         1.23e-32            
386        1.9318516526         0.5176380902         1.23e-32            
387        1.9318516526         0.5176380902         1.23e-32            
388        1.9318516526         0.5176380902         1.23e-32            
389        1.9318516526         0.5176380902         1.23e-32            
390        1.9318516526         0.5176380902         1.23e-32            
391        1.9318516526         0.5176380902         1.23e-32            
392        1.9318516526         0.5176380902         1.23e-32            
393        1.9318516526         0.5176380902         1.23e-32            
394        1.9318516526         0.5176380902         1.23e-32            
395        1.9318516526         0.5176380902         1.23e-32            
396        1.9318516526         0.5176380902         1.23e-32            
397        1.9318516526         0.5176380902         1.23e-32            
398        1.9318516526         0.5176380902         1.23e-32            
399        1.9318516526         0.5176380902         1.23e-32            
400        1.9318516526         0.5176380902         1.23e-32            
401        1.9318516526         0.5176380902         1.23e-32            
402        1.9318516526         0.5176380902         1.23e-32            
403        1.9318516526         0.5176380902         1.23e-32            
404        1.9318516526         0.5176380902         1.23e-32            
405        1.9318516526         0.5176380902         1.23e-32            
406        1.9318516526         0.5176380902         1.23e-32            
407        1.9318516526         0.5176380902         1.23e-32            
408        1.9318516526         0.5176380902         1.23e-32            
409        1.9318516526         0.5176380902         1.23e-32            
410        1.9318516526         0.5176380902         1.23e-32            
411        1.9318516526         0.5176380902         1.23e-32            
412        1.9318516526         0.5176380902         1.23e-32            
413        1.9318516526         0.5176380902         1.23e-32            
414        1.9318516526         0.5176380902         1.23e-32            
415        1.9318516526         0.5176380902         1.23e-32            
416        1.9318516526         0.5176380902         1.23e-32            
417        1.9318516526         0.5176380902         1.23e-32            
418        1.9318516526         0.5176380902         1.23e-32            
419        1.9318516526         0.5176380902         1.23e-32            
420        1.9318516526         0.5176380902         1.23e-32            
421        1.9318516526         0.5176380902         1.23e-32            
422        1.9318516526         0.5176380902         1.23e-32            
423        1.9318516526         0.5176380902         1.23e-32            
424        1.9318516526         0.5176380902         1.23e-32            
425        1.9318516526         0.5176380902         1.23e-32            
426        1.9318516526         0.5176380902         1.23e-32            
427        1.9318516526         0.5176380902         1.23e-32            
428        1.9318516526         0.5176380902         1.23e-32            
429        1.9318516526         0.5176380902         1.23e-32            
430        1.9318516526         0.5176380902         1.23e-32            
431        1.9318516526         0.5176380902         1.23e-32            
432        1.9318516526         0.5176380902         1.23e-32            
433        1.9318516526         0.5176380902         1.23e-32            
434        1.9318516526         0.5176380902         1.23e-32            
435        1.9318516526         0.5176380902         1.23e-32            
436        1.9318516526         0.5176380902         1.23e-32            
437        1.9318516526         0.5176380902         1.23e-32            
438        1.9318516526         0.5176380902         1.23e-32            
439        1.9318516526         0.5176380902         1.23e-32            
440        1.9318516526         0.5176380902         1.23e-32            
441        1.9318516526         0.5176380902         1.23e-32            
442        1.9318516526         0.5176380902         1.23e-32            
443        1.9318516526         0.5176380902         1.23e-32            
444        1.9318516526         0.5176380902         1.23e-32            
445        1.9318516526         0.5176380902         1.23e-32            
446        1.9318516526         0.5176380902         1.23e-32            
447        1.9318516526         0.5176380902         1.23e-32            
448        1.9318516526         0.5176380902         1.23e-32            
449        1.9318516526         0.5176380902         1.23e-32            
450        1.9318516526         0.5176380902         1.23e-32            
451        1.9318516526         0.5176380902         1.23e-32            
452        1.9318516526         0.5176380902         1.23e-32            
453        1.9318516526         0.5176380902         1.23e-32            
454        1.9318516526         0.5176380902         1.23e-32            
455        1.9318516526         0.5176380902         1.23e-32            
456        1.9318516526         0.5176380902         1.23e-32            
457        1.9318516526         0.5176380902         1.23e-32            
458        1.9318516526         0.5176380902         1.23e-32            
459        1.9318516526         0.5176380902         1.23e-32            
460        1.9318516526         0.5176380902         1.23e-32            
461        1.9318516526         0.5176380902         1.23e-32            
462        1.9318516526         0.5176380902         1.23e-32            
463        1.9318516526         0.5176380902         1.23e-32            
464        1.9318516526         0.5176380902         1.23e-32            
465        1.9318516526         0.5176380902         1.23e-32            
466        1.9318516526         0.5176380902         1.23e-32            
467        1.9318516526         0.5176380902         1.23e-32            
468        1.9318516526         0.5176380902         1.23e-32            
469        1.9318516526         0.5176380902         1.23e-32            
470        1.9318516526         0.5176380902         1.23e-32            
471        1.9318516526         0.5176380902         1.23e-32            
472        1.9318516526         0.5176380902         1.23e-32            
473        1.9318516526         0.5176380902         1.23e-32            
474        1.9318516526         0.5176380902         1.23e-32            
475        1.9318516526         0.5176380902         1.23e-32            
476        1.9318516526         0.5176380902         1.23e-32            
477        1.9318516526         0.5176380902         1.23e-32            
478        1.9318516526         0.5176380902         1.23e-32            
479        1.9318516526         0.5176380902         1.23e-32            
480        1.9318516526         0.5176380902         1.23e-32            
481        1.9318516526         0.5176380902         1.23e-32            
482        1.9318516526         0.5176380902         1.23e-32            
483        1.9318516526         0.5176380902         1.23e-32            
484        1.9318516526         0.5176380902         1.23e-32            
485        1.9318516526         0.5176380902         1.23e-32            
486        1.9318516526         0.5176380902         1.23e-32            
487        1.9318516526         0.5176380902         1.23e-32            
488        1.9318516526         0.5176380902         1.23e-32            
489        1.9318516526         0.5176380902         1.23e-32            
490        1.9318516526         0.5176380902         1.23e-32            
491        1.9318516526         0.5176380902         1.23e-32            
492        1.9318516526         0.5176380902         1.23e-32            
493        1.9318516526         0.5176380902         1.23e-32            
494        1.9318516526         0.5176380902         1.23e-32            
495        1.9318516526         0.5176380902         1.23e-32            
496        1.9318516526         0.5176380902         1.23e-32            
497        1.9318516526         0.5176380902         1.23e-32            
498        1.9318516526         0.5176380902         1.23e-32            
499        1.9318516526         0.5176380902         1.23e-32            
500        1.9318516526         0.5176380902         1.23e-32            
501        1.9318516526         0.5176380902         1.23e-32            
502        1.9318516526         0.5176380902         1.23e-32            
503        1.9318516526         0.5176380902         1.23e-32            
504        1.9318516526         0.5176380902         1.23e-32            
505        1.9318516526         0.5176380902         1.23e-32            
506        1.9318516526         0.5176380902         1.23e-32            
507        1.9318516526         0.5176380902         1.23e-32            
508        1.9318516526         0.5176380902         1.23e-32            
509        1.9318516526         0.5176380902         1.23e-32            
510        1.9318516526         0.5176380902         1.23e-32            
511        1.9318516526         0.5176380902         1.23e-32            
512        1.9318516526         0.5176380902         1.23e-32            
513        1.9318516526         0.5176380902         1.23e-32            
514        1.9318516526         0.5176380902         1.23e-32            
515        1.9318516526         0.5176380902         1.23e-32            
516        1.9318516526         0.5176380902         1.23e-32            
517        1.9318516526         0.5176380902         1.23e-32            
518        1.9318516526         0.5176380902         1.23e-32            
519        1.9318516526         0.5176380902         1.23e-32            
520        1.9318516526         0.5176380902         1.23e-32            
521        1.9318516526         0.5176380902         1.23e-32            
522        1.9318516526         0.5176380902         1.23e-32            
523        1.9318516526         0.5176380902         1.23e-32            
524        1.9318516526         0.5176380902         1.23e-32            
525        1.9318516526         0.5176380902         1.23e-32            
526        1.9318516526         0.5176380902         1.23e-32            
527        1.9318516526         0.5176380902         1.23e-32            
528        1.9318516526         0.5176380902         1.23e-32            
529        1.9318516526         0.5176380902         1.23e-32            
530        1.9318516526         0.5176380902         1.23e-32            
531        1.9318516526         0.5176380902         1.23e-32            
532        1.9318516526         0.5176380902         1.23e-32            
533        1.9318516526         0.5176380902         1.23e-32            
534        1.9318516526         0.5176380902         1.23e-32            
535        1.9318516526         0.5176380902         1.23e-32            
536        1.9318516526         0.5176380902         1.23e-32            
537        1.9318516526         0.5176380902         1.23e-32            
538        1.9318516526         0.5176380902         1.23e-32            
539        1.9318516526         0.5176380902         1.23e-32            
540        1.9318516526         0.5176380902         1.23e-32            
541        1.9318516526         0.5176380902         1.23e-32            
542        1.9318516526         0.5176380902         1.23e-32            
543        1.9318516526         0.5176380902         1.23e-32            
544        1.9318516526         0.5176380902         1.23e-32            
545        1.9318516526         0.5176380902         1.23e-32            
546        1.9318516526         0.5176380902         1.23e-32            
547        1.9318516526         0.5176380902         1.23e-32            
548        1.9318516526         0.5176380902         1.23e-32            
549        1.9318516526         0.5176380902         1.23e-32            
550        1.9318516526         0.5176380902         1.23e-32            
551        1.9318516526         0.5176380902         1.23e-32            
552        1.9318516526         0.5176380902         1.23e-32            
553        1.9318516526         0.5176380902         1.23e-32            
554        1.9318516526         0.5176380902         1.23e-32            
555        1.9318516526         0.5176380902         1.23e-32            
556        1.9318516526         0.5176380902         1.23e-32            
557        1.9318516526         0.5176380902         1.23e-32            
558        1.9318516526         0.5176380902         1.23e-32            
559        1.9318516526         0.5176380902         1.23e-32            
560        1.9318516526         0.5176380902         1.23e-32            
561        1.9318516526         0.5176380902         1.23e-32            
562        1.9318516526         0.5176380902         1.23e-32            
563        1.9318516526         0.5176380902         1.23e-32            
564        1.9318516526         0.5176380902         1.23e-32            
565        1.9318516526         0.5176380902         1.23e-32            
566        1.9318516526         0.5176380902         1.23e-32            
567        1.9318516526         0.5176380902         1.23e-32            
568        1.9318516526         0.5176380902         1.23e-32            
569        1.9318516526         0.5176380902         1.23e-32            
570        1.9318516526         0.5176380902         1.23e-32            
571        1.9318516526         0.5176380902         1.23e-32            
572        1.9318516526         0.5176380902         1.23e-32            
573        1.9318516526         0.5176380902         1.23e-32            
574        1.9318516526         0.5176380902         1.23e-32            
575        1.9318516526         0.5176380902         1.23e-32            
576        1.9318516526         0.5176380902         1.23e-32            
577        1.9318516526         0.5176380902         1.23e-32            
578        1.9318516526         0.5176380902         1.23e-32            
579        1.9318516526         0.5176380902         1.23e-32            
580        1.9318516526         0.5176380902         1.23e-32            
581        1.9318516526         0.5176380902         1.23e-32            
582        1.9318516526         0.5176380902         1.23e-32            
583        1.9318516526         0.5176380902         1.23e-32            
584        1.9318516526         0.5176380902         1.23e-32            
585        1.9318516526         0.5176380902         1.23e-32            
586        1.9318516526         0.5176380902         1.23e-32            
587        1.9318516526         0.5176380902         1.23e-32            
588        1.9318516526         0.5176380902         1.23e-32            
589        1.9318516526         0.5176380902         1.23e-32            
590        1.9318516526         0.5176380902         1.23e-32            
591        1.9318516526         0.5176380902         1.23e-32            
592        1.9318516526         0.5176380902         1.23e-32            
593        1.9318516526         0.5176380902         1.23e-32            
594        1.9318516526         0.5176380902         1.23e-32            
595        1.9318516526         0.5176380902         1.23e-32            
596        1.9318516526         0.5176380902         1.23e-32            
597        1.9318516526         0.5176380902         1.23e-32            
598        1.9318516526         0.5176380902         1.23e-32            
599        1.9318516526         0.5176380902         1.23e-32            
600        1.9318516526         0.5176380902         1.23e-32            
601        1.9318516526         0.5176380902         1.23e-32            
602        1.9318516526         0.5176380902         1.23e-32            
603        1.9318516526         0.5176380902         1.23e-32            
604        1.9318516526         0.5176380902         1.23e-32            
605        1.9318516526         0.5176380902         1.23e-32            
606        1.9318516526         0.5176380902         1.23e-32            
607        1.9318516526         0.5176380902         1.23e-32            
608        1.9318516526         0.5176380902         1.23e-32            
609        1.9318516526         0.5176380902         1.23e-32            
610        1.9318516526         0.5176380902         1.23e-32            
611        1.9318516526         0.5176380902         1.23e-32            
612        1.9318516526         0.5176380902         1.23e-32            
613        1.9318516526         0.5176380902         1.23e-32            
614        1.9318516526         0.5176380902         1.23e-32            
615        1.9318516526         0.5176380902         1.23e-32            
616        1.9318516526         0.5176380902         1.23e-32            
617        1.9318516526         0.5176380902         1.23e-32            
618        1.9318516526         0.5176380902         1.23e-32            
619        1.9318516526         0.5176380902         1.23e-32            
620        1.9318516526         0.5176380902         1.23e-32            
621        1.9318516526         0.5176380902         1.23e-32            
622        1.9318516526         0.5176380902         1.23e-32            
623        1.9318516526         0.5176380902         1.23e-32            
624        1.9318516526         0.5176380902         1.23e-32            
625        1.9318516526         0.5176380902         1.23e-32            
626        1.9318516526         0.5176380902         1.23e-32            
627        1.9318516526         0.5176380902         1.23e-32            
628        1.9318516526         0.5176380902         1.23e-32            
629        1.9318516526         0.5176380902         1.23e-32            
630        1.9318516526         0.5176380902         1.23e-32            
631        1.9318516526         0.5176380902         1.23e-32            
632        1.9318516526         0.5176380902         1.23e-32            
633        1.9318516526         0.5176380902         1.23e-32            
634        1.9318516526         0.5176380902         1.23e-32            
635        1.9318516526         0.5176380902         1.23e-32            
636        1.9318516526         0.5176380902         1.23e-32            
637        1.9318516526         0.5176380902         1.23e-32            
638        1.9318516526         0.5176380902         1.23e-32            
639        1.9318516526         0.5176380902         1.23e-32            
640        1.9318516526         0.5176380902         1.23e-32            
641        1.9318516526         0.5176380902         1.23e-32            
642        1.9318516526         0.5176380902         1.23e-32            
643        1.9318516526         0.5176380902         1.23e-32            
644        1.9318516526         0.5176380902         1.23e-32            
645        1.9318516526         0.5176380902         1.23e-32            
646        1.9318516526         0.5176380902         1.23e-32            
647        1.9318516526         0.5176380902         1.23e-32            
648        1.9318516526         0.5176380902         1.23e-32            
649        1.9318516526         0.5176380902         1.23e-32            
650        1.9318516526         0.5176380902         1.23e-32            
651        1.9318516526         0.5176380902         1.23e-32            
652        1.9318516526         0.5176380902         1.23e-32            
653        1.9318516526         0.5176380902         1.23e-32            
654        1.9318516526         0.5176380902         1.23e-32            
655        1.9318516526         0.5176380902         1.23e-32            
656        1.9318516526         0.5176380902         1.23e-32            
657        1.9318516526         0.5176380902         1.23e-32            
658        1.9318516526         0.5176380902         1.23e-32            
659        1.9318516526         0.5176380902         1.23e-32            
660        1.9318516526         0.5176380902         1.23e-32            
661        1.9318516526         0.5176380902         1.23e-32            
662        1.9318516526         0.5176380902         1.23e-32            
663        1.9318516526         0.5176380902         1.23e-32            
664        1.9318516526         0.5176380902         1.23e-32            
665        1.9318516526         0.5176380902         1.23e-32            
666        1.9318516526         0.5176380902         1.23e-32            
667        1.9318516526         0.5176380902         1.23e-32            
668        1.9318516526         0.5176380902         1.23e-32            
669        1.9318516526         0.5176380902         1.23e-32            
670        1.9318516526         0.5176380902         1.23e-32            
671        1.9318516526         0.5176380902         1.23e-32            
672        1.9318516526         0.5176380902         1.23e-32            
673        1.9318516526         0.5176380902         1.23e-32            
674        1.9318516526         0.5176380902         1.23e-32            
675        1.9318516526         0.5176380902         1.23e-32            
676        1.9318516526         0.5176380902         1.23e-32            
677        1.9318516526         0.5176380902         1.23e-32            
678        1.9318516526         0.5176380902         1.23e-32            
679        1.9318516526         0.5176380902         1.23e-32            
680        1.9318516526         0.5176380902         1.23e-32            
681        1.9318516526         0.5176380902         1.23e-32            
682        1.9318516526         0.5176380902         1.23e-32            
683        1.9318516526         0.5176380902         1.23e-32            
684        1.9318516526         0.5176380902         1.23e-32            
685        1.9318516526         0.5176380902         1.23e-32            
686        1.9318516526         0.5176380902         1.23e-32            
687        1.9318516526         0.5176380902         1.23e-32            
688        1.9318516526         0.5176380902         1.23e-32            
689        1.9318516526         0.5176380902         1.23e-32            
690        1.9318516526         0.5176380902         1.23e-32            
691        1.9318516526         0.5176380902         1.23e-32            
692        1.9318516526         0.5176380902         1.23e-32            
693        1.9318516526         0.5176380902         1.23e-32            
694        1.9318516526         0.5176380902         1.23e-32            
695        1.9318516526         0.5176380902         1.23e-32            
696        1.9318516526         0.5176380902         1.23e-32            
697        1.9318516526         0.5176380902         1.23e-32            
698        1.9318516526         0.5176380902         1.23e-32            
699        1.9318516526         0.5176380902         1.23e-32            
700        1.9318516526         0.5176380902         1.23e-32            
701        1.9318516526         0.5176380902         1.23e-32            
702        1.9318516526         0.5176380902         1.23e-32            
703        1.9318516526         0.5176380902         1.23e-32            
704        1.9318516526         0.5176380902         1.23e-32            
705        1.9318516526         0.5176380902         1.23e-32            
706        1.9318516526         0.5176380902         1.23e-32            
707        1.9318516526         0.5176380902         1.23e-32            
708        1.9318516526         0.5176380902         1.23e-32            
709        1.9318516526         0.5176380902         1.23e-32            
710        1.9318516526         0.5176380902         1.23e-32            
711        1.9318516526         0.5176380902         1.23e-32            
712        1.9318516526         0.5176380902         1.23e-32            
713        1.9318516526         0.5176380902         1.23e-32            
714        1.9318516526         0.5176380902         1.23e-32            
715        1.9318516526         0.5176380902         1.23e-32            
716        1.9318516526         0.5176380902         1.23e-32            
717        1.9318516526         0.5176380902         1.23e-32            
718        1.9318516526         0.5176380902         1.23e-32            
719        1.9318516526         0.5176380902         1.23e-32            
720        1.9318516526         0.5176380902         1.23e-32            
721        1.9318516526         0.5176380902         1.23e-32            
722        1.9318516526         0.5176380902         1.23e-32            
723        1.9318516526         0.5176380902         1.23e-32            
724        1.9318516526         0.5176380902         1.23e-32            
725        1.9318516526         0.5176380902         1.23e-32            
726        1.9318516526         0.5176380902         1.23e-32            
727        1.9318516526         0.5176380902         1.23e-32            
728        1.9318516526         0.5176380902         1.23e-32            
729        1.9318516526         0.5176380902         1.23e-32            
730        1.9318516526         0.5176380902         1.23e-32            
731        1.9318516526         0.5176380902         1.23e-32            
732        1.9318516526         0.5176380902         1.23e-32            
733        1.9318516526         0.5176380902         1.23e-32            
734        1.9318516526         0.5176380902         1.23e-32            
735        1.9318516526         0.5176380902         1.23e-32            
736        1.9318516526         0.5176380902         1.23e-32            
737        1.9318516526         0.5176380902         1.23e-32            
738        1.9318516526         0.5176380902         1.23e-32            
739        1.9318516526         0.5176380902         1.23e-32            
740        1.9318516526         0.5176380902         1.23e-32            
741        1.9318516526         0.5176380902         1.23e-32            
742        1.9318516526         0.5176380902         1.23e-32            
743        1.9318516526         0.5176380902         1.23e-32            
744        1.9318516526         0.5176380902         1.23e-32            
745        1.9318516526         0.5176380902         1.23e-32            
746        1.9318516526         0.5176380902         1.23e-32            
747        1.9318516526         0.5176380902         1.23e-32            
748        1.9318516526         0.5176380902         1.23e-32            
749        1.9318516526         0.5176380902         1.23e-32            
750        1.9318516526         0.5176380902         1.23e-32            
751        1.9318516526         0.5176380902         1.23e-32            
752        1.9318516526         0.5176380902         1.23e-32            
753        1.9318516526         0.5176380902         1.23e-32            
754        1.9318516526         0.5176380902         1.23e-32            
755        1.9318516526         0.5176380902         1.23e-32            
756        1.9318516526         0.5176380902         1.23e-32            
757        1.9318516526         0.5176380902         1.23e-32            
758        1.9318516526         0.5176380902         1.23e-32            
759        1.9318516526         0.5176380902         1.23e-32            
760        1.9318516526         0.5176380902         1.23e-32            
761        1.9318516526         0.5176380902         1.23e-32            
762        1.9318516526         0.5176380902         1.23e-32            
763        1.9318516526         0.5176380902         1.23e-32            
764        1.9318516526         0.5176380902         1.23e-32            
765        1.9318516526         0.5176380902         1.23e-32            
766        1.9318516526         0.5176380902         1.23e-32            
767        1.9318516526         0.5176380902         1.23e-32            
768        1.9318516526         0.5176380902         1.23e-32            
769        1.9318516526         0.5176380902         1.23e-32            
770        1.9318516526         0.5176380902         1.23e-32            
771        1.9318516526         0.5176380902         1.23e-32            
772        1.9318516526         0.5176380902         1.23e-32            
773        1.9318516526         0.5176380902         1.23e-32            
774        1.9318516526         0.5176380902         1.23e-32            
775        1.9318516526         0.5176380902         1.23e-32            
776        1.9318516526         0.5176380902         1.23e-32            
777        1.9318516526         0.5176380902         1.23e-32            
778        1.9318516526         0.5176380902         1.23e-32            
779        1.9318516526         0.5176380902         1.23e-32            
780        1.9318516526         0.5176380902         1.23e-32            
781        1.9318516526         0.5176380902         1.23e-32            
782        1.9318516526         0.5176380902         1.23e-32            
783        1.9318516526         0.5176380902         1.23e-32            
784        1.9318516526         0.5176380902         1.23e-32            
785        1.9318516526         0.5176380902         1.23e-32            
786        1.9318516526         0.5176380902         1.23e-32            
787        1.9318516526         0.5176380902         1.23e-32            
788        1.9318516526         0.5176380902         1.23e-32            
789        1.9318516526         0.5176380902         1.23e-32            
790        1.9318516526         0.5176380902         1.23e-32            
791        1.9318516526         0.5176380902         1.23e-32            
792        1.9318516526         0.5176380902         1.23e-32            
793        1.9318516526         0.5176380902         1.23e-32            
794        1.9318516526         0.5176380902         1.23e-32            
795        1.9318516526         0.5176380902         1.23e-32            
796        1.9318516526         0.5176380902         1.23e-32            
797        1.9318516526         0.5176380902         1.23e-32            
798        1.9318516526         0.5176380902         1.23e-32            
799        1.9318516526         0.5176380902         1.23e-32            
800        1.9318516526         0.5176380902         1.23e-32            
801        1.9318516526         0.5176380902         1.23e-32            
802        1.9318516526         0.5176380902         1.23e-32            
803        1.9318516526         0.5176380902         1.23e-32            
804        1.9318516526         0.5176380902         1.23e-32            
805        1.9318516526         0.5176380902         1.23e-32            
806        1.9318516526         0.5176380902         1.23e-32            
807        1.9318516526         0.5176380902         1.23e-32            
808        1.9318516526         0.5176380902         1.23e-32            
809        1.9318516526         0.5176380902         1.23e-32            
810        1.9318516526         0.5176380902         1.23e-32            
811        1.9318516526         0.5176380902         1.23e-32            
812        1.9318516526         0.5176380902         1.23e-32            
813        1.9318516526         0.5176380902         1.23e-32            
814        1.9318516526         0.5176380902         1.23e-32            
815        1.9318516526         0.5176380902         1.23e-32            
816        1.9318516526         0.5176380902         1.23e-32            
817        1.9318516526         0.5176380902         1.23e-32            
818        1.9318516526         0.5176380902         1.23e-32            
819        1.9318516526         0.5176380902         1.23e-32            
820        1.9318516526         0.5176380902         1.23e-32            
821        1.9318516526         0.5176380902         1.23e-32            
822        1.9318516526         0.5176380902         1.23e-32            
823        1.9318516526         0.5176380902         1.23e-32            
824        1.9318516526         0.5176380902         1.23e-32            
825        1.9318516526         0.5176380902         1.23e-32            
826        1.9318516526         0.5176380902         1.23e-32            
827        1.9318516526         0.5176380902         1.23e-32            
828        1.9318516526         0.5176380902         1.23e-32            
829        1.9318516526         0.5176380902         1.23e-32            
830        1.9318516526         0.5176380902         1.23e-32            
831        1.9318516526         0.5176380902         1.23e-32            
832        1.9318516526         0.5176380902         1.23e-32            
833        1.9318516526         0.5176380902         1.23e-32            
834        1.9318516526         0.5176380902         1.23e-32            
835        1.9318516526         0.5176380902         1.23e-32            
836        1.9318516526         0.5176380902         1.23e-32            
837        1.9318516526         0.5176380902         1.23e-32            
838        1.9318516526         0.5176380902         1.23e-32            
839        1.9318516526         0.5176380902         1.23e-32            
840        1.9318516526         0.5176380902         1.23e-32            
841        1.9318516526         0.5176380902         1.23e-32            
842        1.9318516526         0.5176380902         1.23e-32            
843        1.9318516526         0.5176380902         1.23e-32            
844        1.9318516526         0.5176380902         1.23e-32            
845        1.9318516526         0.5176380902         1.23e-32            
846        1.9318516526         0.5176380902         1.23e-32            
847        1.9318516526         0.5176380902         1.23e-32            
848        1.9318516526         0.5176380902         1.23e-32            
849        1.9318516526         0.5176380902         1.23e-32            
850        1.9318516526         0.5176380902         1.23e-32            
851        1.9318516526         0.5176380902         1.23e-32            
852        1.9318516526         0.5176380902         1.23e-32            
853        1.9318516526         0.5176380902         1.23e-32            
854        1.9318516526         0.5176380902         1.23e-32            
855        1.9318516526         0.5176380902         1.23e-32            
856        1.9318516526         0.5176380902         1.23e-32            
857        1.9318516526         0.5176380902         1.23e-32            
858        1.9318516526         0.5176380902         1.23e-32            
859        1.9318516526         0.5176380902         1.23e-32            
860        1.9318516526         0.5176380902         1.23e-32            
861        1.9318516526         0.5176380902         1.23e-32            
862        1.9318516526         0.5176380902         1.23e-32            
863        1.9318516526         0.5176380902         1.23e-32            
864        1.9318516526         0.5176380902         1.23e-32            
865        1.9318516526         0.5176380902         1.23e-32            
866        1.9318516526         0.5176380902         1.23e-32            
867        1.9318516526         0.5176380902         1.23e-32            
868        1.9318516526         0.5176380902         1.23e-32            
869        1.9318516526         0.5176380902         1.23e-32            
870        1.9318516526         0.5176380902         1.23e-32            
871        1.9318516526         0.5176380902         1.23e-32            
872        1.9318516526         0.5176380902         1.23e-32            
873        1.9318516526         0.5176380902         1.23e-32            
874        1.9318516526         0.5176380902         1.23e-32            
875        1.9318516526         0.5176380902         1.23e-32            
876        1.9318516526         0.5176380902         1.23e-32            
877        1.9318516526         0.5176380902         1.23e-32            
878        1.9318516526         0.5176380902         1.23e-32            
879        1.9318516526         0.5176380902         1.23e-32            
880        1.9318516526         0.5176380902         1.23e-32            
881        1.9318516526         0.5176380902         1.23e-32            
882        1.9318516526         0.5176380902         1.23e-32            
883        1.9318516526         0.5176380902         1.23e-32            
884        1.9318516526         0.5176380902         1.23e-32            
885        1.9318516526         0.5176380902         1.23e-32            
886        1.9318516526         0.5176380902         1.23e-32            
887        1.9318516526         0.5176380902         1.23e-32            
888        1.9318516526         0.5176380902         1.23e-32            
889        1.9318516526         0.5176380902         1.23e-32            
890        1.9318516526         0.5176380902         1.23e-32            
891        1.9318516526         0.5176380902         1.23e-32            
892        1.9318516526         0.5176380902         1.23e-32            
893        1.9318516526         0.5176380902         1.23e-32            
894        1.9318516526         0.5176380902         1.23e-32            
895        1.9318516526         0.5176380902         1.23e-32            
896        1.9318516526         0.5176380902         1.23e-32            
897        1.9318516526         0.5176380902         1.23e-32            
898        1.9318516526         0.5176380902         1.23e-32            
899        1.9318516526         0.5176380902         1.23e-32            
900        1.9318516526         0.5176380902         1.23e-32            
901        1.9318516526         0.5176380902         1.23e-32            
902        1.9318516526         0.5176380902         1.23e-32            
903        1.9318516526         0.5176380902         1.23e-32            
904        1.9318516526         0.5176380902         1.23e-32            
905        1.9318516526         0.5176380902         1.23e-32            
906        1.9318516526         0.5176380902         1.23e-32            
907        1.9318516526         0.5176380902         1.23e-32            
908        1.9318516526         0.5176380902         1.23e-32            
909        1.9318516526         0.5176380902         1.23e-32            
910        1.9318516526         0.5176380902         1.23e-32            
911        1.9318516526         0.5176380902         1.23e-32            
912        1.9318516526         0.5176380902         1.23e-32            
913        1.9318516526         0.5176380902         1.23e-32            
914        1.9318516526         0.5176380902         1.23e-32            
915        1.9318516526         0.5176380902         1.23e-32            
916        1.9318516526         0.5176380902         1.23e-32            
917        1.9318516526         0.5176380902         1.23e-32            
918        1.9318516526         0.5176380902         1.23e-32            
919        1.9318516526         0.5176380902         1.23e-32            
920        1.9318516526         0.5176380902         1.23e-32            
921        1.9318516526         0.5176380902         1.23e-32            
922        1.9318516526         0.5176380902         1.23e-32            
923        1.9318516526         0.5176380902         1.23e-32            
924        1.9318516526         0.5176380902         1.23e-32            
925        1.9318516526         0.5176380902         1.23e-32            
926        1.9318516526         0.5176380902         1.23e-32            
927        1.9318516526         0.5176380902         1.23e-32            
928        1.9318516526         0.5176380902         1.23e-32            
929        1.9318516526         0.5176380902         1.23e-32            
930        1.9318516526         0.5176380902         1.23e-32            
931        1.9318516526         0.5176380902         1.23e-32            
932        1.9318516526         0.5176380902         1.23e-32            
933        1.9318516526         0.5176380902         1.23e-32            
934        1.9318516526         0.5176380902         1.23e-32            
935        1.9318516526         0.5176380902         1.23e-32            
936        1.9318516526         0.5176380902         1.23e-32            
937        1.9318516526         0.5176380902         1.23e-32            
938        1.9318516526         0.5176380902         1.23e-32            
939        1.9318516526         0.5176380902         1.23e-32            
940        1.9318516526         0.5176380902         1.23e-32            
941        1.9318516526         0.5176380902         1.23e-32            
942        1.9318516526         0.5176380902         1.23e-32            
943        1.9318516526         0.5176380902         1.23e-32            
944        1.9318516526         0.5176380902         1.23e-32            
945        1.9318516526         0.5176380902         1.23e-32            
946        1.9318516526         0.5176380902         1.23e-32            
947        1.9318516526         0.5176380902         1.23e-32            
948        1.9318516526         0.5176380902         1.23e-32            
949        1.9318516526         0.5176380902         1.23e-32            
950        1.9318516526         0.5176380902         1.23e-32            
951        1.9318516526         0.5176380902         1.23e-32            
952        1.9318516526         0.5176380902         1.23e-32            
953        1.9318516526         0.5176380902         1.23e-32            
954        1.9318516526         0.5176380902         1.23e-32            
955        1.9318516526         0.5176380902         1.23e-32            
956        1.9318516526         0.5176380902         1.23e-32            
957        1.9318516526         0.5176380902         1.23e-32            
958        1.9318516526         0.5176380902         1.23e-32            
959        1.9318516526         0.5176380902         1.23e-32            
960        1.9318516526         0.5176380902         1.23e-32            
961        1.9318516526         0.5176380902         1.23e-32            
962        1.9318516526         0.5176380902         1.23e-32            
963        1.9318516526         0.5176380902         1.23e-32            
964        1.9318516526         0.5176380902         1.23e-32            
965        1.9318516526         0.5176380902         1.23e-32            
966        1.9318516526         0.5176380902         1.23e-32            
967        1.9318516526         0.5176380902         1.23e-32            
968        1.9318516526         0.5176380902         1.23e-32            
969        1.9318516526         0.5176380902         1.23e-32            
970        1.9318516526         0.5176380902         1.23e-32            
971        1.9318516526         0.5176380902         1.23e-32            
972        1.9318516526         0.5176380902         1.23e-32            
973        1.9318516526         0.5176380902         1.23e-32            
974        1.9318516526         0.5176380902         1.23e-32            
975        1.9318516526         0.5176380902         1.23e-32            
976        1.9318516526         0.5176380902         1.23e-32            
977        1.9318516526         0.5176380902         1.23e-32            
978        1.9318516526         0.5176380902         1.23e-32            
979        1.9318516526         0.5176380902         1.23e-32            
980        1.9318516526         0.5176380902         1.23e-32            
981        1.9318516526         0.5176380902         1.23e-32            
982        1.9318516526         0.5176380902         1.23e-32            
983        1.9318516526         0.5176380902         1.23e-32            
984        1.9318516526         0.5176380902         1.23e-32            
985        1.9318516526         0.5176380902         1.23e-32            
986        1.9318516526         0.5176380902         1.23e-32            
987        1.9318516526         0.5176380902         1.23e-32            
988        1.9318516526         0.5176380902         1.23e-32            
989        1.9318516526         0.5176380902         1.23e-32            
990        1.9318516526         0.5176380902         1.23e-32            
991        1.9318516526         0.5176380902         1.23e-32            
992        1.9318516526         0.5176380902         1.23e-32            
993        1.9318516526         0.5176380902         1.23e-32            
994        1.9318516526         0.5176380902         1.23e-32            
995        1.9318516526         0.5176380902         1.23e-32            
996        1.9318516526         0.5176380902         1.23e-32            
997        1.9318516526         0.5176380902         1.23e-32            
998        1.9318516526         0.5176380902         1.23e-32            
999        1.9318516526         0.5176380902         1.23e-32            
1000       1.9318516526         0.5176380902         1.23e-32            
1001       1.9318516526         0.5176380902         1.23e-32            
1002       1.9318516526         0.5176380902         1.23e-32            
1003       1.9318516526         0.5176380902         1.23e-32            
1004       1.9318516526         0.5176380902         1.23e-32            
1005       1.9318516526         0.5176380902         1.23e-32            
1006       1.9318516526         0.5176380902         1.23e-32            
1007       1.9318516526         0.5176380902         1.23e-32            
1008       1.9318516526         0.5176380902         1.23e-32            
1009       1.9318516526         0.5176380902         1.23e-32            
1010       1.9318516526         0.5176380902         1.23e-32            
1011       1.9318516526         0.5176380902         1.23e-32            
1012       1.9318516526         0.5176380902         1.23e-32            
1013       1.9318516526         0.5176380902         1.23e-32            
1014       1.9318516526         0.5176380902         1.23e-32            
1015       1.9318516526         0.5176380902         1.23e-32            
1016       1.9318516526         0.5176380902         1.23e-32            
1017       1.9318516526         0.5176380902         1.23e-32            
1018       1.9318516526         0.5176380902         1.23e-32            
1019       1.9318516526         0.5176380902         1.23e-32            
1020       1.9318516526         0.5176380902         1.23e-32            
1021       1.9318516526         0.5176380902         1.23e-32            
1022       1.9318516526         0.5176380902         1.23e-32            
1023       1.9318516526         0.5176380902         1.23e-32            
1024       1.9318516526         0.5176380902         1.23e-32            
1025       1.9318516526         0.5176380902         1.23e-32            
1026       1.9318516526         0.5176380902         1.23e-32            
1027       1.9318516526         0.5176380902         1.23e-32            
1028       1.9318516526         0.5176380902         1.23e-32            
1029       1.9318516526         0.5176380902         1.23e-32            
1030       1.9318516526         0.5176380902         1.23e-32            
1031       1.9318516526         0.5176380902         1.23e-32            
1032       1.9318516526         0.5176380902         1.23e-32            
1033       1.9318516526         0.5176380902         1.23e-32            
1034       1.9318516526         0.5176380902         1.23e-32            
1035       1.9318516526         0.5176380902         1.23e-32            
1036       1.9318516526         0.5176380902         1.23e-32            
1037       1.9318516526         0.5176380902         1.23e-32            
1038       1.9318516526         0.5176380902         1.23e-32            
1039       1.9318516526         0.5176380902         1.23e-32            
1040       1.9318516526         0.5176380902         1.23e-32            
1041       1.9318516526         0.5176380902         1.23e-32            
1042       1.9318516526         0.5176380902         1.23e-32            
1043       1.9318516526         0.5176380902         1.23e-32            
1044       1.9318516526         0.5176380902         1.23e-32            
1045       1.9318516526         0.5176380902         1.23e-32            
1046       1.9318516526         0.5176380902         1.23e-32            
1047       1.9318516526         0.5176380902         1.23e-32            
1048       1.9318516526         0.5176380902         1.23e-32            
1049       1.9318516526         0.5176380902         1.23e-32            
1050       1.9318516526         0.5176380902         1.23e-32            
1051       1.9318516526         0.5176380902         1.23e-32            
1052       1.9318516526         0.5176380902         1.23e-32            
1053       1.9318516526         0.5176380902         1.23e-32            
1054       1.9318516526         0.5176380902         1.23e-32            
1055       1.9318516526         0.5176380902         1.23e-32            
1056       1.9318516526         0.5176380902         1.23e-32            
1057       1.9318516526         0.5176380902         1.23e-32            
1058       1.9318516526         0.5176380902         1.23e-32            
1059       1.9318516526         0.5176380902         1.23e-32            
1060       1.9318516526         0.5176380902         1.23e-32            
1061       1.9318516526         0.5176380902         1.23e-32            
1062       1.9318516526         0.5176380902         1.23e-32            
1063       1.9318516526         0.5176380902         1.23e-32            
1064       1.9318516526         0.5176380902         1.23e-32            
1065       1.9318516526         0.5176380902         1.23e-32            
1066       1.9318516526         0.5176380902         1.23e-32            
1067       1.9318516526         0.5176380902         1.23e-32            
1068       1.9318516526         0.5176380902         1.23e-32            
1069       1.9318516526         0.5176380902         1.23e-32            
1070       1.9318516526         0.5176380902         1.23e-32            
1071       1.9318516526         0.5176380902         1.23e-32            
1072       1.9318516526         0.5176380902         1.23e-32            
1073       1.9318516526         0.5176380902         1.23e-32            
1074       1.9318516526         0.5176380902         1.23e-32            
1075       1.9318516526         0.5176380902         1.23e-32            
1076       1.9318516526         0.5176380902         1.23e-32            
1077       1.9318516526         0.5176380902         1.23e-32            
1078       1.9318516526         0.5176380902         1.23e-32            
1079       1.9318516526         0.5176380902         1.23e-32            
1080       1.9318516526         0.5176380902         1.23e-32            
1081       1.9318516526         0.5176380902         1.23e-32            
1082       1.9318516526         0.5176380902         1.23e-32            
1083       1.9318516526         0.5176380902         1.23e-32            
1084       1.9318516526         0.5176380902         1.23e-32            
1085       1.9318516526         0.5176380902         1.23e-32            
1086       1.9318516526         0.5176380902         1.23e-32            
1087       1.9318516526         0.5176380902         1.23e-32            
1088       1.9318516526         0.5176380902         1.23e-32            
1089       1.9318516526         0.5176380902         1.23e-32            
1090       1.9318516526         0.5176380902         1.23e-32            
1091       1.9318516526         0.5176380902         1.23e-32            
1092       1.9318516526         0.5176380902         1.23e-32            
1093       1.9318516526         0.5176380902         1.23e-32            
1094       1.9318516526         0.5176380902         1.23e-32            
1095       1.9318516526         0.5176380902         1.23e-32            
1096       1.9318516526         0.5176380902         1.23e-32            
1097       1.9318516526         0.5176380902         1.23e-32            
1098       1.9318516526         0.5176380902         1.23e-32            
1099       1.9318516526         0.5176380902         1.23e-32            
1100       1.9318516526         0.5176380902         1.23e-32            
1101       1.9318516526         0.5176380902         1.23e-32            
1102       1.9318516526         0.5176380902         1.23e-32            
1103       1.9318516526         0.5176380902         1.23e-32            
1104       1.9318516526         0.5176380902         1.23e-32            
1105       1.9318516526         0.5176380902         1.23e-32            
1106       1.9318516526         0.5176380902         1.23e-32            
1107       1.9318516526         0.5176380902         1.23e-32            
1108       1.9318516526         0.5176380902         1.23e-32            
1109       1.9318516526         0.5176380902         1.23e-32            
1110       1.9318516526         0.5176380902         1.23e-32            
1111       1.9318516526         0.5176380902         1.23e-32            
1112       1.9318516526         0.5176380902         1.23e-32            
1113       1.9318516526         0.5176380902         1.23e-32            
1114       1.9318516526         0.5176380902         1.23e-32            
1115       1.9318516526         0.5176380902         1.23e-32            
1116       1.9318516526         0.5176380902         1.23e-32            
1117       1.9318516526         0.5176380902         1.23e-32            
1118       1.9318516526         0.5176380902         1.23e-32            
1119       1.9318516526         0.5176380902         1.23e-32            
1120       1.9318516526         0.5176380902         1.23e-32            
1121       1.9318516526         0.5176380902         1.23e-32            
1122       1.9318516526         0.5176380902         1.23e-32            
1123       1.9318516526         0.5176380902         1.23e-32            
1124       1.9318516526         0.5176380902         1.23e-32            
1125       1.9318516526         0.5176380902         1.23e-32            
1126       1.9318516526         0.5176380902         1.23e-32            
1127       1.9318516526         0.5176380902         1.23e-32            
1128       1.9318516526         0.5176380902         1.23e-32            
1129       1.9318516526         0.5176380902         1.23e-32            
1130       1.9318516526         0.5176380902         1.23e-32            
1131       1.9318516526         0.5176380902         1.23e-32            
1132       1.9318516526         0.5176380902         1.23e-32            
1133       1.9318516526         0.5176380902         1.23e-32            
1134       1.9318516526         0.5176380902         1.23e-32            
1135       1.9318516526         0.5176380902         1.23e-32            
1136       1.9318516526         0.5176380902         1.23e-32            
1137       1.9318516526         0.5176380902         1.23e-32            
1138       1.9318516526         0.5176380902         1.23e-32            
1139       1.9318516526         0.5176380902         1.23e-32            
1140       1.9318516526         0.5176380902         1.23e-32            
1141       1.9318516526         0.5176380902         1.23e-32            
1142       1.9318516526         0.5176380902         1.23e-32            
1143       1.9318516526         0.5176380902         1.23e-32            
1144       1.9318516526         0.5176380902         1.23e-32            
1145       1.9318516526         0.5176380902         1.23e-32            
1146       1.9318516526         0.5176380902         1.23e-32            
1147       1.9318516526         0.5176380902         1.23e-32            
1148       1.9318516526         0.5176380902         1.23e-32            
1149       1.9318516526         0.5176380902         1.23e-32            
1150       1.9318516526         0.5176380902         1.23e-32            
1151       1.9318516526         0.5176380902         1.23e-32            
1152       1.9318516526         0.5176380902         1.23e-32            
1153       1.9318516526         0.5176380902         1.23e-32            
1154       1.9318516526         0.5176380902         1.23e-32            
1155       1.9318516526         0.5176380902         1.23e-32            
1156       1.9318516526         0.5176380902         1.23e-32            
1157       1.9318516526         0.5176380902         1.23e-32            
1158       1.9318516526         0.5176380902         1.23e-32            
1159       1.9318516526         0.5176380902         1.23e-32            
1160       1.9318516526         0.5176380902         1.23e-32            
1161       1.9318516526         0.5176380902         1.23e-32            
1162       1.9318516526         0.5176380902         1.23e-32            
1163       1.9318516526         0.5176380902         1.23e-32            
1164       1.9318516526         0.5176380902         1.23e-32            
1165       1.9318516526         0.5176380902         1.23e-32            
1166       1.9318516526         0.5176380902         1.23e-32            
1167       1.9318516526         0.5176380902         1.23e-32            
1168       1.9318516526         0.5176380902         1.23e-32            
1169       1.9318516526         0.5176380902         1.23e-32            
1170       1.9318516526         0.5176380902         1.23e-32            
1171       1.9318516526         0.5176380902         1.23e-32            
1172       1.9318516526         0.5176380902         1.23e-32            
1173       1.9318516526         0.5176380902         1.23e-32            
1174       1.9318516526         0.5176380902         1.23e-32            
1175       1.9318516526         0.5176380902         1.23e-32            
1176       1.9318516526         0.5176380902         1.23e-32            
1177       1.9318516526         0.5176380902         1.23e-32            
1178       1.9318516526         0.5176380902         1.23e-32            
1179       1.9318516526         0.5176380902         1.23e-32            
1180       1.9318516526         0.5176380902         1.23e-32            
1181       1.9318516526         0.5176380902         1.23e-32            
1182       1.9318516526         0.5176380902         1.23e-32            
1183       1.9318516526         0.5176380902         1.23e-32            
1184       1.9318516526         0.5176380902         1.23e-32            
1185       1.9318516526         0.5176380902         1.23e-32            
1186       1.9318516526         0.5176380902         1.23e-32            
1187       1.9318516526         0.5176380902         1.23e-32            
1188       1.9318516526         0.5176380902         1.23e-32            
1189       1.9318516526         0.5176380902         1.23e-32            
1190       1.9318516526         0.5176380902         1.23e-32            
1191       1.9318516526         0.5176380902         1.23e-32            
1192       1.9318516526         0.5176380902         1.23e-32            
1193       1.9318516526         0.5176380902         1.23e-32            
1194       1.9318516526         0.5176380902         1.23e-32            
1195       1.9318516526         0.5176380902         1.23e-32            
1196       1.9318516526         0.5176380902         1.23e-32            
1197       1.9318516526         0.5176380902         1.23e-32            
1198       1.9318516526         0.5176380902         1.23e-32            
1199       1.9318516526         0.5176380902         1.23e-32            
1200       1.9318516526         0.5176380902         1.23e-32            
1201       1.9318516526         0.5176380902         1.23e-32            
1202       1.9318516526         0.5176380902         1.23e-32            
1203       1.9318516526         0.5176380902         1.23e-32            
1204       1.9318516526         0.5176380902         1.23e-32            
1205       1.9318516526         0.5176380902         1.23e-32            
1206       1.9318516526         0.5176380902         1.23e-32            
1207       1.9318516526         0.5176380902         1.23e-32            
1208       1.9318516526         0.5176380902         1.23e-32            
1209       1.9318516526         0.5176380902         1.23e-32            
1210       1.9318516526         0.5176380902         1.23e-32            
1211       1.9318516526         0.5176380902         1.23e-32            
1212       1.9318516526         0.5176380902         1.23e-32            
1213       1.9318516526         0.5176380902         1.23e-32            
1214       1.9318516526         0.5176380902         1.23e-32            
1215       1.9318516526         0.5176380902         1.23e-32            
1216       1.9318516526         0.5176380902         1.23e-32            
1217       1.9318516526         0.5176380902         1.23e-32            
1218       1.9318516526         0.5176380902         1.23e-32            
1219       1.9318516526         0.5176380902         1.23e-32            
1220       1.9318516526         0.5176380902         1.23e-32            
1221       1.9318516526         0.5176380902         1.23e-32            
1222       1.9318516526         0.5176380902         1.23e-32            
1223       1.9318516526         0.5176380902         1.23e-32            
1224       1.9318516526         0.5176380902         1.23e-32            
1225       1.9318516526         0.5176380902         1.23e-32            
1226       1.9318516526         0.5176380902         1.23e-32            
1227       1.9318516526         0.5176380902         1.23e-32            
1228       1.9318516526         0.5176380902         1.23e-32            
1229       1.9318516526         0.5176380902         1.23e-32            
1230       1.9318516526         0.5176380902         1.23e-32            
1231       1.9318516526         0.5176380902         1.23e-32            
1232       1.9318516526         0.5176380902         1.23e-32            
1233       1.9318516526         0.5176380902         1.23e-32            
1234       1.9318516526         0.5176380902         1.23e-32            
1235       1.9318516526         0.5176380902         1.23e-32            
1236       1.9318516526         0.5176380902         1.23e-32            
1237       1.9318516526         0.5176380902         1.23e-32            
1238       1.9318516526         0.5176380902         1.23e-32            
1239       1.9318516526         0.5176380902         1.23e-32            
1240       1.9318516526         0.5176380902         1.23e-32            
1241       1.9318516526         0.5176380902         1.23e-32            
1242       1.9318516526         0.5176380902         1.23e-32            
1243       1.9318516526         0.5176380902         1.23e-32            
1244       1.9318516526         0.5176380902         1.23e-32            
1245       1.9318516526         0.5176380902         1.23e-32            
1246       1.9318516526         0.5176380902         1.23e-32            
1247       1.9318516526         0.5176380902         1.23e-32            
1248       1.9318516526         0.5176380902         1.23e-32            
1249       1.9318516526         0.5176380902         1.23e-32            
1250       1.9318516526         0.5176380902         1.23e-32            
1251       1.9318516526         0.5176380902         1.23e-32            
1252       1.9318516526         0.5176380902         1.23e-32            
1253       1.9318516526         0.5176380902         1.23e-32            
1254       1.9318516526         0.5176380902         1.23e-32            
1255       1.9318516526         0.5176380902         1.23e-32            
1256       1.9318516526         0.5176380902         1.23e-32            
1257       1.9318516526         0.5176380902         1.23e-32            
1258       1.9318516526         0.5176380902         1.23e-32            
1259       1.9318516526         0.5176380902         1.23e-32            
1260       1.9318516526         0.5176380902         1.23e-32            
1261       1.9318516526         0.5176380902         1.23e-32            
1262       1.9318516526         0.5176380902         1.23e-32            
1263       1.9318516526         0.5176380902         1.23e-32            
1264       1.9318516526         0.5176380902         1.23e-32            
1265       1.9318516526         0.5176380902         1.23e-32            
1266       1.9318516526         0.5176380902         1.23e-32            
1267       1.9318516526         0.5176380902         1.23e-32            
1268       1.9318516526         0.5176380902         1.23e-32            
1269       1.9318516526         0.5176380902         1.23e-32            
1270       1.9318516526         0.5176380902         1.23e-32            
1271       1.9318516526         0.5176380902         1.23e-32            
1272       1.9318516526         0.5176380902         1.23e-32            
1273       1.9318516526         0.5176380902         1.23e-32            
1274       1.9318516526         0.5176380902         1.23e-32            
1275       1.9318516526         0.5176380902         1.23e-32            
1276       1.9318516526         0.5176380902         1.23e-32            
1277       1.9318516526         0.5176380902         1.23e-32            
1278       1.9318516526         0.5176380902         1.23e-32            
1279       1.9318516526         0.5176380902         1.23e-32            
1280       1.9318516526         0.5176380902         1.23e-32            
1281       1.9318516526         0.5176380902         1.23e-32            
1282       1.9318516526         0.5176380902         1.23e-32            
1283       1.9318516526         0.5176380902         1.23e-32            
1284       1.9318516526         0.5176380902         1.23e-32            
1285       1.9318516526         0.5176380902         1.23e-32            
1286       1.9318516526         0.5176380902         1.23e-32            
1287       1.9318516526         0.5176380902         1.23e-32            
1288       1.9318516526         0.5176380902         1.23e-32            
1289       1.9318516526         0.5176380902         1.23e-32            
1290       1.9318516526         0.5176380902         1.23e-32            
1291       1.9318516526         0.5176380902         1.23e-32            
1292       1.9318516526         0.5176380902         1.23e-32            
1293       1.9318516526         0.5176380902         1.23e-32            
1294       1.9318516526         0.5176380902         1.23e-32            
1295       1.9318516526         0.5176380902         1.23e-32            
1296       1.9318516526         0.5176380902         1.23e-32            
1297       1.9318516526         0.5176380902         1.23e-32            
1298       1.9318516526         0.5176380902         1.23e-32            
1299       1.9318516526         0.5176380902         1.23e-32            
1300       1.9318516526         0.5176380902         1.23e-32            
1301       1.9318516526         0.5176380902         1.23e-32            
1302       1.9318516526         0.5176380902         1.23e-32            
1303       1.9318516526         0.5176380902         1.23e-32            
1304       1.9318516526         0.5176380902         1.23e-32            
1305       1.9318516526         0.5176380902         1.23e-32            
1306       1.9318516526         0.5176380902         1.23e-32            
1307       1.9318516526         0.5176380902         1.23e-32            
1308       1.9318516526         0.5176380902         1.23e-32            
1309       1.9318516526         0.5176380902         1.23e-32            
1310       1.9318516526         0.5176380902         1.23e-32            
1311       1.9318516526         0.5176380902         1.23e-32            
1312       1.9318516526         0.5176380902         1.23e-32            
1313       1.9318516526         0.5176380902         1.23e-32            
1314       1.9318516526         0.5176380902         1.23e-32            
1315       1.9318516526         0.5176380902         1.23e-32            
1316       1.9318516526         0.5176380902         1.23e-32            
1317       1.9318516526         0.5176380902         1.23e-32            
1318       1.9318516526         0.5176380902         1.23e-32            
1319       1.9318516526         0.5176380902         1.23e-32            
1320       1.9318516526         0.5176380902         1.23e-32            
1321       1.9318516526         0.5176380902         1.23e-32            
1322       1.9318516526         0.5176380902         1.23e-32            
1323       1.9318516526         0.5176380902         1.23e-32            
1324       1.9318516526         0.5176380902         1.23e-32            
1325       1.9318516526         0.5176380902         1.23e-32            
1326       1.9318516526         0.5176380902         1.23e-32            
1327       1.9318516526         0.5176380902         1.23e-32            
1328       1.9318516526         0.5176380902         1.23e-32            
1329       1.9318516526         0.5176380902         1.23e-32            
1330       1.9318516526         0.5176380902         1.23e-32            
1331       1.9318516526         0.5176380902         1.23e-32            
1332       1.9318516526         0.5176380902         1.23e-32            
1333       1.9318516526         0.5176380902         1.23e-32            
1334       1.9318516526         0.5176380902         1.23e-32            
1335       1.9318516526         0.5176380902         1.23e-32            
1336       1.9318516526         0.5176380902         1.23e-32            
1337       1.9318516526         0.5176380902         1.23e-32            
1338       1.9318516526         0.5176380902         1.23e-32            
1339       1.9318516526         0.5176380902         1.23e-32            
1340       1.9318516526         0.5176380902         1.23e-32            
1341       1.9318516526         0.5176380902         1.23e-32            
1342       1.9318516526         0.5176380902         1.23e-32            
1343       1.9318516526         0.5176380902         1.23e-32            
1344       1.9318516526         0.5176380902         1.23e-32            
1345       1.9318516526         0.5176380902         1.23e-32            
1346       1.9318516526         0.5176380902         1.23e-32            
1347       1.9318516526         0.5176380902         1.23e-32            
1348       1.9318516526         0.5176380902         1.23e-32            
1349       1.9318516526         0.5176380902         1.23e-32            
1350       1.9318516526         0.5176380902         1.23e-32            
1351       1.9318516526         0.5176380902         1.23e-32            
1352       1.9318516526         0.5176380902         1.23e-32            
1353       1.9318516526         0.5176380902         1.23e-32            
1354       1.9318516526         0.5176380902         1.23e-32            
1355       1.9318516526         0.5176380902         1.23e-32            
1356       1.9318516526         0.5176380902         1.23e-32            
1357       1.9318516526         0.5176380902         1.23e-32            
1358       1.9318516526         0.5176380902         1.23e-32            
1359       1.9318516526         0.5176380902         1.23e-32            
1360       1.9318516526         0.5176380902         1.23e-32            
1361       1.9318516526         0.5176380902         1.23e-32            
1362       1.9318516526         0.5176380902         1.23e-32            
1363       1.9318516526         0.5176380902         1.23e-32            
1364       1.9318516526         0.5176380902         1.23e-32            
1365       1.9318516526         0.5176380902         1.23e-32            
1366       1.9318516526         0.5176380902         1.23e-32            
1367       1.9318516526         0.5176380902         1.23e-32            
1368       1.9318516526         0.5176380902         1.23e-32            
1369       1.9318516526         0.5176380902         1.23e-32            
1370       1.9318516526         0.5176380902         1.23e-32            
1371       1.9318516526         0.5176380902         1.23e-32            
1372       1.9318516526         0.5176380902         1.23e-32            
1373       1.9318516526         0.5176380902         1.23e-32            
1374       1.9318516526         0.5176380902         1.23e-32            
1375       1.9318516526         0.5176380902         1.23e-32            
1376       1.9318516526         0.5176380902         1.23e-32            
1377       1.9318516526         0.5176380902         1.23e-32            
1378       1.9318516526         0.5176380902         1.23e-32            
1379       1.9318516526         0.5176380902         1.23e-32            
1380       1.9318516526         0.5176380902         1.23e-32            
1381       1.9318516526         0.5176380902         1.23e-32            
1382       1.9318516526         0.5176380902         1.23e-32            
1383       1.9318516526         0.5176380902         1.23e-32            
1384       1.9318516526         0.5176380902         1.23e-32            
1385       1.9318516526         0.5176380902         1.23e-32            
1386       1.9318516526         0.5176380902         1.23e-32            
1387       1.9318516526         0.5176380902         1.23e-32            
1388       1.9318516526         0.5176380902         1.23e-32            
1389       1.9318516526         0.5176380902         1.23e-32            
1390       1.9318516526         0.5176380902         1.23e-32            
1391       1.9318516526         0.5176380902         1.23e-32            
1392       1.9318516526         0.5176380902         1.23e-32            
1393       1.9318516526         0.5176380902         1.23e-32            
1394       1.9318516526         0.5176380902         1.23e-32            
1395       1.9318516526         0.5176380902         1.23e-32            
1396       1.9318516526         0.5176380902         1.23e-32            
1397       1.9318516526         0.5176380902         1.23e-32            
1398       1.9318516526         0.5176380902         1.23e-32            
1399       1.9318516526         0.5176380902         1.23e-32            
1400       1.9318516526         0.5176380902         1.23e-32            
1401       1.9318516526         0.5176380902         1.23e-32            
1402       1.9318516526         0.5176380902         1.23e-32            
1403       1.9318516526         0.5176380902         1.23e-32            
1404       1.9318516526         0.5176380902         1.23e-32            
1405       1.9318516526         0.5176380902         1.23e-32            
1406       1.9318516526         0.5176380902         1.23e-32            
1407       1.9318516526         0.5176380902         1.23e-32            
1408       1.9318516526         0.5176380902         1.23e-32            
1409       1.9318516526         0.5176380902         1.23e-32            
1410       1.9318516526         0.5176380902         1.23e-32            
1411       1.9318516526         0.5176380902         1.23e-32            
1412       1.9318516526         0.5176380902         1.23e-32            
1413       1.9318516526         0.5176380902         1.23e-32            
1414       1.9318516526         0.5176380902         1.23e-32            
1415       1.9318516526         0.5176380902         1.23e-32            
1416       1.9318516526         0.5176380902         1.23e-32            
1417       1.9318516526         0.5176380902         1.23e-32            
1418       1.9318516526         0.5176380902         1.23e-32            
1419       1.9318516526         0.5176380902         1.23e-32            
1420       1.9318516526         0.5176380902         1.23e-32            
1421       1.9318516526         0.5176380902         1.23e-32            
1422       1.9318516526         0.5176380902         1.23e-32            
1423       1.9318516526         0.5176380902         1.23e-32            
1424       1.9318516526         0.5176380902         1.23e-32            
1425       1.9318516526         0.5176380902         1.23e-32            
1426       1.9318516526         0.5176380902         1.23e-32            
1427       1.9318516526         0.5176380902         1.23e-32            
1428       1.9318516526         0.5176380902         1.23e-32            
1429       1.9318516526         0.5176380902         1.23e-32            
1430       1.9318516526         0.5176380902         1.23e-32            
1431       1.9318516526         0.5176380902         1.23e-32            
1432       1.9318516526         0.5176380902         1.23e-32            
1433       1.9318516526         0.5176380902         1.23e-32            
1434       1.9318516526         0.5176380902         1.23e-32            
1435       1.9318516526         0.5176380902         1.23e-32            
1436       1.9318516526         0.5176380902         1.23e-32            
1437       1.9318516526         0.5176380902         1.23e-32            
1438       1.9318516526         0.5176380902         1.23e-32            
1439       1.9318516526         0.5176380902         1.23e-32            
1440       1.9318516526         0.5176380902         1.23e-32            
1441       1.9318516526         0.5176380902         1.23e-32            
1442       1.9318516526         0.5176380902         1.23e-32            
1443       1.9318516526         0.5176380902         1.23e-32            
1444       1.9318516526         0.5176380902         1.23e-32            
1445       1.9318516526         0.5176380902         1.23e-32            
1446       1.9318516526         0.5176380902         1.23e-32            
1447       1.9318516526         0.5176380902         1.23e-32            
1448       1.9318516526         0.5176380902         1.23e-32            
1449       1.9318516526         0.5176380902         1.23e-32            
1450       1.9318516526         0.5176380902         1.23e-32            
1451       1.9318516526         0.5176380902         1.23e-32            
1452       1.9318516526         0.5176380902         1.23e-32            
1453       1.9318516526         0.5176380902         1.23e-32            
1454       1.9318516526         0.5176380902         1.23e-32            
1455       1.9318516526         0.5176380902         1.23e-32            
1456       1.9318516526         0.5176380902         1.23e-32            
1457       1.9318516526         0.5176380902         1.23e-32            
1458       1.9318516526         0.5176380902         1.23e-32            
1459       1.9318516526         0.5176380902         1.23e-32            
1460       1.9318516526         0.5176380902         1.23e-32            
1461       1.9318516526         0.5176380902         1.23e-32            
1462       1.9318516526         0.5176380902         1.23e-32            
1463       1.9318516526         0.5176380902         1.23e-32            
1464       1.9318516526         0.5176380902         1.23e-32            
1465       1.9318516526         0.5176380902         1.23e-32            
1466       1.9318516526         0.5176380902         1.23e-32            
1467       1.9318516526         0.5176380902         1.23e-32            
1468       1.9318516526         0.5176380902         1.23e-32            
1469       1.9318516526         0.5176380902         1.23e-32            
1470       1.9318516526         0.5176380902         1.23e-32            
1471       1.9318516526         0.5176380902         1.23e-32            
1472       1.9318516526         0.5176380902         1.23e-32            
1473       1.9318516526         0.5176380902         1.23e-32            
1474       1.9318516526         0.5176380902         1.23e-32            
1475       1.9318516526         0.5176380902         1.23e-32            
1476       1.9318516526         0.5176380902         1.23e-32            
1477       1.9318516526         0.5176380902         1.23e-32            
1478       1.9318516526         0.5176380902         1.23e-32            
1479       1.9318516526         0.5176380902         1.23e-32            
1480       1.9318516526         0.5176380902         1.23e-32            
1481       1.9318516526         0.5176380902         1.23e-32            
1482       1.9318516526         0.5176380902         1.23e-32            
1483       1.9318516526         0.5176380902         1.23e-32            
1484       1.9318516526         0.5176380902         1.23e-32            
1485       1.9318516526         0.5176380902         1.23e-32            
1486       1.9318516526         0.5176380902         1.23e-32            
1487       1.9318516526         0.5176380902         1.23e-32            
1488       1.9318516526         0.5176380902         1.23e-32            
1489       1.9318516526         0.5176380902         1.23e-32            
1490       1.9318516526         0.5176380902         1.23e-32            
1491       1.9318516526         0.5176380902         1.23e-32            
1492       1.9318516526         0.5176380902         1.23e-32            
1493       1.9318516526         0.5176380902         1.23e-32            
1494       1.9318516526         0.5176380902         1.23e-32            
1495       1.9318516526         0.5176380902         1.23e-32            
1496       1.9318516526         0.5176380902         1.23e-32            
1497       1.9318516526         0.5176380902         1.23e-32            
1498       1.9318516526         0.5176380902         1.23e-32            
1499       1.9318516526         0.5176380902         1.23e-32            
1500       1.9318516526         0.5176380902         1.23e-32            
1501       1.9318516526         0.5176380902         1.23e-32            
1502       1.9318516526         0.5176380902         1.23e-32            
1503       1.9318516526         0.5176380902         1.23e-32            
1504       1.9318516526         0.5176380902         1.23e-32            
1505       1.9318516526         0.5176380902         1.23e-32            
1506       1.9318516526         0.5176380902         1.23e-32            
1507       1.9318516526         0.5176380902         1.23e-32            
1508       1.9318516526         0.5176380902         1.23e-32            
1509       1.9318516526         0.5176380902         1.23e-32            
1510       1.9318516526         0.5176380902         1.23e-32            
1511       1.9318516526         0.5176380902         1.23e-32            
1512       1.9318516526         0.5176380902         1.23e-32            
1513       1.9318516526         0.5176380902         1.23e-32            
1514       1.9318516526         0.5176380902         1.23e-32            
1515       1.9318516526         0.5176380902         1.23e-32            
1516       1.9318516526         0.5176380902         1.23e-32            
1517       1.9318516526         0.5176380902         1.23e-32            
1518       1.9318516526         0.5176380902         1.23e-32            
1519       1.9318516526         0.5176380902         1.23e-32            
1520       1.9318516526         0.5176380902         1.23e-32            
1521       1.9318516526         0.5176380902         1.23e-32            
1522       1.9318516526         0.5176380902         1.23e-32            
1523       1.9318516526         0.5176380902         1.23e-32            
1524       1.9318516526         0.5176380902         1.23e-32            
1525       1.9318516526         0.5176380902         1.23e-32            
1526       1.9318516526         0.5176380902         1.23e-32            
1527       1.9318516526         0.5176380902         1.23e-32            
1528       1.9318516526         0.5176380902         1.23e-32            
1529       1.9318516526         0.5176380902         1.23e-32            
1530       1.9318516526         0.5176380902         1.23e-32            
1531       1.9318516526         0.5176380902         1.23e-32            
1532       1.9318516526         0.5176380902         1.23e-32            
1533       1.9318516526         0.5176380902         1.23e-32            
1534       1.9318516526         0.5176380902         1.23e-32            
1535       1.9318516526         0.5176380902         1.23e-32            
1536       1.9318516526         0.5176380902         1.23e-32            
1537       1.9318516526         0.5176380902         1.23e-32            
1538       1.9318516526         0.5176380902         1.23e-32            
1539       1.9318516526         0.5176380902         1.23e-32            
1540       1.9318516526         0.5176380902         1.23e-32            
1541       1.9318516526         0.5176380902         1.23e-32            
1542       1.9318516526         0.5176380902         1.23e-32            
1543       1.9318516526         0.5176380902         1.23e-32            
1544       1.9318516526         0.5176380902         1.23e-32            
1545       1.9318516526         0.5176380902         1.23e-32            
1546       1.9318516526         0.5176380902         1.23e-32            
1547       1.9318516526         0.5176380902         1.23e-32            
1548       1.9318516526         0.5176380902         1.23e-32            
1549       1.9318516526         0.5176380902         1.23e-32            
1550       1.9318516526         0.5176380902         1.23e-32            
1551       1.9318516526         0.5176380902         1.23e-32            
1552       1.9318516526         0.5176380902         1.23e-32            
1553       1.9318516526         0.5176380902         1.23e-32            
1554       1.9318516526         0.5176380902         1.23e-32            
1555       1.9318516526         0.5176380902         1.23e-32            
1556       1.9318516526         0.5176380902         1.23e-32            
1557       1.9318516526         0.5176380902         1.23e-32            
1558       1.9318516526         0.5176380902         1.23e-32            
1559       1.9318516526         0.5176380902         1.23e-32            
1560       1.9318516526         0.5176380902         1.23e-32            
1561       1.9318516526         0.5176380902         1.23e-32            
1562       1.9318516526         0.5176380902         1.23e-32            
1563       1.9318516526         0.5176380902         1.23e-32            
1564       1.9318516526         0.5176380902         1.23e-32            
1565       1.9318516526         0.5176380902         1.23e-32            
1566       1.9318516526         0.5176380902         1.23e-32            
1567       1.9318516526         0.5176380902         1.23e-32            
1568       1.9318516526         0.5176380902         1.23e-32            
1569       1.9318516526         0.5176380902         1.23e-32            
1570       1.9318516526         0.5176380902         1.23e-32            
1571       1.9318516526         0.5176380902         1.23e-32            
1572       1.9318516526         0.5176380902         1.23e-32            
1573       1.9318516526         0.5176380902         1.23e-32            
1574       1.9318516526         0.5176380902         1.23e-32            
1575       1.9318516526         0.5176380902         1.23e-32            
1576       1.9318516526         0.5176380902         1.23e-32            
1577       1.9318516526         0.5176380902         1.23e-32            
1578       1.9318516526         0.5176380902         1.23e-32            
1579       1.9318516526         0.5176380902         1.23e-32            
1580       1.9318516526         0.5176380902         1.23e-32            
1581       1.9318516526         0.5176380902         1.23e-32            
1582       1.9318516526         0.5176380902         1.23e-32            
1583       1.9318516526         0.5176380902         1.23e-32            
1584       1.9318516526         0.5176380902         1.23e-32            
1585       1.9318516526         0.5176380902         1.23e-32            
1586       1.9318516526         0.5176380902         1.23e-32            
1587       1.9318516526         0.5176380902         1.23e-32            
1588       1.9318516526         0.5176380902         1.23e-32            
1589       1.9318516526         0.5176380902         1.23e-32            
1590       1.9318516526         0.5176380902         1.23e-32            
1591       1.9318516526         0.5176380902         1.23e-32            
1592       1.9318516526         0.5176380902         1.23e-32            
1593       1.9318516526         0.5176380902         1.23e-32            
1594       1.9318516526         0.5176380902         1.23e-32            
1595       1.9318516526         0.5176380902         1.23e-32            
1596       1.9318516526         0.5176380902         1.23e-32            
1597       1.9318516526         0.5176380902         1.23e-32            
1598       1.9318516526         0.5176380902         1.23e-32            
1599       1.9318516526         0.5176380902         1.23e-32            
1600       1.9318516526         0.5176380902         1.23e-32            
1601       1.9318516526         0.5176380902         1.23e-32            
1602       1.9318516526         0.5176380902         1.23e-32            
1603       1.9318516526         0.5176380902         1.23e-32            
1604       1.9318516526         0.5176380902         1.23e-32            
1605       1.9318516526         0.5176380902         1.23e-32            
1606       1.9318516526         0.5176380902         1.23e-32            
1607       1.9318516526         0.5176380902         1.23e-32            
1608       1.9318516526         0.5176380902         1.23e-32            
1609       1.9318516526         0.5176380902         1.23e-32            
1610       1.9318516526         0.5176380902         1.23e-32            
1611       1.9318516526         0.5176380902         1.23e-32            
1612       1.9318516526         0.5176380902         1.23e-32            
1613       1.9318516526         0.5176380902         1.23e-32            
1614       1.9318516526         0.5176380902         1.23e-32            
1615       1.9318516526         0.5176380902         1.23e-32            
1616       1.9318516526         0.5176380902         1.23e-32            
1617       1.9318516526         0.5176380902         1.23e-32            
1618       1.9318516526         0.5176380902         1.23e-32            
1619       1.9318516526         0.5176380902         1.23e-32            
1620       1.9318516526         0.5176380902         1.23e-32            
1621       1.9318516526         0.5176380902         1.23e-32            
1622       1.9318516526         0.5176380902         1.23e-32            
1623       1.9318516526         0.5176380902         1.23e-32            
1624       1.9318516526         0.5176380902         1.23e-32            
1625       1.9318516526         0.5176380902         1.23e-32            
1626       1.9318516526         0.5176380902         1.23e-32            
1627       1.9318516526         0.5176380902         1.23e-32            
1628       1.9318516526         0.5176380902         1.23e-32            
1629       1.9318516526         0.5176380902         1.23e-32            
1630       1.9318516526         0.5176380902         1.23e-32            
1631       1.9318516526         0.5176380902         1.23e-32            
1632       1.9318516526         0.5176380902         1.23e-32            
1633       1.9318516526         0.5176380902         1.23e-32            
1634       1.9318516526         0.5176380902         1.23e-32            
1635       1.9318516526         0.5176380902         1.23e-32            
1636       1.9318516526         0.5176380902         1.23e-32            
1637       1.9318516526         0.5176380902         1.23e-32            
1638       1.9318516526         0.5176380902         1.23e-32            
1639       1.9318516526         0.5176380902         1.23e-32            
1640       1.9318516526         0.5176380902         1.23e-32            
1641       1.9318516526         0.5176380902         1.23e-32            
1642       1.9318516526         0.5176380902         1.23e-32            
1643       1.9318516526         0.5176380902         1.23e-32            
1644       1.9318516526         0.5176380902         1.23e-32            
1645       1.9318516526         0.5176380902         1.23e-32            
1646       1.9318516526         0.5176380902         1.23e-32            
1647       1.9318516526         0.5176380902         1.23e-32            
1648       1.9318516526         0.5176380902         1.23e-32            
1649       1.9318516526         0.5176380902         1.23e-32            
1650       1.9318516526         0.5176380902         1.23e-32            
1651       1.9318516526         0.5176380902         1.23e-32            
1652       1.9318516526         0.5176380902         1.23e-32            
1653       1.9318516526         0.5176380902         1.23e-32            
1654       1.9318516526         0.5176380902         1.23e-32            
1655       1.9318516526         0.5176380902         1.23e-32            
1656       1.9318516526         0.5176380902         1.23e-32            
1657       1.9318516526         0.5176380902         1.23e-32            
1658       1.9318516526         0.5176380902         1.23e-32            
1659       1.9318516526         0.5176380902         1.23e-32            
1660       1.9318516526         0.5176380902         1.23e-32            
1661       1.9318516526         0.5176380902         1.23e-32            
1662       1.9318516526         0.5176380902         1.23e-32            
1663       1.9318516526         0.5176380902         1.23e-32            
1664       1.9318516526         0.5176380902         1.23e-32            
1665       1.9318516526         0.5176380902         1.23e-32            
1666       1.9318516526         0.5176380902         1.23e-32            
1667       1.9318516526         0.5176380902         1.23e-32            
1668       1.9318516526         0.5176380902         1.23e-32            
1669       1.9318516526         0.5176380902         1.23e-32            
1670       1.9318516526         0.5176380902         1.23e-32            
1671       1.9318516526         0.5176380902         1.23e-32            
1672       1.9318516526         0.5176380902         1.23e-32            
1673       1.9318516526         0.5176380902         1.23e-32            
1674       1.9318516526         0.5176380902         1.23e-32            
1675       1.9318516526         0.5176380902         1.23e-32            
1676       1.9318516526         0.5176380902         1.23e-32            
1677       1.9318516526         0.5176380902         1.23e-32            
1678       1.9318516526         0.5176380902         1.23e-32            
1679       1.9318516526         0.5176380902         1.23e-32            
1680       1.9318516526         0.5176380902         1.23e-32            
1681       1.9318516526         0.5176380902         1.23e-32            
1682       1.9318516526         0.5176380902         1.23e-32            
1683       1.9318516526         0.5176380902         1.23e-32            
1684       1.9318516526         0.5176380902         1.23e-32            
1685       1.9318516526         0.5176380902         1.23e-32            
1686       1.9318516526         0.5176380902         1.23e-32            
1687       1.9318516526         0.5176380902         1.23e-32            
1688       1.9318516526         0.5176380902         1.23e-32            
1689       1.9318516526         0.5176380902         1.23e-32            
1690       1.9318516526         0.5176380902         1.23e-32            
1691       1.9318516526         0.5176380902         1.23e-32            
1692       1.9318516526         0.5176380902         1.23e-32            
1693       1.9318516526         0.5176380902         1.23e-32            
1694       1.9318516526         0.5176380902         1.23e-32            
1695       1.9318516526         0.5176380902         1.23e-32            
1696       1.9318516526         0.5176380902         1.23e-32            
1697       1.9318516526         0.5176380902         1.23e-32            
1698       1.9318516526         0.5176380902         1.23e-32            
1699       1.9318516526         0.5176380902         1.23e-32            
1700       1.9318516526         0.5176380902         1.23e-32            
1701       1.9318516526         0.5176380902         1.23e-32            
1702       1.9318516526         0.5176380902         1.23e-32            
1703       1.9318516526         0.5176380902         1.23e-32            
1704       1.9318516526         0.5176380902         1.23e-32            
1705       1.9318516526         0.5176380902         1.23e-32            
1706       1.9318516526         0.5176380902         1.23e-32            
1707       1.9318516526         0.5176380902         1.23e-32            
1708       1.9318516526         0.5176380902         1.23e-32            
1709       1.9318516526         0.5176380902         1.23e-32            
1710       1.9318516526         0.5176380902         1.23e-32            
1711       1.9318516526         0.5176380902         1.23e-32            
1712       1.9318516526         0.5176380902         1.23e-32            
1713       1.9318516526         0.5176380902         1.23e-32            
1714       1.9318516526         0.5176380902         1.23e-32            
1715       1.9318516526         0.5176380902         1.23e-32            
1716       1.9318516526         0.5176380902         1.23e-32            
1717       1.9318516526         0.5176380902         1.23e-32            
1718       1.9318516526         0.5176380902         1.23e-32            
1719       1.9318516526         0.5176380902         1.23e-32            
1720       1.9318516526         0.5176380902         1.23e-32            
1721       1.9318516526         0.5176380902         1.23e-32            
1722       1.9318516526         0.5176380902         1.23e-32            
1723       1.9318516526         0.5176380902         1.23e-32            
1724       1.9318516526         0.5176380902         1.23e-32            
1725       1.9318516526         0.5176380902         1.23e-32            
1726       1.9318516526         0.5176380902         1.23e-32            
1727       1.9318516526         0.5176380902         1.23e-32            
1728       1.9318516526         0.5176380902         1.23e-32            
1729       1.9318516526         0.5176380902         1.23e-32            
1730       1.9318516526         0.5176380902         1.23e-32            
1731       1.9318516526         0.5176380902         1.23e-32            
1732       1.9318516526         0.5176380902         1.23e-32            
1733       1.9318516526         0.5176380902         1.23e-32            
1734       1.9318516526         0.5176380902         1.23e-32            
1735       1.9318516526         0.5176380902         1.23e-32            
1736       1.9318516526         0.5176380902         1.23e-32            
1737       1.9318516526         0.5176380902         1.23e-32            
1738       1.9318516526         0.5176380902         1.23e-32            
1739       1.9318516526         0.5176380902         1.23e-32            
1740       1.9318516526         0.5176380902         1.23e-32            
1741       1.9318516526         0.5176380902         1.23e-32            
1742       1.9318516526         0.5176380902         1.23e-32            
1743       1.9318516526         0.5176380902         1.23e-32            
1744       1.9318516526         0.5176380902         1.23e-32            
1745       1.9318516526         0.5176380902         1.23e-32            
1746       1.9318516526         0.5176380902         1.23e-32            
1747       1.9318516526         0.5176380902         1.23e-32            
1748       1.9318516526         0.5176380902         1.23e-32            
1749       1.9318516526         0.5176380902         1.23e-32            
1750       1.9318516526         0.5176380902         1.23e-32            
1751       1.9318516526         0.5176380902         1.23e-32            
1752       1.9318516526         0.5176380902         1.23e-32            
1753       1.9318516526         0.5176380902         1.23e-32            
1754       1.9318516526         0.5176380902         1.23e-32            
1755       1.9318516526         0.5176380902         1.23e-32            
1756       1.9318516526         0.5176380902         1.23e-32            
1757       1.9318516526         0.5176380902         1.23e-32            
1758       1.9318516526         0.5176380902         1.23e-32            
1759       1.9318516526         0.5176380902         1.23e-32            
1760       1.9318516526         0.5176380902         1.23e-32            
1761       1.9318516526         0.5176380902         1.23e-32            
1762       1.9318516526         0.5176380902         1.23e-32            
1763       1.9318516526         0.5176380902         1.23e-32            
1764       1.9318516526         0.5176380902         1.23e-32            
1765       1.9318516526         0.5176380902         1.23e-32            
1766       1.9318516526         0.5176380902         1.23e-32            
1767       1.9318516526         0.5176380902         1.23e-32            
1768       1.9318516526         0.5176380902         1.23e-32            
1769       1.9318516526         0.5176380902         1.23e-32            
1770       1.9318516526         0.5176380902         1.23e-32            
1771       1.9318516526         0.5176380902         1.23e-32            
1772       1.9318516526         0.5176380902         1.23e-32            
1773       1.9318516526         0.5176380902         1.23e-32            
1774       1.9318516526         0.5176380902         1.23e-32            
1775       1.9318516526         0.5176380902         1.23e-32            
1776       1.9318516526         0.5176380902         1.23e-32            
1777       1.9318516526         0.5176380902         1.23e-32            
1778       1.9318516526         0.5176380902         1.23e-32            
1779       1.9318516526         0.5176380902         1.23e-32            
1780       1.9318516526         0.5176380902         1.23e-32            
1781       1.9318516526         0.5176380902         1.23e-32            
1782       1.9318516526         0.5176380902         1.23e-32            
1783       1.9318516526         0.5176380902         1.23e-32            
1784       1.9318516526         0.5176380902         1.23e-32            
1785       1.9318516526         0.5176380902         1.23e-32            
1786       1.9318516526         0.5176380902         1.23e-32            
1787       1.9318516526         0.5176380902         1.23e-32            
1788       1.9318516526         0.5176380902         1.23e-32            
1789       1.9318516526         0.5176380902         1.23e-32            
1790       1.9318516526         0.5176380902         1.23e-32            
1791       1.9318516526         0.5176380902         1.23e-32            
1792       1.9318516526         0.5176380902         1.23e-32            
1793       1.9318516526         0.5176380902         1.23e-32            
1794       1.9318516526         0.5176380902         1.23e-32            
1795       1.9318516526         0.5176380902         1.23e-32            
1796       1.9318516526         0.5176380902         1.23e-32            
1797       1.9318516526         0.5176380902         1.23e-32            
1798       1.9318516526         0.5176380902         1.23e-32            
1799       1.9318516526         0.5176380902         1.23e-32            
1800       1.9318516526         0.5176380902         1.23e-32            
1801       1.9318516526         0.5176380902         1.23e-32            
1802       1.9318516526         0.5176380902         1.23e-32            
1803       1.9318516526         0.5176380902         1.23e-32            
1804       1.9318516526         0.5176380902         1.23e-32            
1805       1.9318516526         0.5176380902         1.23e-32            
1806       1.9318516526         0.5176380902         1.23e-32            
1807       1.9318516526         0.5176380902         1.23e-32            
1808       1.9318516526         0.5176380902         1.23e-32            
1809       1.9318516526         0.5176380902         1.23e-32            
1810       1.9318516526         0.5176380902         1.23e-32            
1811       1.9318516526         0.5176380902         1.23e-32            
1812       1.9318516526         0.5176380902         1.23e-32            
1813       1.9318516526         0.5176380902         1.23e-32            
1814       1.9318516526         0.5176380902         1.23e-32            
1815       1.9318516526         0.5176380902         1.23e-32            
1816       1.9318516526         0.5176380902         1.23e-32            
1817       1.9318516526         0.5176380902         1.23e-32            
1818       1.9318516526         0.5176380902         1.23e-32            
1819       1.9318516526         0.5176380902         1.23e-32            
1820       1.9318516526         0.5176380902         1.23e-32            
1821       1.9318516526         0.5176380902         1.23e-32            
1822       1.9318516526         0.5176380902         1.23e-32            
1823       1.9318516526         0.5176380902         1.23e-32            
1824       1.9318516526         0.5176380902         1.23e-32            
1825       1.9318516526         0.5176380902         1.23e-32            
1826       1.9318516526         0.5176380902         1.23e-32            
1827       1.9318516526         0.5176380902         1.23e-32            
1828       1.9318516526         0.5176380902         1.23e-32            
1829       1.9318516526         0.5176380902         1.23e-32            
1830       1.9318516526         0.5176380902         1.23e-32            
1831       1.9318516526         0.5176380902         1.23e-32            
1832       1.9318516526         0.5176380902         1.23e-32            
1833       1.9318516526         0.5176380902         1.23e-32            
1834       1.9318516526         0.5176380902         1.23e-32            
1835       1.9318516526         0.5176380902         1.23e-32            
1836       1.9318516526         0.5176380902         1.23e-32            
1837       1.9318516526         0.5176380902         1.23e-32            
1838       1.9318516526         0.5176380902         1.23e-32            
1839       1.9318516526         0.5176380902         1.23e-32            
1840       1.9318516526         0.5176380902         1.23e-32            
1841       1.9318516526         0.5176380902         1.23e-32            
1842       1.9318516526         0.5176380902         1.23e-32            
1843       1.9318516526         0.5176380902         1.23e-32            
1844       1.9318516526         0.5176380902         1.23e-32            
1845       1.9318516526         0.5176380902         1.23e-32            
1846       1.9318516526         0.5176380902         1.23e-32            
1847       1.9318516526         0.5176380902         1.23e-32            
1848       1.9318516526         0.5176380902         1.23e-32            
1849       1.9318516526         0.5176380902         1.23e-32            
1850       1.9318516526         0.5176380902         1.23e-32            
1851       1.9318516526         0.5176380902         1.23e-32            
1852       1.9318516526         0.5176380902         1.23e-32            
1853       1.9318516526         0.5176380902         1.23e-32            
1854       1.9318516526         0.5176380902         1.23e-32            
1855       1.9318516526         0.5176380902         1.23e-32            
1856       1.9318516526         0.5176380902         1.23e-32            
1857       1.9318516526         0.5176380902         1.23e-32            
1858       1.9318516526         0.5176380902         1.23e-32            
1859       1.9318516526         0.5176380902         1.23e-32            
1860       1.9318516526         0.5176380902         1.23e-32            
1861       1.9318516526         0.5176380902         1.23e-32            
1862       1.9318516526         0.5176380902         1.23e-32            
1863       1.9318516526         0.5176380902         1.23e-32            
1864       1.9318516526         0.5176380902         1.23e-32            
1865       1.9318516526         0.5176380902         1.23e-32            
1866       1.9318516526         0.5176380902         1.23e-32            
1867       1.9318516526         0.5176380902         1.23e-32            
1868       1.9318516526         0.5176380902         1.23e-32            
1869       1.9318516526         0.5176380902         1.23e-32            
1870       1.9318516526         0.5176380902         1.23e-32            
1871       1.9318516526         0.5176380902         1.23e-32            
1872       1.9318516526         0.5176380902         1.23e-32            
1873       1.9318516526         0.5176380902         1.23e-32            
1874       1.9318516526         0.5176380902         1.23e-32            
1875       1.9318516526         0.5176380902         1.23e-32            
1876       1.9318516526         0.5176380902         1.23e-32            
1877       1.9318516526         0.5176380902         1.23e-32            
1878       1.9318516526         0.5176380902         1.23e-32            
1879       1.9318516526         0.5176380902         1.23e-32            
1880       1.9318516526         0.5176380902         1.23e-32            
1881       1.9318516526         0.5176380902         1.23e-32            
1882       1.9318516526         0.5176380902         1.23e-32            
1883       1.9318516526         0.5176380902         1.23e-32            
1884       1.9318516526         0.5176380902         1.23e-32            
1885       1.9318516526         0.5176380902         1.23e-32            
1886       1.9318516526         0.5176380902         1.23e-32            
1887       1.9318516526         0.5176380902         1.23e-32            
1888       1.9318516526         0.5176380902         1.23e-32            
1889       1.9318516526         0.5176380902         1.23e-32            
1890       1.9318516526         0.5176380902         1.23e-32            
1891       1.9318516526         0.5176380902         1.23e-32            
1892       1.9318516526         0.5176380902         1.23e-32            
1893       1.9318516526         0.5176380902         1.23e-32            
1894       1.9318516526         0.5176380902         1.23e-32            
1895       1.9318516526         0.5176380902         1.23e-32            
1896       1.9318516526         0.5176380902         1.23e-32            
1897       1.9318516526         0.5176380902         1.23e-32            
1898       1.9318516526         0.5176380902         1.23e-32            
1899       1.9318516526         0.5176380902         1.23e-32            
1900       1.9318516526         0.5176380902         1.23e-32            
1901       1.9318516526         0.5176380902         1.23e-32            
1902       1.9318516526         0.5176380902         1.23e-32            
1903       1.9318516526         0.5176380902         1.23e-32            
1904       1.9318516526         0.5176380902         1.23e-32            
1905       1.9318516526         0.5176380902         1.23e-32            
1906       1.9318516526         0.5176380902         1.23e-32            
1907       1.9318516526         0.5176380902         1.23e-32            
1908       1.9318516526         0.5176380902         1.23e-32            
1909       1.9318516526         0.5176380902         1.23e-32            
1910       1.9318516526         0.5176380902         1.23e-32            
1911       1.9318516526         0.5176380902         1.23e-32            
1912       1.9318516526         0.5176380902         1.23e-32            
1913       1.9318516526         0.5176380902         1.23e-32            
1914       1.9318516526         0.5176380902         1.23e-32            
1915       1.9318516526         0.5176380902         1.23e-32            
1916       1.9318516526         0.5176380902         1.23e-32            
1917       1.9318516526         0.5176380902         1.23e-32            
1918       1.9318516526         0.5176380902         1.23e-32            
1919       1.9318516526         0.5176380902         1.23e-32            
1920       1.9318516526         0.5176380902         1.23e-32            
1921       1.9318516526         0.5176380902         1.23e-32            
1922       1.9318516526         0.5176380902         1.23e-32            
1923       1.9318516526         0.5176380902         1.23e-32            
1924       1.9318516526         0.5176380902         1.23e-32            
1925       1.9318516526         0.5176380902         1.23e-32            
1926       1.9318516526         0.5176380902         1.23e-32            
1927       1.9318516526         0.5176380902         1.23e-32            
1928       1.9318516526         0.5176380902         1.23e-32            
1929       1.9318516526         0.5176380902         1.23e-32            
1930       1.9318516526         0.5176380902         1.23e-32            
1931       1.9318516526         0.5176380902         1.23e-32            
1932       1.9318516526         0.5176380902         1.23e-32            
1933       1.9318516526         0.5176380902         1.23e-32            
1934       1.9318516526         0.5176380902         1.23e-32            
1935       1.9318516526         0.5176380902         1.23e-32            
1936       1.9318516526         0.5176380902         1.23e-32            
1937       1.9318516526         0.5176380902         1.23e-32            
1938       1.9318516526         0.5176380902         1.23e-32            
1939       1.9318516526         0.5176380902         1.23e-32            
1940       1.9318516526         0.5176380902         1.23e-32            
1941       1.9318516526         0.5176380902         1.23e-32            
1942       1.9318516526         0.5176380902         1.23e-32            
1943       1.9318516526         0.5176380902         1.23e-32            
1944       1.9318516526         0.5176380902         1.23e-32            
1945       1.9318516526         0.5176380902         1.23e-32            
1946       1.9318516526         0.5176380902         1.23e-32            
1947       1.9318516526         0.5176380902         1.23e-32            
1948       1.9318516526         0.5176380902         1.23e-32            
1949       1.9318516526         0.5176380902         1.23e-32            
1950       1.9318516526         0.5176380902         1.23e-32            
1951       1.9318516526         0.5176380902         1.23e-32            
1952       1.9318516526         0.5176380902         1.23e-32            
1953       1.9318516526         0.5176380902         1.23e-32            
1954       1.9318516526         0.5176380902         1.23e-32            
1955       1.9318516526         0.5176380902         1.23e-32            
1956       1.9318516526         0.5176380902         1.23e-32            
1957       1.9318516526         0.5176380902         1.23e-32            
1958       1.9318516526         0.5176380902         1.23e-32            
1959       1.9318516526         0.5176380902         1.23e-32            
1960       1.9318516526         0.5176380902         1.23e-32            
1961       1.9318516526         0.5176380902         1.23e-32            
1962       1.9318516526         0.5176380902         1.23e-32            
1963       1.9318516526         0.5176380902         1.23e-32            
1964       1.9318516526         0.5176380902         1.23e-32            
1965       1.9318516526         0.5176380902         1.23e-32            
1966       1.9318516526         0.5176380902         1.23e-32            
1967       1.9318516526         0.5176380902         1.23e-32            
1968       1.9318516526         0.5176380902         1.23e-32            
1969       1.9318516526         0.5176380902         1.23e-32            
1970       1.9318516526         0.5176380902         1.23e-32            
1971       1.9318516526         0.5176380902         1.23e-32            
1972       1.9318516526         0.5176380902         1.23e-32            
1973       1.9318516526         0.5176380902         1.23e-32            
1974       1.9318516526         0.5176380902         1.23e-32            
1975       1.9318516526         0.5176380902         1.23e-32            
1976       1.9318516526         0.5176380902         1.23e-32            
1977       1.9318516526         0.5176380902         1.23e-32            
1978       1.9318516526         0.5176380902         1.23e-32            
1979       1.9318516526         0.5176380902         1.23e-32            
1980       1.9318516526         0.5176380902         1.23e-32            
1981       1.9318516526         0.5176380902         1.23e-32            
1982       1.9318516526         0.5176380902         1.23e-32            
1983       1.9318516526         0.5176380902         1.23e-32            
1984       1.9318516526         0.5176380902         1.23e-32            
1985       1.9318516526         0.5176380902         1.23e-32            
1986       1.9318516526         0.5176380902         1.23e-32            
1987       1.9318516526         0.5176380902         1.23e-32            
1988       1.9318516526         0.5176380902         1.23e-32            
1989       1.9318516526         0.5176380902         1.23e-32            
1990       1.9318516526         0.5176380902         1.23e-32            
1991       1.9318516526         0.5176380902         1.23e-32            
1992       1.9318516526         0.5176380902         1.23e-32            
1993       1.9318516526         0.5176380902         1.23e-32            
1994       1.9318516526         0.5176380902         1.23e-32            
1995       1.9318516526         0.5176380902         1.23e-32            
1996       1.9318516526         0.5176380902         1.23e-32            
1997       1.9318516526         0.5176380902         1.23e-32            
1998       1.9318516526         0.5176380902         1.23e-32            
1999       1.9318516526         0.5176380902         1.23e-32            
2000       1.9318516526         0.5176380902         1.23e-32            
2001       1.9318516526         0.5176380902         1.23e-32            
2002       1.9318516526         0.5176380902         1.23e-32            
2003       1.9318516526         0.5176380902         1.23e-32            
2004       1.9318516526         0.5176380902         1.23e-32            
2005       1.9318516526         0.5176380902         1.23e-32            
2006       1.9318516526         0.5176380902         1.23e-32            
2007       1.9318516526         0.5176380902         1.23e-32            
2008       1.9318516526         0.5176380902         1.23e-32            
2009       1.9318516526         0.5176380902         1.23e-32            
2010       1.9318516526         0.5176380902         1.23e-32            
2011       1.9318516526         0.5176380902         1.23e-32            
2012       1.9318516526         0.5176380902         1.23e-32            
2013       1.9318516526         0.5176380902         1.23e-32            
2014       1.9318516526         0.5176380902         1.23e-32            
2015       1.9318516526         0.5176380902         1.23e-32            
2016       1.9318516526         0.5176380902         1.23e-32            
2017       1.9318516526         0.5176380902         1.23e-32            
2018       1.9318516526         0.5176380902         1.23e-32            
2019       1.9318516526         0.5176380902         1.23e-32            
2020       1.9318516526         0.5176380902         1.23e-32            
2021       1.9318516526         0.5176380902         1.23e-32            
2022       1.9318516526         0.5176380902         1.23e-32            
2023       1.9318516526         0.5176380902         1.23e-32            
2024       1.9318516526         0.5176380902         1.23e-32            
2025       1.9318516526         0.5176380902         1.23e-32            
2026       1.9318516526         0.5176380902         1.23e-32            
2027       1.9318516526         0.5176380902         1.23e-32            
2028       1.9318516526         0.5176380902         1.23e-32            
2029       1.9318516526         0.5176380902         1.23e-32            
2030       1.9318516526         0.5176380902         1.23e-32            
2031       1.9318516526         0.5176380902         1.23e-32            
2032       1.9318516526         0.5176380902         1.23e-32            
2033       1.9318516526         0.5176380902         1.23e-32            
2034       1.9318516526         0.5176380902         1.23e-32            
2035       1.9318516526         0.5176380902         1.23e-32            
2036       1.9318516526         0.5176380902         1.23e-32            
2037       1.9318516526         0.5176380902         1.23e-32            
2038       1.9318516526         0.5176380902         1.23e-32            
2039       1.9318516526         0.5176380902         1.23e-32            
2040       1.9318516526         0.5176380902         1.23e-32            
2041       1.9318516526         0.5176380902         1.23e-32            
2042       1.9318516526         0.5176380902         1.23e-32            
2043       1.9318516526         0.5176380902         1.23e-32            
2044       1.9318516526         0.5176380902         1.23e-32            
2045       1.9318516526         0.5176380902         1.23e-32            
2046       1.9318516526         0.5176380902         1.23e-32            
2047       1.9318516526         0.5176380902         1.23e-32            
2048       1.9318516526         0.5176380902         1.23e-32            
2049       1.9318516526         0.5176380902         1.23e-32            
2050       1.9318516526         0.5176380902         1.23e-32            
2051       1.9318516526         0.5176380902         1.23e-32            
2052       1.9318516526         0.5176380902         1.23e-32            
2053       1.9318516526         0.5176380902         1.23e-32            
2054       1.9318516526         0.5176380902         1.23e-32            
2055       1.9318516526         0.5176380902         1.23e-32            
2056       1.9318516526         0.5176380902         1.23e-32            
2057       1.9318516526         0.5176380902         1.23e-32            
2058       1.9318516526         0.5176380902         1.23e-32            
2059       1.9318516526         0.5176380902         1.23e-32            
2060       1.9318516526         0.5176380902         1.23e-32            
2061       1.9318516526         0.5176380902         1.23e-32            
2062       1.9318516526         0.5176380902         1.23e-32            
2063       1.9318516526         0.5176380902         1.23e-32            
2064       1.9318516526         0.5176380902         1.23e-32            
2065       1.9318516526         0.5176380902         1.23e-32            
2066       1.9318516526         0.5176380902         1.23e-32            
2067       1.9318516526         0.5176380902         1.23e-32            
2068       1.9318516526         0.5176380902         1.23e-32            
2069       1.9318516526         0.5176380902         1.23e-32            
2070       1.9318516526         0.5176380902         1.23e-32            
2071       1.9318516526         0.5176380902         1.23e-32            
2072       1.9318516526         0.5176380902         1.23e-32            
2073       1.9318516526         0.5176380902         1.23e-32            
2074       1.9318516526         0.5176380902         1.23e-32            
2075       1.9318516526         0.5176380902         1.23e-32            
2076       1.9318516526         0.5176380902         1.23e-32            
2077       1.9318516526         0.5176380902         1.23e-32            
2078       1.9318516526         0.5176380902         1.23e-32            
2079       1.9318516526         0.5176380902         1.23e-32            
2080       1.9318516526         0.5176380902         1.23e-32            
2081       1.9318516526         0.5176380902         1.23e-32            
2082       1.9318516526         0.5176380902         1.23e-32            
2083       1.9318516526         0.5176380902         1.23e-32            
2084       1.9318516526         0.5176380902         1.23e-32            
2085       1.9318516526         0.5176380902         1.23e-32            
2086       1.9318516526         0.5176380902         1.23e-32            
2087       1.9318516526         0.5176380902         1.23e-32            
2088       1.9318516526         0.5176380902         1.23e-32            
2089       1.9318516526         0.5176380902         1.23e-32            
2090       1.9318516526         0.5176380902         1.23e-32            
2091       1.9318516526         0.5176380902         1.23e-32            
2092       1.9318516526         0.5176380902         1.23e-32            
2093       1.9318516526         0.5176380902         1.23e-32            
2094       1.9318516526         0.5176380902         1.23e-32            
2095       1.9318516526         0.5176380902         1.23e-32            
2096       1.9318516526         0.5176380902         1.23e-32            
2097       1.9318516526         0.5176380902         1.23e-32            
2098       1.9318516526         0.5176380902         1.23e-32            
2099       1.9318516526         0.5176380902         1.23e-32            
2100       1.9318516526         0.5176380902         1.23e-32            
2101       1.9318516526         0.5176380902         1.23e-32            
2102       1.9318516526         0.5176380902         1.23e-32            
2103       1.9318516526         0.5176380902         1.23e-32            
2104       1.9318516526         0.5176380902         1.23e-32            
2105       1.9318516526         0.5176380902         1.23e-32            
2106       1.9318516526         0.5176380902         1.23e-32            
2107       1.9318516526         0.5176380902         1.23e-32            
2108       1.9318516526         0.5176380902         1.23e-32            
2109       1.9318516526         0.5176380902         1.23e-32            
2110       1.9318516526         0.5176380902         1.23e-32            
2111       1.9318516526         0.5176380902         1.23e-32            
2112       1.9318516526         0.5176380902         1.23e-32            
2113       1.9318516526         0.5176380902         1.23e-32            
2114       1.9318516526         0.5176380902         1.23e-32            
2115       1.9318516526         0.5176380902         1.23e-32            
2116       1.9318516526         0.5176380902         1.23e-32            
2117       1.9318516526         0.5176380902         1.23e-32            
2118       1.9318516526         0.5176380902         1.23e-32            
2119       1.9318516526         0.5176380902         1.23e-32            
2120       1.9318516526         0.5176380902         1.23e-32            
2121       1.9318516526         0.5176380902         1.23e-32            
2122       1.9318516526         0.5176380902         1.23e-32            
2123       1.9318516526         0.5176380902         1.23e-32            
2124       1.9318516526         0.5176380902         1.23e-32            
2125       1.9318516526         0.5176380902         1.23e-32            
2126       1.9318516526         0.5176380902         1.23e-32            
2127       1.9318516526         0.5176380902         1.23e-32            
2128       1.9318516526         0.5176380902         1.23e-32            
2129       1.9318516526         0.5176380902         1.23e-32            
2130       1.9318516526         0.5176380902         1.23e-32            
2131       1.9318516526         0.5176380902         1.23e-32            
2132       1.9318516526         0.5176380902         1.23e-32            
2133       1.9318516526         0.5176380902         1.23e-32            
2134       1.9318516526         0.5176380902         1.23e-32            
2135       1.9318516526         0.5176380902         1.23e-32            
2136       1.9318516526         0.5176380902         1.23e-32            
2137       1.9318516526         0.5176380902         1.23e-32            
2138       1.9318516526         0.5176380902         1.23e-32            
2139       1.9318516526         0.5176380902         1.23e-32            
2140       1.9318516526         0.5176380902         1.23e-32            
2141       1.9318516526         0.5176380902         1.23e-32            
2142       1.9318516526         0.5176380902         1.23e-32            
2143       1.9318516526         0.5176380902         1.23e-32            
2144       1.9318516526         0.5176380902         1.23e-32            
2145       1.9318516526         0.5176380902         1.23e-32            
2146       1.9318516526         0.5176380902         1.23e-32            
2147       1.9318516526         0.5176380902         1.23e-32            
2148       1.9318516526         0.5176380902         1.23e-32            
2149       1.9318516526         0.5176380902         1.23e-32            
2150       1.9318516526         0.5176380902         1.23e-32            
2151       1.9318516526         0.5176380902         1.23e-32            
2152       1.9318516526         0.5176380902         1.23e-32            
2153       1.9318516526         0.5176380902         1.23e-32            
2154       1.9318516526         0.5176380902         1.23e-32            
2155       1.9318516526         0.5176380902         1.23e-32            
2156       1.9318516526         0.5176380902         1.23e-32            
2157       1.9318516526         0.5176380902         1.23e-32            
2158       1.9318516526         0.5176380902         1.23e-32            
2159       1.9318516526         0.5176380902         1.23e-32            
2160       1.9318516526         0.5176380902         1.23e-32            
2161       1.9318516526         0.5176380902         1.23e-32            
2162       1.9318516526         0.5176380902         1.23e-32            
2163       1.9318516526         0.5176380902         1.23e-32            
2164       1.9318516526         0.5176380902         1.23e-32            
2165       1.9318516526         0.5176380902         1.23e-32            
2166       1.9318516526         0.5176380902         1.23e-32            
2167       1.9318516526         0.5176380902         1.23e-32            
2168       1.9318516526         0.5176380902         1.23e-32            
2169       1.9318516526         0.5176380902         1.23e-32            
2170       1.9318516526         0.5176380902         1.23e-32            
2171       1.9318516526         0.5176380902         1.23e-32            
2172       1.9318516526         0.5176380902         1.23e-32            
2173       1.9318516526         0.5176380902         1.23e-32            
2174       1.9318516526         0.5176380902         1.23e-32            
2175       1.9318516526         0.5176380902         1.23e-32            
2176       1.9318516526         0.5176380902         1.23e-32            
2177       1.9318516526         0.5176380902         1.23e-32            
2178       1.9318516526         0.5176380902         1.23e-32            
2179       1.9318516526         0.5176380902         1.23e-32            
2180       1.9318516526         0.5176380902         1.23e-32            
2181       1.9318516526         0.5176380902         1.23e-32            
2182       1.9318516526         0.5176380902         1.23e-32            
2183       1.9318516526         0.5176380902         1.23e-32            
2184       1.9318516526         0.5176380902         1.23e-32            
2185       1.9318516526         0.5176380902         1.23e-32            
2186       1.9318516526         0.5176380902         1.23e-32            
2187       1.9318516526         0.5176380902         1.23e-32            
2188       1.9318516526         0.5176380902         1.23e-32            
2189       1.9318516526         0.5176380902         1.23e-32            
2190       1.9318516526         0.5176380902         1.23e-32            
2191       1.9318516526         0.5176380902         1.23e-32            
2192       1.9318516526         0.5176380902         1.23e-32            
2193       1.9318516526         0.5176380902         1.23e-32            
2194       1.9318516526         0.5176380902         1.23e-32            
2195       1.9318516526         0.5176380902         1.23e-32            
2196       1.9318516526         0.5176380902         1.23e-32            
2197       1.9318516526         0.5176380902         1.23e-32            
2198       1.9318516526         0.5176380902         1.23e-32            
2199       1.9318516526         0.5176380902         1.23e-32            
2200       1.9318516526         0.5176380902         1.23e-32            
2201       1.9318516526         0.5176380902         1.23e-32            
2202       1.9318516526         0.5176380902         1.23e-32            
2203       1.9318516526         0.5176380902         1.23e-32            
2204       1.9318516526         0.5176380902         1.23e-32            
2205       1.9318516526         0.5176380902         1.23e-32            
2206       1.9318516526         0.5176380902         1.23e-32            
2207       1.9318516526         0.5176380902         1.23e-32            
2208       1.9318516526         0.5176380902         1.23e-32            
2209       1.9318516526         0.5176380902         1.23e-32            
2210       1.9318516526         0.5176380902         1.23e-32            
2211       1.9318516526         0.5176380902         1.23e-32            
2212       1.9318516526         0.5176380902         1.23e-32            
2213       1.9318516526         0.5176380902         1.23e-32            
2214       1.9318516526         0.5176380902         1.23e-32            
2215       1.9318516526         0.5176380902         1.23e-32            
2216       1.9318516526         0.5176380902         1.23e-32            
2217       1.9318516526         0.5176380902         1.23e-32            
2218       1.9318516526         0.5176380902         1.23e-32            
2219       1.9318516526         0.5176380902         1.23e-32            
2220       1.9318516526         0.5176380902         1.23e-32            
2221       1.9318516526         0.5176380902         1.23e-32            
2222       1.9318516526         0.5176380902         1.23e-32            
2223       1.9318516526         0.5176380902         1.23e-32            
2224       1.9318516526         0.5176380902         1.23e-32            
2225       1.9318516526         0.5176380902         1.23e-32            
2226       1.9318516526         0.5176380902         1.23e-32            
2227       1.9318516526         0.5176380902         1.23e-32            
2228       1.9318516526         0.5176380902         1.23e-32            
2229       1.9318516526         0.5176380902         1.23e-32            
2230       1.9318516526         0.5176380902         1.23e-32            
2231       1.9318516526         0.5176380902         1.23e-32            
2232       1.9318516526         0.5176380902         1.23e-32            
2233       1.9318516526         0.5176380902         1.23e-32            
2234       1.9318516526         0.5176380902         1.23e-32            
2235       1.9318516526         0.5176380902         1.23e-32            
2236       1.9318516526         0.5176380902         1.23e-32            
2237       1.9318516526         0.5176380902         1.23e-32            
2238       1.9318516526         0.5176380902         1.23e-32            
2239       1.9318516526         0.5176380902         1.23e-32            
2240       1.9318516526         0.5176380902         1.23e-32            
2241       1.9318516526         0.5176380902         1.23e-32            
2242       1.9318516526         0.5176380902         1.23e-32            
2243       1.9318516526         0.5176380902         1.23e-32            
2244       1.9318516526         0.5176380902         1.23e-32            
2245       1.9318516526         0.5176380902         1.23e-32            
2246       1.9318516526         0.5176380902         1.23e-32            
2247       1.9318516526         0.5176380902         1.23e-32            
2248       1.9318516526         0.5176380902         1.23e-32            
2249       1.9318516526         0.5176380902         1.23e-32            
2250       1.9318516526         0.5176380902         1.23e-32            
2251       1.9318516526         0.5176380902         1.23e-32            
2252       1.9318516526         0.5176380902         1.23e-32            
2253       1.9318516526         0.5176380902         1.23e-32            
2254       1.9318516526         0.5176380902         1.23e-32            
2255       1.9318516526         0.5176380902         1.23e-32            
2256       1.9318516526         0.5176380902         1.23e-32            
2257       1.9318516526         0.5176380902         1.23e-32            
2258       1.9318516526         0.5176380902         1.23e-32            
2259       1.9318516526         0.5176380902         1.23e-32            
2260       1.9318516526         0.5176380902         1.23e-32            
2261       1.9318516526         0.5176380902         1.23e-32            
2262       1.9318516526         0.5176380902         1.23e-32            
2263       1.9318516526         0.5176380902         1.23e-32            
2264       1.9318516526         0.5176380902         1.23e-32            
2265       1.9318516526         0.5176380902         1.23e-32            
2266       1.9318516526         0.5176380902         1.23e-32            
2267       1.9318516526         0.5176380902         1.23e-32            
2268       1.9318516526         0.5176380902         1.23e-32            
2269       1.9318516526         0.5176380902         1.23e-32            
2270       1.9318516526         0.5176380902         1.23e-32            
2271       1.9318516526         0.5176380902         1.23e-32            
2272       1.9318516526         0.5176380902         1.23e-32            
2273       1.9318516526         0.5176380902         1.23e-32            
2274       1.9318516526         0.5176380902         1.23e-32            
2275       1.9318516526         0.5176380902         1.23e-32            
2276       1.9318516526         0.5176380902         1.23e-32            
2277       1.9318516526         0.5176380902         1.23e-32            
2278       1.9318516526         0.5176380902         1.23e-32            
2279       1.9318516526         0.5176380902         1.23e-32            
2280       1.9318516526         0.5176380902         1.23e-32            
2281       1.9318516526         0.5176380902         1.23e-32            
2282       1.9318516526         0.5176380902         1.23e-32            
2283       1.9318516526         0.5176380902         1.23e-32            
2284       1.9318516526         0.5176380902         1.23e-32            
2285       1.9318516526         0.5176380902         1.23e-32            
2286       1.9318516526         0.5176380902         1.23e-32            
2287       1.9318516526         0.5176380902         1.23e-32            
2288       1.9318516526         0.5176380902         1.23e-32            
2289       1.9318516526         0.5176380902         1.23e-32            
2290       1.9318516526         0.5176380902         1.23e-32            
2291       1.9318516526         0.5176380902         1.23e-32            
2292       1.9318516526         0.5176380902         1.23e-32            
2293       1.9318516526         0.5176380902         1.23e-32            
2294       1.9318516526         0.5176380902         1.23e-32            
2295       1.9318516526         0.5176380902         1.23e-32            
2296       1.9318516526         0.5176380902         1.23e-32            
2297       1.9318516526         0.5176380902         1.23e-32            
2298       1.9318516526         0.5176380902         1.23e-32            
2299       1.9318516526         0.5176380902         1.23e-32            
2300       1.9318516526         0.5176380902         1.23e-32            
2301       1.9318516526         0.5176380902         1.23e-32            
2302       1.9318516526         0.5176380902         1.23e-32            
2303       1.9318516526         0.5176380902         1.23e-32            
2304       1.9318516526         0.5176380902         1.23e-32            
2305       1.9318516526         0.5176380902         1.23e-32            
2306       1.9318516526         0.5176380902         1.23e-32            
2307       1.9318516526         0.5176380902         1.23e-32            
2308       1.9318516526         0.5176380902         1.23e-32            
2309       1.9318516526         0.5176380902         1.23e-32            
2310       1.9318516526         0.5176380902         1.23e-32            
2311       1.9318516526         0.5176380902         1.23e-32            
2312       1.9318516526         0.5176380902         1.23e-32            
2313       1.9318516526         0.5176380902         1.23e-32            
2314       1.9318516526         0.5176380902         1.23e-32            
2315       1.9318516526         0.5176380902         1.23e-32            
2316       1.9318516526         0.5176380902         1.23e-32            
2317       1.9318516526         0.5176380902         1.23e-32            
2318       1.9318516526         0.5176380902         1.23e-32            
2319       1.9318516526         0.5176380902         1.23e-32            
2320       1.9318516526         0.5176380902         1.23e-32            
2321       1.9318516526         0.5176380902         1.23e-32            
2322       1.9318516526         0.5176380902         1.23e-32            
2323       1.9318516526         0.5176380902         1.23e-32            
2324       1.9318516526         0.5176380902         1.23e-32            
2325       1.9318516526         0.5176380902         1.23e-32            
2326       1.9318516526         0.5176380902         1.23e-32            
2327       1.9318516526         0.5176380902         1.23e-32            
2328       1.9318516526         0.5176380902         1.23e-32            
2329       1.9318516526         0.5176380902         1.23e-32            
2330       1.9318516526         0.5176380902         1.23e-32            
2331       1.9318516526         0.5176380902         1.23e-32            
2332       1.9318516526         0.5176380902         1.23e-32            
2333       1.9318516526         0.5176380902         1.23e-32            
2334       1.9318516526         0.5176380902         1.23e-32            
2335       1.9318516526         0.5176380902         1.23e-32            
2336       1.9318516526         0.5176380902         1.23e-32            
2337       1.9318516526         0.5176380902         1.23e-32            
2338       1.9318516526         0.5176380902         1.23e-32            
2339       1.9318516526         0.5176380902         1.23e-32            
2340       1.9318516526         0.5176380902         1.23e-32            
2341       1.9318516526         0.5176380902         1.23e-32            
2342       1.9318516526         0.5176380902         1.23e-32            
2343       1.9318516526         0.5176380902         1.23e-32            
2344       1.9318516526         0.5176380902         1.23e-32            
2345       1.9318516526         0.5176380902         1.23e-32            
2346       1.9318516526         0.5176380902         1.23e-32            
2347       1.9318516526         0.5176380902         1.23e-32            
2348       1.9318516526         0.5176380902         1.23e-32            
2349       1.9318516526         0.5176380902         1.23e-32            
2350       1.9318516526         0.5176380902         1.23e-32            
2351       1.9318516526         0.5176380902         1.23e-32            
2352       1.9318516526         0.5176380902         1.23e-32            
2353       1.9318516526         0.5176380902         1.23e-32            
2354       1.9318516526         0.5176380902         1.23e-32            
2355       1.9318516526         0.5176380902         1.23e-32            
2356       1.9318516526         0.5176380902         1.23e-32            
2357       1.9318516526         0.5176380902         1.23e-32            
2358       1.9318516526         0.5176380902         1.23e-32            
2359       1.9318516526         0.5176380902         1.23e-32            
2360       1.9318516526         0.5176380902         1.23e-32            
2361       1.9318516526         0.5176380902         1.23e-32            
2362       1.9318516526         0.5176380902         1.23e-32            
2363       1.9318516526         0.5176380902         1.23e-32            
2364       1.9318516526         0.5176380902         1.23e-32            
2365       1.9318516526         0.5176380902         1.23e-32            
2366       1.9318516526         0.5176380902         1.23e-32            
2367       1.9318516526         0.5176380902         1.23e-32            
2368       1.9318516526         0.5176380902         1.23e-32            
2369       1.9318516526         0.5176380902         1.23e-32            
2370       1.9318516526         0.5176380902         1.23e-32            
2371       1.9318516526         0.5176380902         1.23e-32            
2372       1.9318516526         0.5176380902         1.23e-32            
2373       1.9318516526         0.5176380902         1.23e-32            
2374       1.9318516526         0.5176380902         1.23e-32            
2375       1.9318516526         0.5176380902         1.23e-32            
2376       1.9318516526         0.5176380902         1.23e-32            
2377       1.9318516526         0.5176380902         1.23e-32            
2378       1.9318516526         0.5176380902         1.23e-32            
2379       1.9318516526         0.5176380902         1.23e-32            
2380       1.9318516526         0.5176380902         1.23e-32            
2381       1.9318516526         0.5176380902         1.23e-32            
2382       1.9318516526         0.5176380902         1.23e-32            
2383       1.9318516526         0.5176380902         1.23e-32            
2384       1.9318516526         0.5176380902         1.23e-32            
2385       1.9318516526         0.5176380902         1.23e-32            
2386       1.9318516526         0.5176380902         1.23e-32            
2387       1.9318516526         0.5176380902         1.23e-32            
2388       1.9318516526         0.5176380902         1.23e-32            
2389       1.9318516526         0.5176380902         1.23e-32            
2390       1.9318516526         0.5176380902         1.23e-32            
2391       1.9318516526         0.5176380902         1.23e-32            
2392       1.9318516526         0.5176380902         1.23e-32            
2393       1.9318516526         0.5176380902         1.23e-32            
2394       1.9318516526         0.5176380902         1.23e-32            
2395       1.9318516526         0.5176380902         1.23e-32            
2396       1.9318516526         0.5176380902         1.23e-32            
2397       1.9318516526         0.5176380902         1.23e-32            
2398       1.9318516526         0.5176380902         1.23e-32            
2399       1.9318516526         0.5176380902         1.23e-32            
2400       1.9318516526         0.5176380902         1.23e-32            
2401       1.9318516526         0.5176380902         1.23e-32            
2402       1.9318516526         0.5176380902         1.23e-32            
2403       1.9318516526         0.5176380902         1.23e-32            
2404       1.9318516526         0.5176380902         1.23e-32            
2405       1.9318516526         0.5176380902         1.23e-32            
2406       1.9318516526         0.5176380902         1.23e-32            
2407       1.9318516526         0.5176380902         1.23e-32            
2408       1.9318516526         0.5176380902         1.23e-32            
2409       1.9318516526         0.5176380902         1.23e-32            
2410       1.9318516526         0.5176380902         1.23e-32            
2411       1.9318516526         0.5176380902         1.23e-32            
2412       1.9318516526         0.5176380902         1.23e-32            
2413       1.9318516526         0.5176380902         1.23e-32            
2414       1.9318516526         0.5176380902         1.23e-32            
2415       1.9318516526         0.5176380902         1.23e-32            
2416       1.9318516526         0.5176380902         1.23e-32            
2417       1.9318516526         0.5176380902         1.23e-32            
2418       1.9318516526         0.5176380902         1.23e-32            
2419       1.9318516526         0.5176380902         1.23e-32            
2420       1.9318516526         0.5176380902         1.23e-32            
2421       1.9318516526         0.5176380902         1.23e-32            
2422       1.9318516526         0.5176380902         1.23e-32            
2423       1.9318516526         0.5176380902         1.23e-32            
2424       1.9318516526         0.5176380902         1.23e-32            
2425       1.9318516526         0.5176380902         1.23e-32            
2426       1.9318516526         0.5176380902         1.23e-32            
2427       1.9318516526         0.5176380902         1.23e-32            
2428       1.9318516526         0.5176380902         1.23e-32            
2429       1.9318516526         0.5176380902         1.23e-32            
2430       1.9318516526         0.5176380902         1.23e-32            
2431       1.9318516526         0.5176380902         1.23e-32            
2432       1.9318516526         0.5176380902         1.23e-32            
2433       1.9318516526         0.5176380902         1.23e-32            
2434       1.9318516526         0.5176380902         1.23e-32            
2435       1.9318516526         0.5176380902         1.23e-32            
2436       1.9318516526         0.5176380902         1.23e-32            
2437       1.9318516526         0.5176380902         1.23e-32            
2438       1.9318516526         0.5176380902         1.23e-32            
2439       1.9318516526         0.5176380902         1.23e-32            
2440       1.9318516526         0.5176380902         1.23e-32            
2441       1.9318516526         0.5176380902         1.23e-32            
2442       1.9318516526         0.5176380902         1.23e-32            
2443       1.9318516526         0.5176380902         1.23e-32            
2444       1.9318516526         0.5176380902         1.23e-32            
2445       1.9318516526         0.5176380902         1.23e-32            
2446       1.9318516526         0.5176380902         1.23e-32            
2447       1.9318516526         0.5176380902         1.23e-32            
2448       1.9318516526         0.5176380902         1.23e-32            
2449       1.9318516526         0.5176380902         1.23e-32            
2450       1.9318516526         0.5176380902         1.23e-32            
2451       1.9318516526         0.5176380902         1.23e-32            
2452       1.9318516526         0.5176380902         1.23e-32            
2453       1.9318516526         0.5176380902         1.23e-32            
2454       1.9318516526         0.5176380902         1.23e-32            
2455       1.9318516526         0.5176380902         1.23e-32            
2456       1.9318516526         0.5176380902         1.23e-32            
2457       1.9318516526         0.5176380902         1.23e-32            
2458       1.9318516526         0.5176380902         1.23e-32            
2459       1.9318516526         0.5176380902         1.23e-32            
2460       1.9318516526         0.5176380902         1.23e-32            
2461       1.9318516526         0.5176380902         1.23e-32            
2462       1.9318516526         0.5176380902         1.23e-32            
2463       1.9318516526         0.5176380902         1.23e-32            
2464       1.9318516526         0.5176380902         1.23e-32            
2465       1.9318516526         0.5176380902         1.23e-32            
2466       1.9318516526         0.5176380902         1.23e-32            
2467       1.9318516526         0.5176380902         1.23e-32            
2468       1.9318516526         0.5176380902         1.23e-32            
2469       1.9318516526         0.5176380902         1.23e-32            
2470       1.9318516526         0.5176380902         1.23e-32            
2471       1.9318516526         0.5176380902         1.23e-32            
2472       1.9318516526         0.5176380902         1.23e-32            
2473       1.9318516526         0.5176380902         1.23e-32            
2474       1.9318516526         0.5176380902         1.23e-32            
2475       1.9318516526         0.5176380902         1.23e-32            
2476       1.9318516526         0.5176380902         1.23e-32            
2477       1.9318516526         0.5176380902         1.23e-32            
2478       1.9318516526         0.5176380902         1.23e-32            
2479       1.9318516526         0.5176380902         1.23e-32            
2480       1.9318516526         0.5176380902         1.23e-32            
2481       1.9318516526         0.5176380902         1.23e-32            
2482       1.9318516526         0.5176380902         1.23e-32            
2483       1.9318516526         0.5176380902         1.23e-32            
2484       1.9318516526         0.5176380902         1.23e-32            
2485       1.9318516526         0.5176380902         1.23e-32            
2486       1.9318516526         0.5176380902         1.23e-32            
2487       1.9318516526         0.5176380902         1.23e-32            
2488       1.9318516526         0.5176380902         1.23e-32            
2489       1.9318516526         0.5176380902         1.23e-32            
2490       1.9318516526         0.5176380902         1.23e-32            
2491       1.9318516526         0.5176380902         1.23e-32            
2492       1.9318516526         0.5176380902         1.23e-32            
2493       1.9318516526         0.5176380902         1.23e-32            
2494       1.9318516526         0.5176380902         1.23e-32            
2495       1.9318516526         0.5176380902         1.23e-32            
2496       1.9318516526         0.5176380902         1.23e-32            
2497       1.9318516526         0.5176380902         1.23e-32            
2498       1.9318516526         0.5176380902         1.23e-32            
2499       1.9318516526         0.5176380902         1.23e-32            
2500       1.9318516526         0.5176380902         1.23e-32            
2501       1.9318516526         0.5176380902         1.23e-32            
2502       1.9318516526         0.5176380902         1.23e-32            
2503       1.9318516526         0.5176380902         1.23e-32            
2504       1.9318516526         0.5176380902         1.23e-32            
2505       1.9318516526         0.5176380902         1.23e-32            
2506       1.9318516526         0.5176380902         1.23e-32            
2507       1.9318516526         0.5176380902         1.23e-32            
2508       1.9318516526         0.5176380902         1.23e-32            
2509       1.9318516526         0.5176380902         1.23e-32            
2510       1.9318516526         0.5176380902         1.23e-32            
2511       1.9318516526         0.5176380902         1.23e-32            
2512       1.9318516526         0.5176380902         1.23e-32            
2513       1.9318516526         0.5176380902         1.23e-32            
2514       1.9318516526         0.5176380902         1.23e-32            
2515       1.9318516526         0.5176380902         1.23e-32            
2516       1.9318516526         0.5176380902         1.23e-32            
2517       1.9318516526         0.5176380902         1.23e-32            
2518       1.9318516526         0.5176380902         1.23e-32            
2519       1.9318516526         0.5176380902         1.23e-32            
2520       1.9318516526         0.5176380902         1.23e-32            
2521       1.9318516526         0.5176380902         1.23e-32            
2522       1.9318516526         0.5176380902         1.23e-32            
2523       1.9318516526         0.5176380902         1.23e-32            
2524       1.9318516526         0.5176380902         1.23e-32            
2525       1.9318516526         0.5176380902         1.23e-32            
2526       1.9318516526         0.5176380902         1.23e-32            
2527       1.9318516526         0.5176380902         1.23e-32            
2528       1.9318516526         0.5176380902         1.23e-32            
2529       1.9318516526         0.5176380902         1.23e-32            
2530       1.9318516526         0.5176380902         1.23e-32            
2531       1.9318516526         0.5176380902         1.23e-32            
2532       1.9318516526         0.5176380902         1.23e-32            
2533       1.9318516526         0.5176380902         1.23e-32            
2534       1.9318516526         0.5176380902         1.23e-32            
2535       1.9318516526         0.5176380902         1.23e-32            
2536       1.9318516526         0.5176380902         1.23e-32            
2537       1.9318516526         0.5176380902         1.23e-32            
2538       1.9318516526         0.5176380902         1.23e-32            
2539       1.9318516526         0.5176380902         1.23e-32            
2540       1.9318516526         0.5176380902         1.23e-32            
2541       1.9318516526         0.5176380902         1.23e-32            
2542       1.9318516526         0.5176380902         1.23e-32            
2543       1.9318516526         0.5176380902         1.23e-32            
2544       1.9318516526         0.5176380902         1.23e-32            
2545       1.9318516526         0.5176380902         1.23e-32            
2546       1.9318516526         0.5176380902         1.23e-32            
2547       1.9318516526         0.5176380902         1.23e-32            
2548       1.9318516526         0.5176380902         1.23e-32            
2549       1.9318516526         0.5176380902         1.23e-32            
2550       1.9318516526         0.5176380902         1.23e-32            
2551       1.9318516526         0.5176380902         1.23e-32            
2552       1.9318516526         0.5176380902         1.23e-32            
2553       1.9318516526         0.5176380902         1.23e-32            
2554       1.9318516526         0.5176380902         1.23e-32            
2555       1.9318516526         0.5176380902         1.23e-32            
2556       1.9318516526         0.5176380902         1.23e-32            
2557       1.9318516526         0.5176380902         1.23e-32            
2558       1.9318516526         0.5176380902         1.23e-32            
2559       1.9318516526         0.5176380902         1.23e-32            
2560       1.9318516526         0.5176380902         1.23e-32            
2561       1.9318516526         0.5176380902         1.23e-32            
2562       1.9318516526         0.5176380902         1.23e-32            
2563       1.9318516526         0.5176380902         1.23e-32            
2564       1.9318516526         0.5176380902         1.23e-32            
2565       1.9318516526         0.5176380902         1.23e-32            
2566       1.9318516526         0.5176380902         1.23e-32            
2567       1.9318516526         0.5176380902         1.23e-32            
2568       1.9318516526         0.5176380902         1.23e-32            
2569       1.9318516526         0.5176380902         1.23e-32            
2570       1.9318516526         0.5176380902         1.23e-32            
2571       1.9318516526         0.5176380902         1.23e-32            
2572       1.9318516526         0.5176380902         1.23e-32            
2573       1.9318516526         0.5176380902         1.23e-32            
2574       1.9318516526         0.5176380902         1.23e-32            
2575       1.9318516526         0.5176380902         1.23e-32            
2576       1.9318516526         0.5176380902         1.23e-32            
2577       1.9318516526         0.5176380902         1.23e-32            
2578       1.9318516526         0.5176380902         1.23e-32            
2579       1.9318516526         0.5176380902         1.23e-32            
2580       1.9318516526         0.5176380902         1.23e-32            
2581       1.9318516526         0.5176380902         1.23e-32            
2582       1.9318516526         0.5176380902         1.23e-32            
2583       1.9318516526         0.5176380902         1.23e-32            
2584       1.9318516526         0.5176380902         1.23e-32            
2585       1.9318516526         0.5176380902         1.23e-32            
2586       1.9318516526         0.5176380902         1.23e-32            
2587       1.9318516526         0.5176380902         1.23e-32            
2588       1.9318516526         0.5176380902         1.23e-32            
2589       1.9318516526         0.5176380902         1.23e-32            
2590       1.9318516526         0.5176380902         1.23e-32            
2591       1.9318516526         0.5176380902         1.23e-32            
2592       1.9318516526         0.5176380902         1.23e-32            
2593       1.9318516526         0.5176380902         1.23e-32            
2594       1.9318516526         0.5176380902         1.23e-32            
2595       1.9318516526         0.5176380902         1.23e-32            
2596       1.9318516526         0.5176380902         1.23e-32            
2597       1.9318516526         0.5176380902         1.23e-32            
2598       1.9318516526         0.5176380902         1.23e-32            
2599       1.9318516526         0.5176380902         1.23e-32            
2600       1.9318516526         0.5176380902         1.23e-32            
2601       1.9318516526         0.5176380902         1.23e-32            
2602       1.9318516526         0.5176380902         1.23e-32            
2603       1.9318516526         0.5176380902         1.23e-32            
2604       1.9318516526         0.5176380902         1.23e-32            
2605       1.9318516526         0.5176380902         1.23e-32            
2606       1.9318516526         0.5176380902         1.23e-32            
2607       1.9318516526         0.5176380902         1.23e-32            
2608       1.9318516526         0.5176380902         1.23e-32            
2609       1.9318516526         0.5176380902         1.23e-32            
2610       1.9318516526         0.5176380902         1.23e-32            
2611       1.9318516526         0.5176380902         1.23e-32            
2612       1.9318516526         0.5176380902         1.23e-32            
2613       1.9318516526         0.5176380902         1.23e-32            
2614       1.9318516526         0.5176380902         1.23e-32            
2615       1.9318516526         0.5176380902         1.23e-32            
2616       1.9318516526         0.5176380902         1.23e-32            
2617       1.9318516526         0.5176380902         1.23e-32            
2618       1.9318516526         0.5176380902         1.23e-32            
2619       1.9318516526         0.5176380902         1.23e-32            
2620       1.9318516526         0.5176380902         1.23e-32            
2621       1.9318516526         0.5176380902         1.23e-32            
2622       1.9318516526         0.5176380902         1.23e-32            
2623       1.9318516526         0.5176380902         1.23e-32            
2624       1.9318516526         0.5176380902         1.23e-32            
2625       1.9318516526         0.5176380902         1.23e-32            
2626       1.9318516526         0.5176380902         1.23e-32            
2627       1.9318516526         0.5176380902         1.23e-32            
2628       1.9318516526         0.5176380902         1.23e-32            
2629       1.9318516526         0.5176380902         1.23e-32            
2630       1.9318516526         0.5176380902         1.23e-32            
2631       1.9318516526         0.5176380902         1.23e-32            
2632       1.9318516526         0.5176380902         1.23e-32            
2633       1.9318516526         0.5176380902         1.23e-32            
2634       1.9318516526         0.5176380902         1.23e-32            
2635       1.9318516526         0.5176380902         1.23e-32            
2636       1.9318516526         0.5176380902         1.23e-32            
2637       1.9318516526         0.5176380902         1.23e-32            
2638       1.9318516526         0.5176380902         1.23e-32            
2639       1.9318516526         0.5176380902         1.23e-32            
2640       1.9318516526         0.5176380902         1.23e-32            
2641       1.9318516526         0.5176380902         1.23e-32            
2642       1.9318516526         0.5176380902         1.23e-32            
2643       1.9318516526         0.5176380902         1.23e-32            
2644       1.9318516526         0.5176380902         1.23e-32            
2645       1.9318516526         0.5176380902         1.23e-32            
2646       1.9318516526         0.5176380902         1.23e-32            
2647       1.9318516526         0.5176380902         1.23e-32            
2648       1.9318516526         0.5176380902         1.23e-32            
2649       1.9318516526         0.5176380902         1.23e-32            
2650       1.9318516526         0.5176380902         1.23e-32            
2651       1.9318516526         0.5176380902         1.23e-32            
2652       1.9318516526         0.5176380902         1.23e-32            
2653       1.9318516526         0.5176380902         1.23e-32            
2654       1.9318516526         0.5176380902         1.23e-32            
2655       1.9318516526         0.5176380902         1.23e-32            
2656       1.9318516526         0.5176380902         1.23e-32            
2657       1.9318516526         0.5176380902         1.23e-32            
2658       1.9318516526         0.5176380902         1.23e-32            
2659       1.9318516526         0.5176380902         1.23e-32            
2660       1.9318516526         0.5176380902         1.23e-32            
2661       1.9318516526         0.5176380902         1.23e-32            
2662       1.9318516526         0.5176380902         1.23e-32            
2663       1.9318516526         0.5176380902         1.23e-32            
2664       1.9318516526         0.5176380902         1.23e-32            
2665       1.9318516526         0.5176380902         1.23e-32            
2666       1.9318516526         0.5176380902         1.23e-32            
2667       1.9318516526         0.5176380902         1.23e-32            
2668       1.9318516526         0.5176380902         1.23e-32            
2669       1.9318516526         0.5176380902         1.23e-32            
2670       1.9318516526         0.5176380902         1.23e-32            
2671       1.9318516526         0.5176380902         1.23e-32            
2672       1.9318516526         0.5176380902         1.23e-32            
2673       1.9318516526         0.5176380902         1.23e-32            
2674       1.9318516526         0.5176380902         1.23e-32            
2675       1.9318516526         0.5176380902         1.23e-32            
2676       1.9318516526         0.5176380902         1.23e-32            
2677       1.9318516526         0.5176380902         1.23e-32            
2678       1.9318516526         0.5176380902         1.23e-32            
2679       1.9318516526         0.5176380902         1.23e-32            
2680       1.9318516526         0.5176380902         1.23e-32            
2681       1.9318516526         0.5176380902         1.23e-32            
2682       1.9318516526         0.5176380902         1.23e-32            
2683       1.9318516526         0.5176380902         1.23e-32            
2684       1.9318516526         0.5176380902         1.23e-32            
2685       1.9318516526         0.5176380902         1.23e-32            
2686       1.9318516526         0.5176380902         1.23e-32            
2687       1.9318516526         0.5176380902         1.23e-32            
2688       1.9318516526         0.5176380902         1.23e-32            
2689       1.9318516526         0.5176380902         1.23e-32            
2690       1.9318516526         0.5176380902         1.23e-32            
2691       1.9318516526         0.5176380902         1.23e-32            
2692       1.9318516526         0.5176380902         1.23e-32            
2693       1.9318516526         0.5176380902         1.23e-32            
2694       1.9318516526         0.5176380902         1.23e-32            
2695       1.9318516526         0.5176380902         1.23e-32            
2696       1.9318516526         0.5176380902         1.23e-32            
2697       1.9318516526         0.5176380902         1.23e-32            
2698       1.9318516526         0.5176380902         1.23e-32            
2699       1.9318516526         0.5176380902         1.23e-32            
2700       1.9318516526         0.5176380902         1.23e-32            
2701       1.9318516526         0.5176380902         1.23e-32            
2702       1.9318516526         0.5176380902         1.23e-32            
2703       1.9318516526         0.5176380902         1.23e-32            
2704       1.9318516526         0.5176380902         1.23e-32            
2705       1.9318516526         0.5176380902         1.23e-32            
2706       1.9318516526         0.5176380902         1.23e-32            
2707       1.9318516526         0.5176380902         1.23e-32            
2708       1.9318516526         0.5176380902         1.23e-32            
2709       1.9318516526         0.5176380902         1.23e-32            
2710       1.9318516526         0.5176380902         1.23e-32            
2711       1.9318516526         0.5176380902         1.23e-32            
2712       1.9318516526         0.5176380902         1.23e-32            
2713       1.9318516526         0.5176380902         1.23e-32            
2714       1.9318516526         0.5176380902         1.23e-32            
2715       1.9318516526         0.5176380902         1.23e-32            
2716       1.9318516526         0.5176380902         1.23e-32            
2717       1.9318516526         0.5176380902         1.23e-32            
2718       1.9318516526         0.5176380902         1.23e-32            
2719       1.9318516526         0.5176380902         1.23e-32            
2720       1.9318516526         0.5176380902         1.23e-32            
2721       1.9318516526         0.5176380902         1.23e-32            
2722       1.9318516526         0.5176380902         1.23e-32            
2723       1.9318516526         0.5176380902         1.23e-32            
2724       1.9318516526         0.5176380902         1.23e-32            
2725       1.9318516526         0.5176380902         1.23e-32            
2726       1.9318516526         0.5176380902         1.23e-32            
2727       1.9318516526         0.5176380902         1.23e-32            
2728       1.9318516526         0.5176380902         1.23e-32            
2729       1.9318516526         0.5176380902         1.23e-32            
2730       1.9318516526         0.5176380902         1.23e-32            
2731       1.9318516526         0.5176380902         1.23e-32            
2732       1.9318516526         0.5176380902         1.23e-32            
2733       1.9318516526         0.5176380902         1.23e-32            
2734       1.9318516526         0.5176380902         1.23e-32            
2735       1.9318516526         0.5176380902         1.23e-32            
2736       1.9318516526         0.5176380902         1.23e-32            
2737       1.9318516526         0.5176380902         1.23e-32            
2738       1.9318516526         0.5176380902         1.23e-32            
2739       1.9318516526         0.5176380902         1.23e-32            
2740       1.9318516526         0.5176380902         1.23e-32            
2741       1.9318516526         0.5176380902         1.23e-32            
2742       1.9318516526         0.5176380902         1.23e-32            
2743       1.9318516526         0.5176380902         1.23e-32            
2744       1.9318516526         0.5176380902         1.23e-32            
2745       1.9318516526         0.5176380902         1.23e-32            
2746       1.9318516526         0.5176380902         1.23e-32            
2747       1.9318516526         0.5176380902         1.23e-32            
2748       1.9318516526         0.5176380902         1.23e-32            
2749       1.9318516526         0.5176380902         1.23e-32            
2750       1.9318516526         0.5176380902         1.23e-32            
2751       1.9318516526         0.5176380902         1.23e-32            
2752       1.9318516526         0.5176380902         1.23e-32            
2753       1.9318516526         0.5176380902         1.23e-32            
2754       1.9318516526         0.5176380902         1.23e-32            
2755       1.9318516526         0.5176380902         1.23e-32            
2756       1.9318516526         0.5176380902         1.23e-32            
2757       1.9318516526         0.5176380902         1.23e-32            
2758       1.9318516526         0.5176380902         1.23e-32            
2759       1.9318516526         0.5176380902         1.23e-32            
2760       1.9318516526         0.5176380902         1.23e-32            
2761       1.9318516526         0.5176380902         1.23e-32            
2762       1.9318516526         0.5176380902         1.23e-32            
2763       1.9318516526         0.5176380902         1.23e-32            
2764       1.9318516526         0.5176380902         1.23e-32            
2765       1.9318516526         0.5176380902         1.23e-32            
2766       1.9318516526         0.5176380902         1.23e-32            
2767       1.9318516526         0.5176380902         1.23e-32            
2768       1.9318516526         0.5176380902         1.23e-32            
2769       1.9318516526         0.5176380902         1.23e-32            
2770       1.9318516526         0.5176380902         1.23e-32            
2771       1.9318516526         0.5176380902         1.23e-32            
2772       1.9318516526         0.5176380902         1.23e-32            
2773       1.9318516526         0.5176380902         1.23e-32            
2774       1.9318516526         0.5176380902         1.23e-32            
2775       1.9318516526         0.5176380902         1.23e-32            
2776       1.9318516526         0.5176380902         1.23e-32            
2777       1.9318516526         0.5176380902         1.23e-32            
2778       1.9318516526         0.5176380902         1.23e-32            
2779       1.9318516526         0.5176380902         1.23e-32            
2780       1.9318516526         0.5176380902         1.23e-32            
2781       1.9318516526         0.5176380902         1.23e-32            
2782       1.9318516526         0.5176380902         1.23e-32            
2783       1.9318516526         0.5176380902         1.23e-32            
2784       1.9318516526         0.5176380902         1.23e-32            
2785       1.9318516526         0.5176380902         1.23e-32            
2786       1.9318516526         0.5176380902         1.23e-32            
2787       1.9318516526         0.5176380902         1.23e-32            
2788       1.9318516526         0.5176380902         1.23e-32            
2789       1.9318516526         0.5176380902         1.23e-32            
2790       1.9318516526         0.5176380902         1.23e-32            
2791       1.9318516526         0.5176380902         1.23e-32            
2792       1.9318516526         0.5176380902         1.23e-32            
2793       1.9318516526         0.5176380902         1.23e-32            
2794       1.9318516526         0.5176380902         1.23e-32            
2795       1.9318516526         0.5176380902         1.23e-32            
2796       1.9318516526         0.5176380902         1.23e-32            
2797       1.9318516526         0.5176380902         1.23e-32            
2798       1.9318516526         0.5176380902         1.23e-32            
2799       1.9318516526         0.5176380902         1.23e-32            
2800       1.9318516526         0.5176380902         1.23e-32            
2801       1.9318516526         0.5176380902         1.23e-32            
2802       1.9318516526         0.5176380902         1.23e-32            
2803       1.9318516526         0.5176380902         1.23e-32            
2804       1.9318516526         0.5176380902         1.23e-32            
2805       1.9318516526         0.5176380902         1.23e-32            
2806       1.9318516526         0.5176380902         1.23e-32            
2807       1.9318516526         0.5176380902         1.23e-32            
2808       1.9318516526         0.5176380902         1.23e-32            
2809       1.9318516526         0.5176380902         1.23e-32            
2810       1.9318516526         0.5176380902         1.23e-32            
2811       1.9318516526         0.5176380902         1.23e-32            
2812       1.9318516526         0.5176380902         1.23e-32            
2813       1.9318516526         0.5176380902         1.23e-32            
2814       1.9318516526         0.5176380902         1.23e-32            
2815       1.9318516526         0.5176380902         1.23e-32            
2816       1.9318516526         0.5176380902         1.23e-32            
2817       1.9318516526         0.5176380902         1.23e-32            
2818       1.9318516526         0.5176380902         1.23e-32            
2819       1.9318516526         0.5176380902         1.23e-32            
2820       1.9318516526         0.5176380902         1.23e-32            
2821       1.9318516526         0.5176380902         1.23e-32            
2822       1.9318516526         0.5176380902         1.23e-32            
2823       1.9318516526         0.5176380902         1.23e-32            
2824       1.9318516526         0.5176380902         1.23e-32            
2825       1.9318516526         0.5176380902         1.23e-32            
2826       1.9318516526         0.5176380902         1.23e-32            
2827       1.9318516526         0.5176380902         1.23e-32            
2828       1.9318516526         0.5176380902         1.23e-32            
2829       1.9318516526         0.5176380902         1.23e-32            
2830       1.9318516526         0.5176380902         1.23e-32            
2831       1.9318516526         0.5176380902         1.23e-32            
2832       1.9318516526         0.5176380902         1.23e-32            
2833       1.9318516526         0.5176380902         1.23e-32            
2834       1.9318516526         0.5176380902         1.23e-32            
2835       1.9318516526         0.5176380902         1.23e-32            
2836       1.9318516526         0.5176380902         1.23e-32            
2837       1.9318516526         0.5176380902         1.23e-32            
2838       1.9318516526         0.5176380902         1.23e-32            
2839       1.9318516526         0.5176380902         1.23e-32            
2840       1.9318516526         0.5176380902         1.23e-32            
2841       1.9318516526         0.5176380902         1.23e-32            
2842       1.9318516526         0.5176380902         1.23e-32            
2843       1.9318516526         0.5176380902         1.23e-32            
2844       1.9318516526         0.5176380902         1.23e-32            
2845       1.9318516526         0.5176380902         1.23e-32            
2846       1.9318516526         0.5176380902         1.23e-32            
2847       1.9318516526         0.5176380902         1.23e-32            
2848       1.9318516526         0.5176380902         1.23e-32            
2849       1.9318516526         0.5176380902         1.23e-32            
2850       1.9318516526         0.5176380902         1.23e-32            
2851       1.9318516526         0.5176380902         1.23e-32            
2852       1.9318516526         0.5176380902         1.23e-32            
2853       1.9318516526         0.5176380902         1.23e-32            
2854       1.9318516526         0.5176380902         1.23e-32            
2855       1.9318516526         0.5176380902         1.23e-32            
2856       1.9318516526         0.5176380902         1.23e-32            
2857       1.9318516526         0.5176380902         1.23e-32            
2858       1.9318516526         0.5176380902         1.23e-32            
2859       1.9318516526         0.5176380902         1.23e-32            
2860       1.9318516526         0.5176380902         1.23e-32            
2861       1.9318516526         0.5176380902         1.23e-32            
2862       1.9318516526         0.5176380902         1.23e-32            
2863       1.9318516526         0.5176380902         1.23e-32            
2864       1.9318516526         0.5176380902         1.23e-32            
2865       1.9318516526         0.5176380902         1.23e-32            
2866       1.9318516526         0.5176380902         1.23e-32            
2867       1.9318516526         0.5176380902         1.23e-32            
2868       1.9318516526         0.5176380902         1.23e-32            
2869       1.9318516526         0.5176380902         1.23e-32            
2870       1.9318516526         0.5176380902         1.23e-32            
2871       1.9318516526         0.5176380902         1.23e-32            
2872       1.9318516526         0.5176380902         1.23e-32            
2873       1.9318516526         0.5176380902         1.23e-32            
2874       1.9318516526         0.5176380902         1.23e-32            
2875       1.9318516526         0.5176380902         1.23e-32            
2876       1.9318516526         0.5176380902         1.23e-32            
2877       1.9318516526         0.5176380902         1.23e-32            
2878       1.9318516526         0.5176380902         1.23e-32            
2879       1.9318516526         0.5176380902         1.23e-32            
2880       1.9318516526         0.5176380902         1.23e-32            
2881       1.9318516526         0.5176380902         1.23e-32            
2882       1.9318516526         0.5176380902         1.23e-32            
2883       1.9318516526         0.5176380902         1.23e-32            
2884       1.9318516526         0.5176380902         1.23e-32            
2885       1.9318516526         0.5176380902         1.23e-32            
2886       1.9318516526         0.5176380902         1.23e-32            
2887       1.9318516526         0.5176380902         1.23e-32            
2888       1.9318516526         0.5176380902         1.23e-32            
2889       1.9318516526         0.5176380902         1.23e-32            
2890       1.9318516526         0.5176380902         1.23e-32            
2891       1.9318516526         0.5176380902         1.23e-32            
2892       1.9318516526         0.5176380902         1.23e-32            
2893       1.9318516526         0.5176380902         1.23e-32            
2894       1.9318516526         0.5176380902         1.23e-32            
2895       1.9318516526         0.5176380902         1.23e-32            
2896       1.9318516526         0.5176380902         1.23e-32            
2897       1.9318516526         0.5176380902         1.23e-32            
2898       1.9318516526         0.5176380902         1.23e-32            
2899       1.9318516526         0.5176380902         1.23e-32            
2900       1.9318516526         0.5176380902         1.23e-32            
2901       1.9318516526         0.5176380902         1.23e-32            
2902       1.9318516526         0.5176380902         1.23e-32            
2903       1.9318516526         0.5176380902         1.23e-32            
2904       1.9318516526         0.5176380902         1.23e-32            
2905       1.9318516526         0.5176380902         1.23e-32            
2906       1.9318516526         0.5176380902         1.23e-32            
2907       1.9318516526         0.5176380902         1.23e-32            
2908       1.9318516526         0.5176380902         1.23e-32            
2909       1.9318516526         0.5176380902         1.23e-32            
2910       1.9318516526         0.5176380902         1.23e-32            
2911       1.9318516526         0.5176380902         1.23e-32            
2912       1.9318516526         0.5176380902         1.23e-32            
2913       1.9318516526         0.5176380902         1.23e-32            
2914       1.9318516526         0.5176380902         1.23e-32            
2915       1.9318516526         0.5176380902         1.23e-32            
2916       1.9318516526         0.5176380902         1.23e-32            
2917       1.9318516526         0.5176380902         1.23e-32            
2918       1.9318516526         0.5176380902         1.23e-32            
2919       1.9318516526         0.5176380902         1.23e-32            
2920       1.9318516526         0.5176380902         1.23e-32            
2921       1.9318516526         0.5176380902         1.23e-32            
2922       1.9318516526         0.5176380902         1.23e-32            
2923       1.9318516526         0.5176380902         1.23e-32            
2924       1.9318516526         0.5176380902         1.23e-32            
2925       1.9318516526         0.5176380902         1.23e-32            
2926       1.9318516526         0.5176380902         1.23e-32            
2927       1.9318516526         0.5176380902         1.23e-32            
2928       1.9318516526         0.5176380902         1.23e-32            
2929       1.9318516526         0.5176380902         1.23e-32            
2930       1.9318516526         0.5176380902         1.23e-32            
2931       1.9318516526         0.5176380902         1.23e-32            
2932       1.9318516526         0.5176380902         1.23e-32            
2933       1.9318516526         0.5176380902         1.23e-32            
2934       1.9318516526         0.5176380902         1.23e-32            
2935       1.9318516526         0.5176380902         1.23e-32            
2936       1.9318516526         0.5176380902         1.23e-32            
2937       1.9318516526         0.5176380902         1.23e-32            
2938       1.9318516526         0.5176380902         1.23e-32            
2939       1.9318516526         0.5176380902         1.23e-32            
2940       1.9318516526         0.5176380902         1.23e-32            
2941       1.9318516526         0.5176380902         1.23e-32            
2942       1.9318516526         0.5176380902         1.23e-32            
2943       1.9318516526         0.5176380902         1.23e-32            
2944       1.9318516526         0.5176380902         1.23e-32            
2945       1.9318516526         0.5176380902         1.23e-32            
2946       1.9318516526         0.5176380902         1.23e-32            
2947       1.9318516526         0.5176380902         1.23e-32            
2948       1.9318516526         0.5176380902         1.23e-32            
2949       1.9318516526         0.5176380902         1.23e-32            
2950       1.9318516526         0.5176380902         1.23e-32            
2951       1.9318516526         0.5176380902         1.23e-32            
2952       1.9318516526         0.5176380902         1.23e-32            
2953       1.9318516526         0.5176380902         1.23e-32            
2954       1.9318516526         0.5176380902         1.23e-32            
2955       1.9318516526         0.5176380902         1.23e-32            
2956       1.9318516526         0.5176380902         1.23e-32            
2957       1.9318516526         0.5176380902         1.23e-32            
2958       1.9318516526         0.5176380902         1.23e-32            
2959       1.9318516526         0.5176380902         1.23e-32            
2960       1.9318516526         0.5176380902         1.23e-32            
2961       1.9318516526         0.5176380902         1.23e-32            
2962       1.9318516526         0.5176380902         1.23e-32            
2963       1.9318516526         0.5176380902         1.23e-32            
2964       1.9318516526         0.5176380902         1.23e-32            
2965       1.9318516526         0.5176380902         1.23e-32            
2966       1.9318516526         0.5176380902         1.23e-32            
2967       1.9318516526         0.5176380902         1.23e-32            
2968       1.9318516526         0.5176380902         1.23e-32            
2969       1.9318516526         0.5176380902         1.23e-32            
2970       1.9318516526         0.5176380902         1.23e-32            
2971       1.9318516526         0.5176380902         1.23e-32            
2972       1.9318516526         0.5176380902         1.23e-32            
2973       1.9318516526         0.5176380902         1.23e-32            
2974       1.9318516526         0.5176380902         1.23e-32            
2975       1.9318516526         0.5176380902         1.23e-32            
2976       1.9318516526         0.5176380902         1.23e-32            
2977       1.9318516526         0.5176380902         1.23e-32            
2978       1.9318516526         0.5176380902         1.23e-32            
2979       1.9318516526         0.5176380902         1.23e-32            
2980       1.9318516526         0.5176380902         1.23e-32            
2981       1.9318516526         0.5176380902         1.23e-32            
2982       1.9318516526         0.5176380902         1.23e-32            
2983       1.9318516526         0.5176380902         1.23e-32            
2984       1.9318516526         0.5176380902         1.23e-32            
2985       1.9318516526         0.5176380902         1.23e-32            
2986       1.9318516526         0.5176380902         1.23e-32            
2987       1.9318516526         0.5176380902         1.23e-32            
2988       1.9318516526         0.5176380902         1.23e-32            
2989       1.9318516526         0.5176380902         1.23e-32            
2990       1.9318516526         0.5176380902         1.23e-32            
2991       1.9318516526         0.5176380902         1.23e-32            
2992       1.9318516526         0.5176380902         1.23e-32            
2993       1.9318516526         0.5176380902         1.23e-32            
2994       1.9318516526         0.5176380902         1.23e-32            
2995       1.9318516526         0.5176380902         1.23e-32            
2996       1.9318516526         0.5176380902         1.23e-32            
2997       1.9318516526         0.5176380902         1.23e-32            
2998       1.9318516526         0.5176380902         1.23e-32            
2999       1.9318516526         0.5176380902         1.23e-32            
3000       1.9318516526         0.5176380902         1.23e-32            
3001       1.9318516526         0.5176380902         1.23e-32            
3002       1.9318516526         0.5176380902         1.23e-32            
3003       1.9318516526         0.5176380902         1.23e-32            
3004       1.9318516526         0.5176380902         1.23e-32            
3005       1.9318516526         0.5176380902         1.23e-32            
3006       1.9318516526         0.5176380902         1.23e-32            
3007       1.9318516526         0.5176380902         1.23e-32            
3008       1.9318516526         0.5176380902         1.23e-32            
3009       1.9318516526         0.5176380902         1.23e-32            
3010       1.9318516526         0.5176380902         1.23e-32            
3011       1.9318516526         0.5176380902         1.23e-32            
3012       1.9318516526         0.5176380902         1.23e-32            
3013       1.9318516526         0.5176380902         1.23e-32            
3014       1.9318516526         0.5176380902         1.23e-32            
3015       1.9318516526         0.5176380902         1.23e-32            
3016       1.9318516526         0.5176380902         1.23e-32            
3017       1.9318516526         0.5176380902         1.23e-32            
3018       1.9318516526         0.5176380902         1.23e-32            
3019       1.9318516526         0.5176380902         1.23e-32            
3020       1.9318516526         0.5176380902         1.23e-32            
3021       1.9318516526         0.5176380902         1.23e-32            
3022       1.9318516526         0.5176380902         1.23e-32            
3023       1.9318516526         0.5176380902         1.23e-32            
3024       1.9318516526         0.5176380902         1.23e-32            
3025       1.9318516526         0.5176380902         1.23e-32            
3026       1.9318516526         0.5176380902         1.23e-32            
3027       1.9318516526         0.5176380902         1.23e-32            
3028       1.9318516526         0.5176380902         1.23e-32            
3029       1.9318516526         0.5176380902         1.23e-32            
3030       1.9318516526         0.5176380902         1.23e-32            
3031       1.9318516526         0.5176380902         1.23e-32            
3032       1.9318516526         0.5176380902         1.23e-32            
3033       1.9318516526         0.5176380902         1.23e-32            
3034       1.9318516526         0.5176380902         1.23e-32            
3035       1.9318516526         0.5176380902         1.23e-32            
3036       1.9318516526         0.5176380902         1.23e-32            
3037       1.9318516526         0.5176380902         1.23e-32            
3038       1.9318516526         0.5176380902         1.23e-32            
3039       1.9318516526         0.5176380902         1.23e-32            
3040       1.9318516526         0.5176380902         1.23e-32            
3041       1.9318516526         0.5176380902         1.23e-32            
3042       1.9318516526         0.5176380902         1.23e-32            
3043       1.9318516526         0.5176380902         1.23e-32            
3044       1.9318516526         0.5176380902         1.23e-32            
3045       1.9318516526         0.5176380902         1.23e-32            
3046       1.9318516526         0.5176380902         1.23e-32            
3047       1.9318516526         0.5176380902         1.23e-32            
3048       1.9318516526         0.5176380902         1.23e-32            
3049       1.9318516526         0.5176380902         1.23e-32            
3050       1.9318516526         0.5176380902         1.23e-32            
3051       1.9318516526         0.5176380902         1.23e-32            
3052       1.9318516526         0.5176380902         1.23e-32            
3053       1.9318516526         0.5176380902         1.23e-32            
3054       1.9318516526         0.5176380902         1.23e-32            
3055       1.9318516526         0.5176380902         1.23e-32            
3056       1.9318516526         0.5176380902         1.23e-32            
3057       1.9318516526         0.5176380902         1.23e-32            
3058       1.9318516526         0.5176380902         1.23e-32            
3059       1.9318516526         0.5176380902         1.23e-32            
3060       1.9318516526         0.5176380902         1.23e-32            
3061       1.9318516526         0.5176380902         1.23e-32            
3062       1.9318516526         0.5176380902         1.23e-32            
3063       1.9318516526         0.5176380902         1.23e-32            
3064       1.9318516526         0.5176380902         1.23e-32            
3065       1.9318516526         0.5176380902         1.23e-32            
3066       1.9318516526         0.5176380902         1.23e-32            
3067       1.9318516526         0.5176380902         1.23e-32            
3068       1.9318516526         0.5176380902         1.23e-32            
3069       1.9318516526         0.5176380902         1.23e-32            
3070       1.9318516526         0.5176380902         1.23e-32            
3071       1.9318516526         0.5176380902         1.23e-32            
3072       1.9318516526         0.5176380902         1.23e-32            
3073       1.9318516526         0.5176380902         1.23e-32            
3074       1.9318516526         0.5176380902         1.23e-32            
3075       1.9318516526         0.5176380902         1.23e-32            
3076       1.9318516526         0.5176380902         1.23e-32            
3077       1.9318516526         0.5176380902         1.23e-32            
3078       1.9318516526         0.5176380902         1.23e-32            
3079       1.9318516526         0.5176380902         1.23e-32            
3080       1.9318516526         0.5176380902         1.23e-32            
3081       1.9318516526         0.5176380902         1.23e-32            
3082       1.9318516526         0.5176380902         1.23e-32            
3083       1.9318516526         0.5176380902         1.23e-32            
3084       1.9318516526         0.5176380902         1.23e-32            
3085       1.9318516526         0.5176380902         1.23e-32            
3086       1.9318516526         0.5176380902         1.23e-32            
3087       1.9318516526         0.5176380902         1.23e-32            
3088       1.9318516526         0.5176380902         1.23e-32            
3089       1.9318516526         0.5176380902         1.23e-32            
3090       1.9318516526         0.5176380902         1.23e-32            
3091       1.9318516526         0.5176380902         1.23e-32            
3092       1.9318516526         0.5176380902         1.23e-32            
3093       1.9318516526         0.5176380902         1.23e-32            
3094       1.9318516526         0.5176380902         1.23e-32            
3095       1.9318516526         0.5176380902         1.23e-32            
3096       1.9318516526         0.5176380902         1.23e-32            
3097       1.9318516526         0.5176380902         1.23e-32            
3098       1.9318516526         0.5176380902         1.23e-32            
3099       1.9318516526         0.5176380902         1.23e-32            
3100       1.9318516526         0.5176380902         1.23e-32            
3101       1.9318516526         0.5176380902         1.23e-32            
3102       1.9318516526         0.5176380902         1.23e-32            
3103       1.9318516526         0.5176380902         1.23e-32            
3104       1.9318516526         0.5176380902         1.23e-32            
3105       1.9318516526         0.5176380902         1.23e-32            
3106       1.9318516526         0.5176380902         1.23e-32            
3107       1.9318516526         0.5176380902         1.23e-32            
3108       1.9318516526         0.5176380902         1.23e-32            
3109       1.9318516526         0.5176380902         1.23e-32            
3110       1.9318516526         0.5176380902         1.23e-32            
3111       1.9318516526         0.5176380902         1.23e-32            
3112       1.9318516526         0.5176380902         1.23e-32            
3113       1.9318516526         0.5176380902         1.23e-32            
3114       1.9318516526         0.5176380902         1.23e-32            
3115       1.9318516526         0.5176380902         1.23e-32            
3116       1.9318516526         0.5176380902         1.23e-32            
3117       1.9318516526         0.5176380902         1.23e-32            
3118       1.9318516526         0.5176380902         1.23e-32            
3119       1.9318516526         0.5176380902         1.23e-32            
3120       1.9318516526         0.5176380902         1.23e-32            
3121       1.9318516526         0.5176380902         1.23e-32            
3122       1.9318516526         0.5176380902         1.23e-32            
3123       1.9318516526         0.5176380902         1.23e-32            
3124       1.9318516526         0.5176380902         1.23e-32            
3125       1.9318516526         0.5176380902         1.23e-32            
3126       1.9318516526         0.5176380902         1.23e-32            
3127       1.9318516526         0.5176380902         1.23e-32            
3128       1.9318516526         0.5176380902         1.23e-32            
3129       1.9318516526         0.5176380902         1.23e-32            
3130       1.9318516526         0.5176380902         1.23e-32            
3131       1.9318516526         0.5176380902         1.23e-32            
3132       1.9318516526         0.5176380902         1.23e-32            
3133       1.9318516526         0.5176380902         1.23e-32            
3134       1.9318516526         0.5176380902         1.23e-32            
3135       1.9318516526         0.5176380902         1.23e-32            
3136       1.9318516526         0.5176380902         1.23e-32            
3137       1.9318516526         0.5176380902         1.23e-32            
3138       1.9318516526         0.5176380902         1.23e-32            
3139       1.9318516526         0.5176380902         1.23e-32            
3140       1.9318516526         0.5176380902         1.23e-32            
3141       1.9318516526         0.5176380902         1.23e-32            
3142       1.9318516526         0.5176380902         1.23e-32            
3143       1.9318516526         0.5176380902         1.23e-32            
3144       1.9318516526         0.5176380902         1.23e-32            
3145       1.9318516526         0.5176380902         1.23e-32            
3146       1.9318516526         0.5176380902         1.23e-32            
3147       1.9318516526         0.5176380902         1.23e-32            
3148       1.9318516526         0.5176380902         1.23e-32            
3149       1.9318516526         0.5176380902         1.23e-32            
3150       1.9318516526         0.5176380902         1.23e-32            
3151       1.9318516526         0.5176380902         1.23e-32            
3152       1.9318516526         0.5176380902         1.23e-32            
3153       1.9318516526         0.5176380902         1.23e-32            
3154       1.9318516526         0.5176380902         1.23e-32            
3155       1.9318516526         0.5176380902         1.23e-32            
3156       1.9318516526         0.5176380902         1.23e-32            
3157       1.9318516526         0.5176380902         1.23e-32            
3158       1.9318516526         0.5176380902         1.23e-32            
3159       1.9318516526         0.5176380902         1.23e-32            
3160       1.9318516526         0.5176380902         1.23e-32            
3161       1.9318516526         0.5176380902         1.23e-32            
3162       1.9318516526         0.5176380902         1.23e-32            
3163       1.9318516526         0.5176380902         1.23e-32            
3164       1.9318516526         0.5176380902         1.23e-32            
3165       1.9318516526         0.5176380902         1.23e-32            
3166       1.9318516526         0.5176380902         1.23e-32            
3167       1.9318516526         0.5176380902         1.23e-32            
3168       1.9318516526         0.5176380902         1.23e-32            
3169       1.9318516526         0.5176380902         1.23e-32            
3170       1.9318516526         0.5176380902         1.23e-32            
3171       1.9318516526         0.5176380902         1.23e-32            
3172       1.9318516526         0.5176380902         1.23e-32            
3173       1.9318516526         0.5176380902         1.23e-32            
3174       1.9318516526         0.5176380902         1.23e-32            
3175       1.9318516526         0.5176380902         1.23e-32            
3176       1.9318516526         0.5176380902         1.23e-32            
3177       1.9318516526         0.5176380902         1.23e-32            
3178       1.9318516526         0.5176380902         1.23e-32            
3179       1.9318516526         0.5176380902         1.23e-32            
3180       1.9318516526         0.5176380902         1.23e-32            
3181       1.9318516526         0.5176380902         1.23e-32            
3182       1.9318516526         0.5176380902         1.23e-32            
3183       1.9318516526         0.5176380902         1.23e-32            
3184       1.9318516526         0.5176380902         1.23e-32            
3185       1.9318516526         0.5176380902         1.23e-32            
3186       1.9318516526         0.5176380902         1.23e-32            
3187       1.9318516526         0.5176380902         1.23e-32            
3188       1.9318516526         0.5176380902         1.23e-32            
3189       1.9318516526         0.5176380902         1.23e-32            
3190       1.9318516526         0.5176380902         1.23e-32            
3191       1.9318516526         0.5176380902         1.23e-32            
3192       1.9318516526         0.5176380902         1.23e-32            
3193       1.9318516526         0.5176380902         1.23e-32            
3194       1.9318516526         0.5176380902         1.23e-32            
3195       1.9318516526         0.5176380902         1.23e-32            
3196       1.9318516526         0.5176380902         1.23e-32            
3197       1.9318516526         0.5176380902         1.23e-32            
3198       1.9318516526         0.5176380902         1.23e-32            
3199       1.9318516526         0.5176380902         1.23e-32            
3200       1.9318516526         0.5176380902         1.23e-32            
3201       1.9318516526         0.5176380902         1.23e-32            
3202       1.9318516526         0.5176380902         1.23e-32            
3203       1.9318516526         0.5176380902         1.23e-32            
3204       1.9318516526         0.5176380902         1.23e-32            
3205       1.9318516526         0.5176380902         1.23e-32            
3206       1.9318516526         0.5176380902         1.23e-32            
3207       1.9318516526         0.5176380902         1.23e-32            
3208       1.9318516526         0.5176380902         1.23e-32            
3209       1.9318516526         0.5176380902         1.23e-32            
3210       1.9318516526         0.5176380902         1.23e-32            
3211       1.9318516526         0.5176380902         1.23e-32            
3212       1.9318516526         0.5176380902         1.23e-32            
3213       1.9318516526         0.5176380902         1.23e-32            
3214       1.9318516526         0.5176380902         1.23e-32            
3215       1.9318516526         0.5176380902         1.23e-32            
3216       1.9318516526         0.5176380902         1.23e-32            
3217       1.9318516526         0.5176380902         1.23e-32            
3218       1.9318516526         0.5176380902         1.23e-32            
3219       1.9318516526         0.5176380902         1.23e-32            
3220       1.9318516526         0.5176380902         1.23e-32            
3221       1.9318516526         0.5176380902         1.23e-32            
3222       1.9318516526         0.5176380902         1.23e-32            
3223       1.9318516526         0.5176380902         1.23e-32            
3224       1.9318516526         0.5176380902         1.23e-32            
3225       1.9318516526         0.5176380902         1.23e-32            
3226       1.9318516526         0.5176380902         1.23e-32            
3227       1.9318516526         0.5176380902         1.23e-32            
3228       1.9318516526         0.5176380902         1.23e-32            
3229       1.9318516526         0.5176380902         1.23e-32            
3230       1.9318516526         0.5176380902         1.23e-32            
3231       1.9318516526         0.5176380902         1.23e-32            
3232       1.9318516526         0.5176380902         1.23e-32            
3233       1.9318516526         0.5176380902         1.23e-32            
3234       1.9318516526         0.5176380902         1.23e-32            
3235       1.9318516526         0.5176380902         1.23e-32            
3236       1.9318516526         0.5176380902         1.23e-32            
3237       1.9318516526         0.5176380902         1.23e-32            
3238       1.9318516526         0.5176380902         1.23e-32            
3239       1.9318516526         0.5176380902         1.23e-32            
3240       1.9318516526         0.5176380902         1.23e-32            
3241       1.9318516526         0.5176380902         1.23e-32            
3242       1.9318516526         0.5176380902         1.23e-32            
3243       1.9318516526         0.5176380902         1.23e-32            
3244       1.9318516526         0.5176380902         1.23e-32            
3245       1.9318516526         0.5176380902         1.23e-32            
3246       1.9318516526         0.5176380902         1.23e-32            
3247       1.9318516526         0.5176380902         1.23e-32            
3248       1.9318516526         0.5176380902         1.23e-32            
3249       1.9318516526         0.5176380902         1.23e-32            
3250       1.9318516526         0.5176380902         1.23e-32            
3251       1.9318516526         0.5176380902         1.23e-32            
3252       1.9318516526         0.5176380902         1.23e-32            
3253       1.9318516526         0.5176380902         1.23e-32            
3254       1.9318516526         0.5176380902         1.23e-32            
3255       1.9318516526         0.5176380902         1.23e-32            
3256       1.9318516526         0.5176380902         1.23e-32            
3257       1.9318516526         0.5176380902         1.23e-32            
3258       1.9318516526         0.5176380902         1.23e-32            
3259       1.9318516526         0.5176380902         1.23e-32            
3260       1.9318516526         0.5176380902         1.23e-32            
3261       1.9318516526         0.5176380902         1.23e-32            
3262       1.9318516526         0.5176380902         1.23e-32            
3263       1.9318516526         0.5176380902         1.23e-32            
3264       1.9318516526         0.5176380902         1.23e-32            
3265       1.9318516526         0.5176380902         1.23e-32            
3266       1.9318516526         0.5176380902         1.23e-32            
3267       1.9318516526         0.5176380902         1.23e-32            
3268       1.9318516526         0.5176380902         1.23e-32            
3269       1.9318516526         0.5176380902         1.23e-32            
3270       1.9318516526         0.5176380902         1.23e-32            
3271       1.9318516526         0.5176380902         1.23e-32            
3272       1.9318516526         0.5176380902         1.23e-32            
3273       1.9318516526         0.5176380902         1.23e-32            
3274       1.9318516526         0.5176380902         1.23e-32            
3275       1.9318516526         0.5176380902         1.23e-32            
3276       1.9318516526         0.5176380902         1.23e-32            
3277       1.9318516526         0.5176380902         1.23e-32            
3278       1.9318516526         0.5176380902         1.23e-32            
3279       1.9318516526         0.5176380902         1.23e-32            
3280       1.9318516526         0.5176380902         1.23e-32            
3281       1.9318516526         0.5176380902         1.23e-32            
3282       1.9318516526         0.5176380902         1.23e-32            
3283       1.9318516526         0.5176380902         1.23e-32            
3284       1.9318516526         0.5176380902         1.23e-32            
3285       1.9318516526         0.5176380902         1.23e-32            
3286       1.9318516526         0.5176380902         1.23e-32            
3287       1.9318516526         0.5176380902         1.23e-32            
3288       1.9318516526         0.5176380902         1.23e-32            
3289       1.9318516526         0.5176380902         1.23e-32            
3290       1.9318516526         0.5176380902         1.23e-32            
3291       1.9318516526         0.5176380902         1.23e-32            
3292       1.9318516526         0.5176380902         1.23e-32            
3293       1.9318516526         0.5176380902         1.23e-32            
3294       1.9318516526         0.5176380902         1.23e-32            
3295       1.9318516526         0.5176380902         1.23e-32            
3296       1.9318516526         0.5176380902         1.23e-32            
3297       1.9318516526         0.5176380902         1.23e-32            
3298       1.9318516526         0.5176380902         1.23e-32            
3299       1.9318516526         0.5176380902         1.23e-32            
3300       1.9318516526         0.5176380902         1.23e-32            
3301       1.9318516526         0.5176380902         1.23e-32            
3302       1.9318516526         0.5176380902         1.23e-32            
3303       1.9318516526         0.5176380902         1.23e-32            
3304       1.9318516526         0.5176380902         1.23e-32            
3305       1.9318516526         0.5176380902         1.23e-32            
3306       1.9318516526         0.5176380902         1.23e-32            
3307       1.9318516526         0.5176380902         1.23e-32            
3308       1.9318516526         0.5176380902         1.23e-32            
3309       1.9318516526         0.5176380902         1.23e-32            
3310       1.9318516526         0.5176380902         1.23e-32            
3311       1.9318516526         0.5176380902         1.23e-32            
3312       1.9318516526         0.5176380902         1.23e-32            
3313       1.9318516526         0.5176380902         1.23e-32            
3314       1.9318516526         0.5176380902         1.23e-32            
3315       1.9318516526         0.5176380902         1.23e-32            
3316       1.9318516526         0.5176380902         1.23e-32            
3317       1.9318516526         0.5176380902         1.23e-32            
3318       1.9318516526         0.5176380902         1.23e-32            
3319       1.9318516526         0.5176380902         1.23e-32            
3320       1.9318516526         0.5176380902         1.23e-32            
3321       1.9318516526         0.5176380902         1.23e-32            
3322       1.9318516526         0.5176380902         1.23e-32            
3323       1.9318516526         0.5176380902         1.23e-32            
3324       1.9318516526         0.5176380902         1.23e-32            
3325       1.9318516526         0.5176380902         1.23e-32            
3326       1.9318516526         0.5176380902         1.23e-32            
3327       1.9318516526         0.5176380902         1.23e-32            
3328       1.9318516526         0.5176380902         1.23e-32            
3329       1.9318516526         0.5176380902         1.23e-32            
3330       1.9318516526         0.5176380902         1.23e-32            
3331       1.9318516526         0.5176380902         1.23e-32            
3332       1.9318516526         0.5176380902         1.23e-32            
3333       1.9318516526         0.5176380902         1.23e-32            
3334       1.9318516526         0.5176380902         1.23e-32            
3335       1.9318516526         0.5176380902         1.23e-32            
3336       1.9318516526         0.5176380902         1.23e-32            
3337       1.9318516526         0.5176380902         1.23e-32            
3338       1.9318516526         0.5176380902         1.23e-32            
3339       1.9318516526         0.5176380902         1.23e-32            
3340       1.9318516526         0.5176380902         1.23e-32            
3341       1.9318516526         0.5176380902         1.23e-32            
3342       1.9318516526         0.5176380902         1.23e-32            
3343       1.9318516526         0.5176380902         1.23e-32            
3344       1.9318516526         0.5176380902         1.23e-32            
3345       1.9318516526         0.5176380902         1.23e-32            
3346       1.9318516526         0.5176380902         1.23e-32            
3347       1.9318516526         0.5176380902         1.23e-32            
3348       1.9318516526         0.5176380902         1.23e-32            
3349       1.9318516526         0.5176380902         1.23e-32            
3350       1.9318516526         0.5176380902         1.23e-32            
3351       1.9318516526         0.5176380902         1.23e-32            
3352       1.9318516526         0.5176380902         1.23e-32            
3353       1.9318516526         0.5176380902         1.23e-32            
3354       1.9318516526         0.5176380902         1.23e-32            
3355       1.9318516526         0.5176380902         1.23e-32            
3356       1.9318516526         0.5176380902         1.23e-32            
3357       1.9318516526         0.5176380902         1.23e-32            
3358       1.9318516526         0.5176380902         1.23e-32            
3359       1.9318516526         0.5176380902         1.23e-32            
3360       1.9318516526         0.5176380902         1.23e-32            
3361       1.9318516526         0.5176380902         1.23e-32            
3362       1.9318516526         0.5176380902         1.23e-32            
3363       1.9318516526         0.5176380902         1.23e-32            
3364       1.9318516526         0.5176380902         1.23e-32            
3365       1.9318516526         0.5176380902         1.23e-32            
3366       1.9318516526         0.5176380902         1.23e-32            
3367       1.9318516526         0.5176380902         1.23e-32            
3368       1.9318516526         0.5176380902         1.23e-32            
3369       1.9318516526         0.5176380902         1.23e-32            
3370       1.9318516526         0.5176380902         1.23e-32            
3371       1.9318516526         0.5176380902         1.23e-32            
3372       1.9318516526         0.5176380902         1.23e-32            
3373       1.9318516526         0.5176380902         1.23e-32            
3374       1.9318516526         0.5176380902         1.23e-32            
3375       1.9318516526         0.5176380902         1.23e-32            
3376       1.9318516526         0.5176380902         1.23e-32            
3377       1.9318516526         0.5176380902         1.23e-32            
3378       1.9318516526         0.5176380902         1.23e-32            
3379       1.9318516526         0.5176380902         1.23e-32            
3380       1.9318516526         0.5176380902         1.23e-32            
3381       1.9318516526         0.5176380902         1.23e-32            
3382       1.9318516526         0.5176380902         1.23e-32            
3383       1.9318516526         0.5176380902         1.23e-32            
3384       1.9318516526         0.5176380902         1.23e-32            
3385       1.9318516526         0.5176380902         1.23e-32            
3386       1.9318516526         0.5176380902         1.23e-32            
3387       1.9318516526         0.5176380902         1.23e-32            
3388       1.9318516526         0.5176380902         1.23e-32            
3389       1.9318516526         0.5176380902         1.23e-32            
3390       1.9318516526         0.5176380902         1.23e-32            
3391       1.9318516526         0.5176380902         1.23e-32            
3392       1.9318516526         0.5176380902         1.23e-32            
3393       1.9318516526         0.5176380902         1.23e-32            
3394       1.9318516526         0.5176380902         1.23e-32            
3395       1.9318516526         0.5176380902         1.23e-32            
3396       1.9318516526         0.5176380902         1.23e-32            
3397       1.9318516526         0.5176380902         1.23e-32            
3398       1.9318516526         0.5176380902         1.23e-32            
3399       1.9318516526         0.5176380902         1.23e-32            
3400       1.9318516526         0.5176380902         1.23e-32            
3401       1.9318516526         0.5176380902         1.23e-32            
3402       1.9318516526         0.5176380902         1.23e-32            
3403       1.9318516526         0.5176380902         1.23e-32            
3404       1.9318516526         0.5176380902         1.23e-32            
3405       1.9318516526         0.5176380902         1.23e-32            
3406       1.9318516526         0.5176380902         1.23e-32            
3407       1.9318516526         0.5176380902         1.23e-32            
3408       1.9318516526         0.5176380902         1.23e-32            
3409       1.9318516526         0.5176380902         1.23e-32            
3410       1.9318516526         0.5176380902         1.23e-32            
3411       1.9318516526         0.5176380902         1.23e-32            
3412       1.9318516526         0.5176380902         1.23e-32            
3413       1.9318516526         0.5176380902         1.23e-32            
3414       1.9318516526         0.5176380902         1.23e-32            
3415       1.9318516526         0.5176380902         1.23e-32            
3416       1.9318516526         0.5176380902         1.23e-32            
3417       1.9318516526         0.5176380902         1.23e-32            
3418       1.9318516526         0.5176380902         1.23e-32            
3419       1.9318516526         0.5176380902         1.23e-32            
3420       1.9318516526         0.5176380902         1.23e-32            
3421       1.9318516526         0.5176380902         1.23e-32            
3422       1.9318516526         0.5176380902         1.23e-32            
3423       1.9318516526         0.5176380902         1.23e-32            
3424       1.9318516526         0.5176380902         1.23e-32            
3425       1.9318516526         0.5176380902         1.23e-32            
3426       1.9318516526         0.5176380902         1.23e-32            
3427       1.9318516526         0.5176380902         1.23e-32            
3428       1.9318516526         0.5176380902         1.23e-32            
3429       1.9318516526         0.5176380902         1.23e-32            
3430       1.9318516526         0.5176380902         1.23e-32            
3431       1.9318516526         0.5176380902         1.23e-32            
3432       1.9318516526         0.5176380902         1.23e-32            
3433       1.9318516526         0.5176380902         1.23e-32            
3434       1.9318516526         0.5176380902         1.23e-32            
3435       1.9318516526         0.5176380902         1.23e-32            
3436       1.9318516526         0.5176380902         1.23e-32            
3437       1.9318516526         0.5176380902         1.23e-32            
3438       1.9318516526         0.5176380902         1.23e-32            
3439       1.9318516526         0.5176380902         1.23e-32            
3440       1.9318516526         0.5176380902         1.23e-32            
3441       1.9318516526         0.5176380902         1.23e-32            
3442       1.9318516526         0.5176380902         1.23e-32            
3443       1.9318516526         0.5176380902         1.23e-32            
3444       1.9318516526         0.5176380902         1.23e-32            
3445       1.9318516526         0.5176380902         1.23e-32            
3446       1.9318516526         0.5176380902         1.23e-32            
3447       1.9318516526         0.5176380902         1.23e-32            
3448       1.9318516526         0.5176380902         1.23e-32            
3449       1.9318516526         0.5176380902         1.23e-32            
3450       1.9318516526         0.5176380902         1.23e-32            
3451       1.9318516526         0.5176380902         1.23e-32            
3452       1.9318516526         0.5176380902         1.23e-32            
3453       1.9318516526         0.5176380902         1.23e-32            
3454       1.9318516526         0.5176380902         1.23e-32            
3455       1.9318516526         0.5176380902         1.23e-32            
3456       1.9318516526         0.5176380902         1.23e-32            
3457       1.9318516526         0.5176380902         1.23e-32            
3458       1.9318516526         0.5176380902         1.23e-32            
3459       1.9318516526         0.5176380902         1.23e-32            
3460       1.9318516526         0.5176380902         1.23e-32            
3461       1.9318516526         0.5176380902         1.23e-32            
3462       1.9318516526         0.5176380902         1.23e-32            
3463       1.9318516526         0.5176380902         1.23e-32            
3464       1.9318516526         0.5176380902         1.23e-32            
3465       1.9318516526         0.5176380902         1.23e-32            
3466       1.9318516526         0.5176380902         1.23e-32            
3467       1.9318516526         0.5176380902         1.23e-32            
3468       1.9318516526         0.5176380902         1.23e-32            
3469       1.9318516526         0.5176380902         1.23e-32            
3470       1.9318516526         0.5176380902         1.23e-32            
3471       1.9318516526         0.5176380902         1.23e-32            
3472       1.9318516526         0.5176380902         1.23e-32            
3473       1.9318516526         0.5176380902         1.23e-32            
3474       1.9318516526         0.5176380902         1.23e-32            
3475       1.9318516526         0.5176380902         1.23e-32            
3476       1.9318516526         0.5176380902         1.23e-32            
3477       1.9318516526         0.5176380902         1.23e-32            
3478       1.9318516526         0.5176380902         1.23e-32            
3479       1.9318516526         0.5176380902         1.23e-32            
3480       1.9318516526         0.5176380902         1.23e-32            
3481       1.9318516526         0.5176380902         1.23e-32            
3482       1.9318516526         0.5176380902         1.23e-32            
3483       1.9318516526         0.5176380902         1.23e-32            
3484       1.9318516526         0.5176380902         1.23e-32            
3485       1.9318516526         0.5176380902         1.23e-32            
3486       1.9318516526         0.5176380902         1.23e-32            
3487       1.9318516526         0.5176380902         1.23e-32            
3488       1.9318516526         0.5176380902         1.23e-32            
3489       1.9318516526         0.5176380902         1.23e-32            
3490       1.9318516526         0.5176380902         1.23e-32            
3491       1.9318516526         0.5176380902         1.23e-32            
3492       1.9318516526         0.5176380902         1.23e-32            
3493       1.9318516526         0.5176380902         1.23e-32            
3494       1.9318516526         0.5176380902         1.23e-32            
3495       1.9318516526         0.5176380902         1.23e-32            
3496       1.9318516526         0.5176380902         1.23e-32            
3497       1.9318516526         0.5176380902         1.23e-32            
3498       1.9318516526         0.5176380902         1.23e-32            
3499       1.9318516526         0.5176380902         1.23e-32            
3500       1.9318516526         0.5176380902         1.23e-32            
3501       1.9318516526         0.5176380902         1.23e-32            
3502       1.9318516526         0.5176380902         1.23e-32            
3503       1.9318516526         0.5176380902         1.23e-32            
3504       1.9318516526         0.5176380902         1.23e-32            
3505       1.9318516526         0.5176380902         1.23e-32            
3506       1.9318516526         0.5176380902         1.23e-32            
3507       1.9318516526         0.5176380902         1.23e-32            
3508       1.9318516526         0.5176380902         1.23e-32            
3509       1.9318516526         0.5176380902         1.23e-32            
3510       1.9318516526         0.5176380902         1.23e-32            
3511       1.9318516526         0.5176380902         1.23e-32            
3512       1.9318516526         0.5176380902         1.23e-32            
3513       1.9318516526         0.5176380902         1.23e-32            
3514       1.9318516526         0.5176380902         1.23e-32            
3515       1.9318516526         0.5176380902         1.23e-32            
3516       1.9318516526         0.5176380902         1.23e-32            
3517       1.9318516526         0.5176380902         1.23e-32            
3518       1.9318516526         0.5176380902         1.23e-32            
3519       1.9318516526         0.5176380902         1.23e-32            
3520       1.9318516526         0.5176380902         1.23e-32            
3521       1.9318516526         0.5176380902         1.23e-32            
3522       1.9318516526         0.5176380902         1.23e-32            
3523       1.9318516526         0.5176380902         1.23e-32            
3524       1.9318516526         0.5176380902         1.23e-32            
3525       1.9318516526         0.5176380902         1.23e-32            
3526       1.9318516526         0.5176380902         1.23e-32            
3527       1.9318516526         0.5176380902         1.23e-32            
3528       1.9318516526         0.5176380902         1.23e-32            
3529       1.9318516526         0.5176380902         1.23e-32            
3530       1.9318516526         0.5176380902         1.23e-32            
3531       1.9318516526         0.5176380902         1.23e-32            
3532       1.9318516526         0.5176380902         1.23e-32            
3533       1.9318516526         0.5176380902         1.23e-32            
3534       1.9318516526         0.5176380902         1.23e-32            
3535       1.9318516526         0.5176380902         1.23e-32            
3536       1.9318516526         0.5176380902         1.23e-32            
3537       1.9318516526         0.5176380902         1.23e-32            
3538       1.9318516526         0.5176380902         1.23e-32            
3539       1.9318516526         0.5176380902         1.23e-32            
3540       1.9318516526         0.5176380902         1.23e-32            
3541       1.9318516526         0.5176380902         1.23e-32            
3542       1.9318516526         0.5176380902         1.23e-32            
3543       1.9318516526         0.5176380902         1.23e-32            
3544       1.9318516526         0.5176380902         1.23e-32            
3545       1.9318516526         0.5176380902         1.23e-32            
3546       1.9318516526         0.5176380902         1.23e-32            
3547       1.9318516526         0.5176380902         1.23e-32            
3548       1.9318516526         0.5176380902         1.23e-32            
3549       1.9318516526         0.5176380902         1.23e-32            
3550       1.9318516526         0.5176380902         1.23e-32            
3551       1.9318516526         0.5176380902         1.23e-32            
3552       1.9318516526         0.5176380902         1.23e-32            
3553       1.9318516526         0.5176380902         1.23e-32            
3554       1.9318516526         0.5176380902         1.23e-32            
3555       1.9318516526         0.5176380902         1.23e-32            
3556       1.9318516526         0.5176380902         1.23e-32            
3557       1.9318516526         0.5176380902         1.23e-32            
3558       1.9318516526         0.5176380902         1.23e-32            
3559       1.9318516526         0.5176380902         1.23e-32            
3560       1.9318516526         0.5176380902         1.23e-32            
3561       1.9318516526         0.5176380902         1.23e-32            
3562       1.9318516526         0.5176380902         1.23e-32            
3563       1.9318516526         0.5176380902         1.23e-32            
3564       1.9318516526         0.5176380902         1.23e-32            
3565       1.9318516526         0.5176380902         1.23e-32            
3566       1.9318516526         0.5176380902         1.23e-32            
3567       1.9318516526         0.5176380902         1.23e-32            
3568       1.9318516526         0.5176380902         1.23e-32            
3569       1.9318516526         0.5176380902         1.23e-32            
3570       1.9318516526         0.5176380902         1.23e-32            
3571       1.9318516526         0.5176380902         1.23e-32            
3572       1.9318516526         0.5176380902         1.23e-32            
3573       1.9318516526         0.5176380902         1.23e-32            
3574       1.9318516526         0.5176380902         1.23e-32            
3575       1.9318516526         0.5176380902         1.23e-32            
3576       1.9318516526         0.5176380902         1.23e-32            
3577       1.9318516526         0.5176380902         1.23e-32            
3578       1.9318516526         0.5176380902         1.23e-32            
3579       1.9318516526         0.5176380902         1.23e-32            
3580       1.9318516526         0.5176380902         1.23e-32            
3581       1.9318516526         0.5176380902         1.23e-32            
3582       1.9318516526         0.5176380902         1.23e-32            
3583       1.9318516526         0.5176380902         1.23e-32            
3584       1.9318516526         0.5176380902         1.23e-32            
3585       1.9318516526         0.5176380902         1.23e-32            
3586       1.9318516526         0.5176380902         1.23e-32            
3587       1.9318516526         0.5176380902         1.23e-32            
3588       1.9318516526         0.5176380902         1.23e-32            
3589       1.9318516526         0.5176380902         1.23e-32            
3590       1.9318516526         0.5176380902         1.23e-32            
3591       1.9318516526         0.5176380902         1.23e-32            
3592       1.9318516526         0.5176380902         1.23e-32            
3593       1.9318516526         0.5176380902         1.23e-32            
3594       1.9318516526         0.5176380902         1.23e-32            
3595       1.9318516526         0.5176380902         1.23e-32            
3596       1.9318516526         0.5176380902         1.23e-32            
3597       1.9318516526         0.5176380902         1.23e-32            
3598       1.9318516526         0.5176380902         1.23e-32            
3599       1.9318516526         0.5176380902         1.23e-32            
3600       1.9318516526         0.5176380902         1.23e-32            
3601       1.9318516526         0.5176380902         1.23e-32            
3602       1.9318516526         0.5176380902         1.23e-32            
3603       1.9318516526         0.5176380902         1.23e-32            
3604       1.9318516526         0.5176380902         1.23e-32            
3605       1.9318516526         0.5176380902         1.23e-32            
3606       1.9318516526         0.5176380902         1.23e-32            
3607       1.9318516526         0.5176380902         1.23e-32            
3608       1.9318516526         0.5176380902         1.23e-32            
3609       1.9318516526         0.5176380902         1.23e-32            
3610       1.9318516526         0.5176380902         1.23e-32            
3611       1.9318516526         0.5176380902         1.23e-32            
3612       1.9318516526         0.5176380902         1.23e-32            
3613       1.9318516526         0.5176380902         1.23e-32            
3614       1.9318516526         0.5176380902         1.23e-32            
3615       1.9318516526         0.5176380902         1.23e-32            
3616       1.9318516526         0.5176380902         1.23e-32            
3617       1.9318516526         0.5176380902         1.23e-32            
3618       1.9318516526         0.5176380902         1.23e-32            
3619       1.9318516526         0.5176380902         1.23e-32            
3620       1.9318516526         0.5176380902         1.23e-32            
3621       1.9318516526         0.5176380902         1.23e-32            
3622       1.9318516526         0.5176380902         1.23e-32            
3623       1.9318516526         0.5176380902         1.23e-32            
3624       1.9318516526         0.5176380902         1.23e-32            
3625       1.9318516526         0.5176380902         1.23e-32            
3626       1.9318516526         0.5176380902         1.23e-32            
3627       1.9318516526         0.5176380902         1.23e-32            
3628       1.9318516526         0.5176380902         1.23e-32            
3629       1.9318516526         0.5176380902         1.23e-32            
3630       1.9318516526         0.5176380902         1.23e-32            
3631       1.9318516526         0.5176380902         1.23e-32            
3632       1.9318516526         0.5176380902         1.23e-32            
3633       1.9318516526         0.5176380902         1.23e-32            
3634       1.9318516526         0.5176380902         1.23e-32            
3635       1.9318516526         0.5176380902         1.23e-32            
3636       1.9318516526         0.5176380902         1.23e-32            
3637       1.9318516526         0.5176380902         1.23e-32            
3638       1.9318516526         0.5176380902         1.23e-32            
3639       1.9318516526         0.5176380902         1.23e-32            
3640       1.9318516526         0.5176380902         1.23e-32            
3641       1.9318516526         0.5176380902         1.23e-32            
3642       1.9318516526         0.5176380902         1.23e-32            
3643       1.9318516526         0.5176380902         1.23e-32            
3644       1.9318516526         0.5176380902         1.23e-32            
3645       1.9318516526         0.5176380902         1.23e-32            
3646       1.9318516526         0.5176380902         1.23e-32            
3647       1.9318516526         0.5176380902         1.23e-32            
3648       1.9318516526         0.5176380902         1.23e-32            
3649       1.9318516526         0.5176380902         1.23e-32            
3650       1.9318516526         0.5176380902         1.23e-32            
3651       1.9318516526         0.5176380902         1.23e-32            
3652       1.9318516526         0.5176380902         1.23e-32            
3653       1.9318516526         0.5176380902         1.23e-32            
3654       1.9318516526         0.5176380902         1.23e-32            
3655       1.9318516526         0.5176380902         1.23e-32            
3656       1.9318516526         0.5176380902         1.23e-32            
3657       1.9318516526         0.5176380902         1.23e-32            
3658       1.9318516526         0.5176380902         1.23e-32            
3659       1.9318516526         0.5176380902         1.23e-32            
3660       1.9318516526         0.5176380902         1.23e-32            
3661       1.9318516526         0.5176380902         1.23e-32            
3662       1.9318516526         0.5176380902         1.23e-32            
3663       1.9318516526         0.5176380902         1.23e-32            
3664       1.9318516526         0.5176380902         1.23e-32            
3665       1.9318516526         0.5176380902         1.23e-32            
3666       1.9318516526         0.5176380902         1.23e-32            
3667       1.9318516526         0.5176380902         1.23e-32            
3668       1.9318516526         0.5176380902         1.23e-32            
3669       1.9318516526         0.5176380902         1.23e-32            
3670       1.9318516526         0.5176380902         1.23e-32            
3671       1.9318516526         0.5176380902         1.23e-32            
3672       1.9318516526         0.5176380902         1.23e-32            
3673       1.9318516526         0.5176380902         1.23e-32            
3674       1.9318516526         0.5176380902         1.23e-32            
3675       1.9318516526         0.5176380902         1.23e-32            
3676       1.9318516526         0.5176380902         1.23e-32            
3677       1.9318516526         0.5176380902         1.23e-32            
3678       1.9318516526         0.5176380902         1.23e-32            
3679       1.9318516526         0.5176380902         1.23e-32            
3680       1.9318516526         0.5176380902         1.23e-32            
3681       1.9318516526         0.5176380902         1.23e-32            
3682       1.9318516526         0.5176380902         1.23e-32            
3683       1.9318516526         0.5176380902         1.23e-32            
3684       1.9318516526         0.5176380902         1.23e-32            
3685       1.9318516526         0.5176380902         1.23e-32            
3686       1.9318516526         0.5176380902         1.23e-32            
3687       1.9318516526         0.5176380902         1.23e-32            
3688       1.9318516526         0.5176380902         1.23e-32            
3689       1.9318516526         0.5176380902         1.23e-32            
3690       1.9318516526         0.5176380902         1.23e-32            
3691       1.9318516526         0.5176380902         1.23e-32            
3692       1.9318516526         0.5176380902         1.23e-32            
3693       1.9318516526         0.5176380902         1.23e-32            
3694       1.9318516526         0.5176380902         1.23e-32            
3695       1.9318516526         0.5176380902         1.23e-32            
3696       1.9318516526         0.5176380902         1.23e-32            
3697       1.9318516526         0.5176380902         1.23e-32            
3698       1.9318516526         0.5176380902         1.23e-32            
3699       1.9318516526         0.5176380902         1.23e-32            
3700       1.9318516526         0.5176380902         1.23e-32            
3701       1.9318516526         0.5176380902         1.23e-32            
3702       1.9318516526         0.5176380902         1.23e-32            
3703       1.9318516526         0.5176380902         1.23e-32            
3704       1.9318516526         0.5176380902         1.23e-32            
3705       1.9318516526         0.5176380902         1.23e-32            
3706       1.9318516526         0.5176380902         1.23e-32            
3707       1.9318516526         0.5176380902         1.23e-32            
3708       1.9318516526         0.5176380902         1.23e-32            
3709       1.9318516526         0.5176380902         1.23e-32            
3710       1.9318516526         0.5176380902         1.23e-32            
3711       1.9318516526         0.5176380902         1.23e-32            
3712       1.9318516526         0.5176380902         1.23e-32            
3713       1.9318516526         0.5176380902         1.23e-32            
3714       1.9318516526         0.5176380902         1.23e-32            
3715       1.9318516526         0.5176380902         1.23e-32            
3716       1.9318516526         0.5176380902         1.23e-32            
3717       1.9318516526         0.5176380902         1.23e-32            
3718       1.9318516526         0.5176380902         1.23e-32            
3719       1.9318516526         0.5176380902         1.23e-32            
3720       1.9318516526         0.5176380902         1.23e-32            
3721       1.9318516526         0.5176380902         1.23e-32            
3722       1.9318516526         0.5176380902         1.23e-32            
3723       1.9318516526         0.5176380902         1.23e-32            
3724       1.9318516526         0.5176380902         1.23e-32            
3725       1.9318516526         0.5176380902         1.23e-32            
3726       1.9318516526         0.5176380902         1.23e-32            
3727       1.9318516526         0.5176380902         1.23e-32            
3728       1.9318516526         0.5176380902         1.23e-32            
3729       1.9318516526         0.5176380902         1.23e-32            
3730       1.9318516526         0.5176380902         1.23e-32            
3731       1.9318516526         0.5176380902         1.23e-32            
3732       1.9318516526         0.5176380902         1.23e-32            
3733       1.9318516526         0.5176380902         1.23e-32            
3734       1.9318516526         0.5176380902         1.23e-32            
3735       1.9318516526         0.5176380902         1.23e-32            
3736       1.9318516526         0.5176380902         1.23e-32            
3737       1.9318516526         0.5176380902         1.23e-32            
3738       1.9318516526         0.5176380902         1.23e-32            
3739       1.9318516526         0.5176380902         1.23e-32            
3740       1.9318516526         0.5176380902         1.23e-32            
3741       1.9318516526         0.5176380902         1.23e-32            
3742       1.9318516526         0.5176380902         1.23e-32            
3743       1.9318516526         0.5176380902         1.23e-32            
3744       1.9318516526         0.5176380902         1.23e-32            
3745       1.9318516526         0.5176380902         1.23e-32            
3746       1.9318516526         0.5176380902         1.23e-32            
3747       1.9318516526         0.5176380902         1.23e-32            
3748       1.9318516526         0.5176380902         1.23e-32            
3749       1.9318516526         0.5176380902         1.23e-32            
3750       1.9318516526         0.5176380902         1.23e-32            
3751       1.9318516526         0.5176380902         1.23e-32            
3752       1.9318516526         0.5176380902         1.23e-32            
3753       1.9318516526         0.5176380902         1.23e-32            
3754       1.9318516526         0.5176380902         1.23e-32            
3755       1.9318516526         0.5176380902         1.23e-32            
3756       1.9318516526         0.5176380902         1.23e-32            
3757       1.9318516526         0.5176380902         1.23e-32            
3758       1.9318516526         0.5176380902         1.23e-32            
3759       1.9318516526         0.5176380902         1.23e-32            
3760       1.9318516526         0.5176380902         1.23e-32            
3761       1.9318516526         0.5176380902         1.23e-32            
3762       1.9318516526         0.5176380902         1.23e-32            
3763       1.9318516526         0.5176380902         1.23e-32            
3764       1.9318516526         0.5176380902         1.23e-32            
3765       1.9318516526         0.5176380902         1.23e-32            
3766       1.9318516526         0.5176380902         1.23e-32            
3767       1.9318516526         0.5176380902         1.23e-32            
3768       1.9318516526         0.5176380902         1.23e-32            
3769       1.9318516526         0.5176380902         1.23e-32            
3770       1.9318516526         0.5176380902         1.23e-32            
3771       1.9318516526         0.5176380902         1.23e-32            
3772       1.9318516526         0.5176380902         1.23e-32            
3773       1.9318516526         0.5176380902         1.23e-32            
3774       1.9318516526         0.5176380902         1.23e-32            
3775       1.9318516526         0.5176380902         1.23e-32            
3776       1.9318516526         0.5176380902         1.23e-32            
3777       1.9318516526         0.5176380902         1.23e-32            
3778       1.9318516526         0.5176380902         1.23e-32            
3779       1.9318516526         0.5176380902         1.23e-32            
3780       1.9318516526         0.5176380902         1.23e-32            
3781       1.9318516526         0.5176380902         1.23e-32            
3782       1.9318516526         0.5176380902         1.23e-32            
3783       1.9318516526         0.5176380902         1.23e-32            
3784       1.9318516526         0.5176380902         1.23e-32            
3785       1.9318516526         0.5176380902         1.23e-32            
3786       1.9318516526         0.5176380902         1.23e-32            
3787       1.9318516526         0.5176380902         1.23e-32            
3788       1.9318516526         0.5176380902         1.23e-32            
3789       1.9318516526         0.5176380902         1.23e-32            
3790       1.9318516526         0.5176380902         1.23e-32            
3791       1.9318516526         0.5176380902         1.23e-32            
3792       1.9318516526         0.5176380902         1.23e-32            
3793       1.9318516526         0.5176380902         1.23e-32            
3794       1.9318516526         0.5176380902         1.23e-32            
3795       1.9318516526         0.5176380902         1.23e-32            
3796       1.9318516526         0.5176380902         1.23e-32            
3797       1.9318516526         0.5176380902         1.23e-32            
3798       1.9318516526         0.5176380902         1.23e-32            
3799       1.9318516526         0.5176380902         1.23e-32            
3800       1.9318516526         0.5176380902         1.23e-32            
3801       1.9318516526         0.5176380902         1.23e-32            
3802       1.9318516526         0.5176380902         1.23e-32            
3803       1.9318516526         0.5176380902         1.23e-32            
3804       1.9318516526         0.5176380902         1.23e-32            
3805       1.9318516526         0.5176380902         1.23e-32            
3806       1.9318516526         0.5176380902         1.23e-32            
3807       1.9318516526         0.5176380902         1.23e-32            
3808       1.9318516526         0.5176380902         1.23e-32            
3809       1.9318516526         0.5176380902         1.23e-32            
3810       1.9318516526         0.5176380902         1.23e-32            
3811       1.9318516526         0.5176380902         1.23e-32            
3812       1.9318516526         0.5176380902         1.23e-32            
3813       1.9318516526         0.5176380902         1.23e-32            
3814       1.9318516526         0.5176380902         1.23e-32            
3815       1.9318516526         0.5176380902         1.23e-32            
3816       1.9318516526         0.5176380902         1.23e-32            
3817       1.9318516526         0.5176380902         1.23e-32            
3818       1.9318516526         0.5176380902         1.23e-32            
3819       1.9318516526         0.5176380902         1.23e-32            
3820       1.9318516526         0.5176380902         1.23e-32            
3821       1.9318516526         0.5176380902         1.23e-32            
3822       1.9318516526         0.5176380902         1.23e-32            
3823       1.9318516526         0.5176380902         1.23e-32            
3824       1.9318516526         0.5176380902         1.23e-32            
3825       1.9318516526         0.5176380902         1.23e-32            
3826       1.9318516526         0.5176380902         1.23e-32            
3827       1.9318516526         0.5176380902         1.23e-32            
3828       1.9318516526         0.5176380902         1.23e-32            
3829       1.9318516526         0.5176380902         1.23e-32            
3830       1.9318516526         0.5176380902         1.23e-32            
3831       1.9318516526         0.5176380902         1.23e-32            
3832       1.9318516526         0.5176380902         1.23e-32            
3833       1.9318516526         0.5176380902         1.23e-32            
3834       1.9318516526         0.5176380902         1.23e-32            
3835       1.9318516526         0.5176380902         1.23e-32            
3836       1.9318516526         0.5176380902         1.23e-32            
3837       1.9318516526         0.5176380902         1.23e-32            
3838       1.9318516526         0.5176380902         1.23e-32            
3839       1.9318516526         0.5176380902         1.23e-32            
3840       1.9318516526         0.5176380902         1.23e-32            
3841       1.9318516526         0.5176380902         1.23e-32            
3842       1.9318516526         0.5176380902         1.23e-32            
3843       1.9318516526         0.5176380902         1.23e-32            
3844       1.9318516526         0.5176380902         1.23e-32            
3845       1.9318516526         0.5176380902         1.23e-32            
3846       1.9318516526         0.5176380902         1.23e-32            
3847       1.9318516526         0.5176380902         1.23e-32            
3848       1.9318516526         0.5176380902         1.23e-32            
3849       1.9318516526         0.5176380902         1.23e-32            
3850       1.9318516526         0.5176380902         1.23e-32            
3851       1.9318516526         0.5176380902         1.23e-32            
3852       1.9318516526         0.5176380902         1.23e-32            
3853       1.9318516526         0.5176380902         1.23e-32            
3854       1.9318516526         0.5176380902         1.23e-32            
3855       1.9318516526         0.5176380902         1.23e-32            
3856       1.9318516526         0.5176380902         1.23e-32            
3857       1.9318516526         0.5176380902         1.23e-32            
3858       1.9318516526         0.5176380902         1.23e-32            
3859       1.9318516526         0.5176380902         1.23e-32            
3860       1.9318516526         0.5176380902         1.23e-32            
3861       1.9318516526         0.5176380902         1.23e-32            
3862       1.9318516526         0.5176380902         1.23e-32            
3863       1.9318516526         0.5176380902         1.23e-32            
3864       1.9318516526         0.5176380902         1.23e-32            
3865       1.9318516526         0.5176380902         1.23e-32            
3866       1.9318516526         0.5176380902         1.23e-32            
3867       1.9318516526         0.5176380902         1.23e-32            
3868       1.9318516526         0.5176380902         1.23e-32            
3869       1.9318516526         0.5176380902         1.23e-32            
3870       1.9318516526         0.5176380902         1.23e-32            
3871       1.9318516526         0.5176380902         1.23e-32            
3872       1.9318516526         0.5176380902         1.23e-32            
3873       1.9318516526         0.5176380902         1.23e-32            
3874       1.9318516526         0.5176380902         1.23e-32            
3875       1.9318516526         0.5176380902         1.23e-32            
3876       1.9318516526         0.5176380902         1.23e-32            
3877       1.9318516526         0.5176380902         1.23e-32            
3878       1.9318516526         0.5176380902         1.23e-32            
3879       1.9318516526         0.5176380902         1.23e-32            
3880       1.9318516526         0.5176380902         1.23e-32            
3881       1.9318516526         0.5176380902         1.23e-32            
3882       1.9318516526         0.5176380902         1.23e-32            
3883       1.9318516526         0.5176380902         1.23e-32            
3884       1.9318516526         0.5176380902         1.23e-32            
3885       1.9318516526         0.5176380902         1.23e-32            
3886       1.9318516526         0.5176380902         1.23e-32            
3887       1.9318516526         0.5176380902         1.23e-32            
3888       1.9318516526         0.5176380902         1.23e-32            
3889       1.9318516526         0.5176380902         1.23e-32            
3890       1.9318516526         0.5176380902         1.23e-32            
3891       1.9318516526         0.5176380902         1.23e-32            
3892       1.9318516526         0.5176380902         1.23e-32            
3893       1.9318516526         0.5176380902         1.23e-32            
3894       1.9318516526         0.5176380902         1.23e-32            
3895       1.9318516526         0.5176380902         1.23e-32            
3896       1.9318516526         0.5176380902         1.23e-32            
3897       1.9318516526         0.5176380902         1.23e-32            
3898       1.9318516526         0.5176380902         1.23e-32            
3899       1.9318516526         0.5176380902         1.23e-32            
3900       1.9318516526         0.5176380902         1.23e-32            
3901       1.9318516526         0.5176380902         1.23e-32            
3902       1.9318516526         0.5176380902         1.23e-32            
3903       1.9318516526         0.5176380902         1.23e-32            
3904       1.9318516526         0.5176380902         1.23e-32            
3905       1.9318516526         0.5176380902         1.23e-32            
3906       1.9318516526         0.5176380902         1.23e-32            
3907       1.9318516526         0.5176380902         1.23e-32            
3908       1.9318516526         0.5176380902         1.23e-32            
3909       1.9318516526         0.5176380902         1.23e-32            
3910       1.9318516526         0.5176380902         1.23e-32            
3911       1.9318516526         0.5176380902         1.23e-32            
3912       1.9318516526         0.5176380902         1.23e-32            
3913       1.9318516526         0.5176380902         1.23e-32            
3914       1.9318516526         0.5176380902         1.23e-32            
3915       1.9318516526         0.5176380902         1.23e-32            
3916       1.9318516526         0.5176380902         1.23e-32            
3917       1.9318516526         0.5176380902         1.23e-32            
3918       1.9318516526         0.5176380902         1.23e-32            
3919       1.9318516526         0.5176380902         1.23e-32            
3920       1.9318516526         0.5176380902         1.23e-32            
3921       1.9318516526         0.5176380902         1.23e-32            
3922       1.9318516526         0.5176380902         1.23e-32            
3923       1.9318516526         0.5176380902         1.23e-32            
3924       1.9318516526         0.5176380902         1.23e-32            
3925       1.9318516526         0.5176380902         1.23e-32            
3926       1.9318516526         0.5176380902         1.23e-32            
3927       1.9318516526         0.5176380902         1.23e-32            
3928       1.9318516526         0.5176380902         1.23e-32            
3929       1.9318516526         0.5176380902         1.23e-32            
3930       1.9318516526         0.5176380902         1.23e-32            
3931       1.9318516526         0.5176380902         1.23e-32            
3932       1.9318516526         0.5176380902         1.23e-32            
3933       1.9318516526         0.5176380902         1.23e-32            
3934       1.9318516526         0.5176380902         1.23e-32            
3935       1.9318516526         0.5176380902         1.23e-32            
3936       1.9318516526         0.5176380902         1.23e-32            
3937       1.9318516526         0.5176380902         1.23e-32            
3938       1.9318516526         0.5176380902         1.23e-32            
3939       1.9318516526         0.5176380902         1.23e-32            
3940       1.9318516526         0.5176380902         1.23e-32            
3941       1.9318516526         0.5176380902         1.23e-32            
3942       1.9318516526         0.5176380902         1.23e-32            
3943       1.9318516526         0.5176380902         1.23e-32            
3944       1.9318516526         0.5176380902         1.23e-32            
3945       1.9318516526         0.5176380902         1.23e-32            
3946       1.9318516526         0.5176380902         1.23e-32            
3947       1.9318516526         0.5176380902         1.23e-32            
3948       1.9318516526         0.5176380902         1.23e-32            
3949       1.9318516526         0.5176380902         1.23e-32            
3950       1.9318516526         0.5176380902         1.23e-32            
3951       1.9318516526         0.5176380902         1.23e-32            
3952       1.9318516526         0.5176380902         1.23e-32            
3953       1.9318516526         0.5176380902         1.23e-32            
3954       1.9318516526         0.5176380902         1.23e-32            
3955       1.9318516526         0.5176380902         1.23e-32            
3956       1.9318516526         0.5176380902         1.23e-32            
3957       1.9318516526         0.5176380902         1.23e-32            
3958       1.9318516526         0.5176380902         1.23e-32            
3959       1.9318516526         0.5176380902         1.23e-32            
3960       1.9318516526         0.5176380902         1.23e-32            
3961       1.9318516526         0.5176380902         1.23e-32            
3962       1.9318516526         0.5176380902         1.23e-32            
3963       1.9318516526         0.5176380902         1.23e-32            
3964       1.9318516526         0.5176380902         1.23e-32            
3965       1.9318516526         0.5176380902         1.23e-32            
3966       1.9318516526         0.5176380902         1.23e-32            
3967       1.9318516526         0.5176380902         1.23e-32            
3968       1.9318516526         0.5176380902         1.23e-32            
3969       1.9318516526         0.5176380902         1.23e-32            
3970       1.9318516526         0.5176380902         1.23e-32            
3971       1.9318516526         0.5176380902         1.23e-32            
3972       1.9318516526         0.5176380902         1.23e-32            
3973       1.9318516526         0.5176380902         1.23e-32            
3974       1.9318516526         0.5176380902         1.23e-32            
3975       1.9318516526         0.5176380902         1.23e-32            
3976       1.9318516526         0.5176380902         1.23e-32            
3977       1.9318516526         0.5176380902         1.23e-32            
3978       1.9318516526         0.5176380902         1.23e-32            
3979       1.9318516526         0.5176380902         1.23e-32            
3980       1.9318516526         0.5176380902         1.23e-32            
3981       1.9318516526         0.5176380902         1.23e-32            
3982       1.9318516526         0.5176380902         1.23e-32            
3983       1.9318516526         0.5176380902         1.23e-32            
3984       1.9318516526         0.5176380902         1.23e-32            
3985       1.9318516526         0.5176380902         1.23e-32            
3986       1.9318516526         0.5176380902         1.23e-32            
3987       1.9318516526         0.5176380902         1.23e-32            
3988       1.9318516526         0.5176380902         1.23e-32            
3989       1.9318516526         0.5176380902         1.23e-32            
3990       1.9318516526         0.5176380902         1.23e-32            
3991       1.9318516526         0.5176380902         1.23e-32            
3992       1.9318516526         0.5176380902         1.23e-32            
3993       1.9318516526         0.5176380902         1.23e-32            
3994       1.9318516526         0.5176380902         1.23e-32            
3995       1.9318516526         0.5176380902         1.23e-32            
3996       1.9318516526         0.5176380902         1.23e-32            
3997       1.9318516526         0.5176380902         1.23e-32            
3998       1.9318516526         0.5176380902         1.23e-32            
3999       1.9318516526         0.5176380902         1.23e-32            
4000       1.9318516526         0.5176380902         1.23e-32            
4001       1.9318516526         0.5176380902         1.23e-32            
4002       1.9318516526         0.5176380902         1.23e-32            
4003       1.9318516526         0.5176380902         1.23e-32            
4004       1.9318516526         0.5176380902         1.23e-32            
4005       1.9318516526         0.5176380902         1.23e-32            
4006       1.9318516526         0.5176380902         1.23e-32            
4007       1.9318516526         0.5176380902         1.23e-32            
4008       1.9318516526         0.5176380902         1.23e-32            
4009       1.9318516526         0.5176380902         1.23e-32            
4010       1.9318516526         0.5176380902         1.23e-32            
4011       1.9318516526         0.5176380902         1.23e-32            
4012       1.9318516526         0.5176380902         1.23e-32            
4013       1.9318516526         0.5176380902         1.23e-32            
4014       1.9318516526         0.5176380902         1.23e-32            
4015       1.9318516526         0.5176380902         1.23e-32            
4016       1.9318516526         0.5176380902         1.23e-32            
4017       1.9318516526         0.5176380902         1.23e-32            
4018       1.9318516526         0.5176380902         1.23e-32            
4019       1.9318516526         0.5176380902         1.23e-32            
4020       1.9318516526         0.5176380902         1.23e-32            
4021       1.9318516526         0.5176380902         1.23e-32            
4022       1.9318516526         0.5176380902         1.23e-32            
4023       1.9318516526         0.5176380902         1.23e-32            
4024       1.9318516526         0.5176380902         1.23e-32            
4025       1.9318516526         0.5176380902         1.23e-32            
4026       1.9318516526         0.5176380902         1.23e-32            
4027       1.9318516526         0.5176380902         1.23e-32            
4028       1.9318516526         0.5176380902         1.23e-32            
4029       1.9318516526         0.5176380902         1.23e-32            
4030       1.9318516526         0.5176380902         1.23e-32            
4031       1.9318516526         0.5176380902         1.23e-32            
4032       1.9318516526         0.5176380902         1.23e-32            
4033       1.9318516526         0.5176380902         1.23e-32            
4034       1.9318516526         0.5176380902         1.23e-32            
4035       1.9318516526         0.5176380902         1.23e-32            
4036       1.9318516526         0.5176380902         1.23e-32            
4037       1.9318516526         0.5176380902         1.23e-32            
4038       1.9318516526         0.5176380902         1.23e-32            
4039       1.9318516526         0.5176380902         1.23e-32            
4040       1.9318516526         0.5176380902         1.23e-32            
4041       1.9318516526         0.5176380902         1.23e-32            
4042       1.9318516526         0.5176380902         1.23e-32            
4043       1.9318516526         0.5176380902         1.23e-32            
4044       1.9318516526         0.5176380902         1.23e-32            
4045       1.9318516526         0.5176380902         1.23e-32            
4046       1.9318516526         0.5176380902         1.23e-32            
4047       1.9318516526         0.5176380902         1.23e-32            
4048       1.9318516526         0.5176380902         1.23e-32            
4049       1.9318516526         0.5176380902         1.23e-32            
4050       1.9318516526         0.5176380902         1.23e-32            
4051       1.9318516526         0.5176380902         1.23e-32            
4052       1.9318516526         0.5176380902         1.23e-32            
4053       1.9318516526         0.5176380902         1.23e-32            
4054       1.9318516526         0.5176380902         1.23e-32            
4055       1.9318516526         0.5176380902         1.23e-32            
4056       1.9318516526         0.5176380902         1.23e-32            
4057       1.9318516526         0.5176380902         1.23e-32            
4058       1.9318516526         0.5176380902         1.23e-32            
4059       1.9318516526         0.5176380902         1.23e-32            
4060       1.9318516526         0.5176380902         1.23e-32            
4061       1.9318516526         0.5176380902         1.23e-32            
4062       1.9318516526         0.5176380902         1.23e-32            
4063       1.9318516526         0.5176380902         1.23e-32            
4064       1.9318516526         0.5176380902         1.23e-32            
4065       1.9318516526         0.5176380902         1.23e-32            
4066       1.9318516526         0.5176380902         1.23e-32            
4067       1.9318516526         0.5176380902         1.23e-32            
4068       1.9318516526         0.5176380902         1.23e-32            
4069       1.9318516526         0.5176380902         1.23e-32            
4070       1.9318516526         0.5176380902         1.23e-32            
4071       1.9318516526         0.5176380902         1.23e-32            
4072       1.9318516526         0.5176380902         1.23e-32            
4073       1.9318516526         0.5176380902         1.23e-32            
4074       1.9318516526         0.5176380902         1.23e-32            
4075       1.9318516526         0.5176380902         1.23e-32            
4076       1.9318516526         0.5176380902         1.23e-32            
4077       1.9318516526         0.5176380902         1.23e-32            
4078       1.9318516526         0.5176380902         1.23e-32            
4079       1.9318516526         0.5176380902         1.23e-32            
4080       1.9318516526         0.5176380902         1.23e-32            
4081       1.9318516526         0.5176380902         1.23e-32            
4082       1.9318516526         0.5176380902         1.23e-32            
4083       1.9318516526         0.5176380902         1.23e-32            
4084       1.9318516526         0.5176380902         1.23e-32            
4085       1.9318516526         0.5176380902         1.23e-32            
4086       1.9318516526         0.5176380902         1.23e-32            
4087       1.9318516526         0.5176380902         1.23e-32            
4088       1.9318516526         0.5176380902         1.23e-32            
4089       1.9318516526         0.5176380902         1.23e-32            
4090       1.9318516526         0.5176380902         1.23e-32            
4091       1.9318516526         0.5176380902         1.23e-32            
4092       1.9318516526         0.5176380902         1.23e-32            
4093       1.9318516526         0.5176380902         1.23e-32            
4094       1.9318516526         0.5176380902         1.23e-32            
4095       1.9318516526         0.5176380902         1.23e-32            
4096       1.9318516526         0.5176380902         1.23e-32            
4097       1.9318516526         0.5176380902         1.23e-32            
4098       1.9318516526         0.5176380902         1.23e-32            
4099       1.9318516526         0.5176380902         1.23e-32            
4100       1.9318516526         0.5176380902         1.23e-32            
4101       1.9318516526         0.5176380902         1.23e-32            
4102       1.9318516526         0.5176380902         1.23e-32            
4103       1.9318516526         0.5176380902         1.23e-32            
4104       1.9318516526         0.5176380902         1.23e-32            
4105       1.9318516526         0.5176380902         1.23e-32            
4106       1.9318516526         0.5176380902         1.23e-32            
4107       1.9318516526         0.5176380902         1.23e-32            
4108       1.9318516526         0.5176380902         1.23e-32            
4109       1.9318516526         0.5176380902         1.23e-32            
4110       1.9318516526         0.5176380902         1.23e-32            
4111       1.9318516526         0.5176380902         1.23e-32            
4112       1.9318516526         0.5176380902         1.23e-32            
4113       1.9318516526         0.5176380902         1.23e-32            
4114       1.9318516526         0.5176380902         1.23e-32            
4115       1.9318516526         0.5176380902         1.23e-32            
4116       1.9318516526         0.5176380902         1.23e-32            
4117       1.9318516526         0.5176380902         1.23e-32            
4118       1.9318516526         0.5176380902         1.23e-32            
4119       1.9318516526         0.5176380902         1.23e-32            
4120       1.9318516526         0.5176380902         1.23e-32            
4121       1.9318516526         0.5176380902         1.23e-32            
4122       1.9318516526         0.5176380902         1.23e-32            
4123       1.9318516526         0.5176380902         1.23e-32            
4124       1.9318516526         0.5176380902         1.23e-32            
4125       1.9318516526         0.5176380902         1.23e-32            
4126       1.9318516526         0.5176380902         1.23e-32            
4127       1.9318516526         0.5176380902         1.23e-32            
4128       1.9318516526         0.5176380902         1.23e-32            
4129       1.9318516526         0.5176380902         1.23e-32            
4130       1.9318516526         0.5176380902         1.23e-32            
4131       1.9318516526         0.5176380902         1.23e-32            
4132       1.9318516526         0.5176380902         1.23e-32            
4133       1.9318516526         0.5176380902         1.23e-32            
4134       1.9318516526         0.5176380902         1.23e-32            
4135       1.9318516526         0.5176380902         1.23e-32            
4136       1.9318516526         0.5176380902         1.23e-32            
4137       1.9318516526         0.5176380902         1.23e-32            
4138       1.9318516526         0.5176380902         1.23e-32            
4139       1.9318516526         0.5176380902         1.23e-32            
4140       1.9318516526         0.5176380902         1.23e-32            
4141       1.9318516526         0.5176380902         1.23e-32            
4142       1.9318516526         0.5176380902         1.23e-32            
4143       1.9318516526         0.5176380902         1.23e-32            
4144       1.9318516526         0.5176380902         1.23e-32            
4145       1.9318516526         0.5176380902         1.23e-32            
4146       1.9318516526         0.5176380902         1.23e-32            
4147       1.9318516526         0.5176380902         1.23e-32            
4148       1.9318516526         0.5176380902         1.23e-32            
4149       1.9318516526         0.5176380902         1.23e-32            
4150       1.9318516526         0.5176380902         1.23e-32            
4151       1.9318516526         0.5176380902         1.23e-32            
4152       1.9318516526         0.5176380902         1.23e-32            
4153       1.9318516526         0.5176380902         1.23e-32            
4154       1.9318516526         0.5176380902         1.23e-32            
4155       1.9318516526         0.5176380902         1.23e-32            
4156       1.9318516526         0.5176380902         1.23e-32            
4157       1.9318516526         0.5176380902         1.23e-32            
4158       1.9318516526         0.5176380902         1.23e-32            
4159       1.9318516526         0.5176380902         1.23e-32            
4160       1.9318516526         0.5176380902         1.23e-32            
4161       1.9318516526         0.5176380902         1.23e-32            
4162       1.9318516526         0.5176380902         1.23e-32            
4163       1.9318516526         0.5176380902         1.23e-32            
4164       1.9318516526         0.5176380902         1.23e-32            
4165       1.9318516526         0.5176380902         1.23e-32            
4166       1.9318516526         0.5176380902         1.23e-32            
4167       1.9318516526         0.5176380902         1.23e-32            
4168       1.9318516526         0.5176380902         1.23e-32            
4169       1.9318516526         0.5176380902         1.23e-32            
4170       1.9318516526         0.5176380902         1.23e-32            
4171       1.9318516526         0.5176380902         1.23e-32            
4172       1.9318516526         0.5176380902         1.23e-32            
4173       1.9318516526         0.5176380902         1.23e-32            
4174       1.9318516526         0.5176380902         1.23e-32            
4175       1.9318516526         0.5176380902         1.23e-32            
4176       1.9318516526         0.5176380902         1.23e-32            
4177       1.9318516526         0.5176380902         1.23e-32            
4178       1.9318516526         0.5176380902         1.23e-32            
4179       1.9318516526         0.5176380902         1.23e-32            
4180       1.9318516526         0.5176380902         1.23e-32            
4181       1.9318516526         0.5176380902         1.23e-32            
4182       1.9318516526         0.5176380902         1.23e-32            
4183       1.9318516526         0.5176380902         1.23e-32            
4184       1.9318516526         0.5176380902         1.23e-32            
4185       1.9318516526         0.5176380902         1.23e-32            
4186       1.9318516526         0.5176380902         1.23e-32            
4187       1.9318516526         0.5176380902         1.23e-32            
4188       1.9318516526         0.5176380902         1.23e-32            
4189       1.9318516526         0.5176380902         1.23e-32            
4190       1.9318516526         0.5176380902         1.23e-32            
4191       1.9318516526         0.5176380902         1.23e-32            
4192       1.9318516526         0.5176380902         1.23e-32            
4193       1.9318516526         0.5176380902         1.23e-32            
4194       1.9318516526         0.5176380902         1.23e-32            
4195       1.9318516526         0.5176380902         1.23e-32            
4196       1.9318516526         0.5176380902         1.23e-32            
4197       1.9318516526         0.5176380902         1.23e-32            
4198       1.9318516526         0.5176380902         1.23e-32            
4199       1.9318516526         0.5176380902         1.23e-32            
4200       1.9318516526         0.5176380902         1.23e-32            
4201       1.9318516526         0.5176380902         1.23e-32            
4202       1.9318516526         0.5176380902         1.23e-32            
4203       1.9318516526         0.5176380902         1.23e-32            
4204       1.9318516526         0.5176380902         1.23e-32            
4205       1.9318516526         0.5176380902         1.23e-32            
4206       1.9318516526         0.5176380902         1.23e-32            
4207       1.9318516526         0.5176380902         1.23e-32            
4208       1.9318516526         0.5176380902         1.23e-32            
4209       1.9318516526         0.5176380902         1.23e-32            
4210       1.9318516526         0.5176380902         1.23e-32            
4211       1.9318516526         0.5176380902         1.23e-32            
4212       1.9318516526         0.5176380902         1.23e-32            
4213       1.9318516526         0.5176380902         1.23e-32            
4214       1.9318516526         0.5176380902         1.23e-32            
4215       1.9318516526         0.5176380902         1.23e-32            
4216       1.9318516526         0.5176380902         1.23e-32            
4217       1.9318516526         0.5176380902         1.23e-32            
4218       1.9318516526         0.5176380902         1.23e-32            
4219       1.9318516526         0.5176380902         1.23e-32            
4220       1.9318516526         0.5176380902         1.23e-32            
4221       1.9318516526         0.5176380902         1.23e-32            
4222       1.9318516526         0.5176380902         1.23e-32            
4223       1.9318516526         0.5176380902         1.23e-32            
4224       1.9318516526         0.5176380902         1.23e-32            
4225       1.9318516526         0.5176380902         1.23e-32            
4226       1.9318516526         0.5176380902         1.23e-32            
4227       1.9318516526         0.5176380902         1.23e-32            
4228       1.9318516526         0.5176380902         1.23e-32            
4229       1.9318516526         0.5176380902         1.23e-32            
4230       1.9318516526         0.5176380902         1.23e-32            
4231       1.9318516526         0.5176380902         1.23e-32            
4232       1.9318516526         0.5176380902         1.23e-32            
4233       1.9318516526         0.5176380902         1.23e-32            
4234       1.9318516526         0.5176380902         1.23e-32            
4235       1.9318516526         0.5176380902         1.23e-32            
4236       1.9318516526         0.5176380902         1.23e-32            
4237       1.9318516526         0.5176380902         1.23e-32            
4238       1.9318516526         0.5176380902         1.23e-32            
4239       1.9318516526         0.5176380902         1.23e-32            
4240       1.9318516526         0.5176380902         1.23e-32            
4241       1.9318516526         0.5176380902         1.23e-32            
4242       1.9318516526         0.5176380902         1.23e-32            
4243       1.9318516526         0.5176380902         1.23e-32            
4244       1.9318516526         0.5176380902         1.23e-32            
4245       1.9318516526         0.5176380902         1.23e-32            
4246       1.9318516526         0.5176380902         1.23e-32            
4247       1.9318516526         0.5176380902         1.23e-32            
4248       1.9318516526         0.5176380902         1.23e-32            
4249       1.9318516526         0.5176380902         1.23e-32            
4250       1.9318516526         0.5176380902         1.23e-32            
4251       1.9318516526         0.5176380902         1.23e-32            
4252       1.9318516526         0.5176380902         1.23e-32            
4253       1.9318516526         0.5176380902         1.23e-32            
4254       1.9318516526         0.5176380902         1.23e-32            
4255       1.9318516526         0.5176380902         1.23e-32            
4256       1.9318516526         0.5176380902         1.23e-32            
4257       1.9318516526         0.5176380902         1.23e-32            
4258       1.9318516526         0.5176380902         1.23e-32            
4259       1.9318516526         0.5176380902         1.23e-32            
4260       1.9318516526         0.5176380902         1.23e-32            
4261       1.9318516526         0.5176380902         1.23e-32            
4262       1.9318516526         0.5176380902         1.23e-32            
4263       1.9318516526         0.5176380902         1.23e-32            
4264       1.9318516526         0.5176380902         1.23e-32            
4265       1.9318516526         0.5176380902         1.23e-32            
4266       1.9318516526         0.5176380902         1.23e-32            
4267       1.9318516526         0.5176380902         1.23e-32            
4268       1.9318516526         0.5176380902         1.23e-32            
4269       1.9318516526         0.5176380902         1.23e-32            
4270       1.9318516526         0.5176380902         1.23e-32            
4271       1.9318516526         0.5176380902         1.23e-32            
4272       1.9318516526         0.5176380902         1.23e-32            
4273       1.9318516526         0.5176380902         1.23e-32            
4274       1.9318516526         0.5176380902         1.23e-32            
4275       1.9318516526         0.5176380902         1.23e-32            
4276       1.9318516526         0.5176380902         1.23e-32            
4277       1.9318516526         0.5176380902         1.23e-32            
4278       1.9318516526         0.5176380902         1.23e-32            
4279       1.9318516526         0.5176380902         1.23e-32            
4280       1.9318516526         0.5176380902         1.23e-32            
4281       1.9318516526         0.5176380902         1.23e-32            
4282       1.9318516526         0.5176380902         1.23e-32            
4283       1.9318516526         0.5176380902         1.23e-32            
4284       1.9318516526         0.5176380902         1.23e-32            
4285       1.9318516526         0.5176380902         1.23e-32            
4286       1.9318516526         0.5176380902         1.23e-32            
4287       1.9318516526         0.5176380902         1.23e-32            
4288       1.9318516526         0.5176380902         1.23e-32            
4289       1.9318516526         0.5176380902         1.23e-32            
4290       1.9318516526         0.5176380902         1.23e-32            
4291       1.9318516526         0.5176380902         1.23e-32            
4292       1.9318516526         0.5176380902         1.23e-32            
4293       1.9318516526         0.5176380902         1.23e-32            
4294       1.9318516526         0.5176380902         1.23e-32            
4295       1.9318516526         0.5176380902         1.23e-32            
4296       1.9318516526         0.5176380902         1.23e-32            
4297       1.9318516526         0.5176380902         1.23e-32            
4298       1.9318516526         0.5176380902         1.23e-32            
4299       1.9318516526         0.5176380902         1.23e-32            
4300       1.9318516526         0.5176380902         1.23e-32            
4301       1.9318516526         0.5176380902         1.23e-32            
4302       1.9318516526         0.5176380902         1.23e-32            
4303       1.9318516526         0.5176380902         1.23e-32            
4304       1.9318516526         0.5176380902         1.23e-32            
4305       1.9318516526         0.5176380902         1.23e-32            
4306       1.9318516526         0.5176380902         1.23e-32            
4307       1.9318516526         0.5176380902         1.23e-32            
4308       1.9318516526         0.5176380902         1.23e-32            
4309       1.9318516526         0.5176380902         1.23e-32            
4310       1.9318516526         0.5176380902         1.23e-32            
4311       1.9318516526         0.5176380902         1.23e-32            
4312       1.9318516526         0.5176380902         1.23e-32            
4313       1.9318516526         0.5176380902         1.23e-32            
4314       1.9318516526         0.5176380902         1.23e-32            
4315       1.9318516526         0.5176380902         1.23e-32            
4316       1.9318516526         0.5176380902         1.23e-32            
4317       1.9318516526         0.5176380902         1.23e-32            
4318       1.9318516526         0.5176380902         1.23e-32            
4319       1.9318516526         0.5176380902         1.23e-32            
4320       1.9318516526         0.5176380902         1.23e-32            
4321       1.9318516526         0.5176380902         1.23e-32            
4322       1.9318516526         0.5176380902         1.23e-32            
4323       1.9318516526         0.5176380902         1.23e-32            
4324       1.9318516526         0.5176380902         1.23e-32            
4325       1.9318516526         0.5176380902         1.23e-32            
4326       1.9318516526         0.5176380902         1.23e-32            
4327       1.9318516526         0.5176380902         1.23e-32            
4328       1.9318516526         0.5176380902         1.23e-32            
4329       1.9318516526         0.5176380902         1.23e-32            
4330       1.9318516526         0.5176380902         1.23e-32            
4331       1.9318516526         0.5176380902         1.23e-32            
4332       1.9318516526         0.5176380902         1.23e-32            
4333       1.9318516526         0.5176380902         1.23e-32            
4334       1.9318516526         0.5176380902         1.23e-32            
4335       1.9318516526         0.5176380902         1.23e-32            
4336       1.9318516526         0.5176380902         1.23e-32            
4337       1.9318516526         0.5176380902         1.23e-32            
4338       1.9318516526         0.5176380902         1.23e-32            
4339       1.9318516526         0.5176380902         1.23e-32            
4340       1.9318516526         0.5176380902         1.23e-32            
4341       1.9318516526         0.5176380902         1.23e-32            
4342       1.9318516526         0.5176380902         1.23e-32            
4343       1.9318516526         0.5176380902         1.23e-32            
4344       1.9318516526         0.5176380902         1.23e-32            
4345       1.9318516526         0.5176380902         1.23e-32            
4346       1.9318516526         0.5176380902         1.23e-32            
4347       1.9318516526         0.5176380902         1.23e-32            
4348       1.9318516526         0.5176380902         1.23e-32            
4349       1.9318516526         0.5176380902         1.23e-32            
4350       1.9318516526         0.5176380902         1.23e-32            
4351       1.9318516526         0.5176380902         1.23e-32            
4352       1.9318516526         0.5176380902         1.23e-32            
4353       1.9318516526         0.5176380902         1.23e-32            
4354       1.9318516526         0.5176380902         1.23e-32            
4355       1.9318516526         0.5176380902         1.23e-32            
4356       1.9318516526         0.5176380902         1.23e-32            
4357       1.9318516526         0.5176380902         1.23e-32            
4358       1.9318516526         0.5176380902         1.23e-32            
4359       1.9318516526         0.5176380902         1.23e-32            
4360       1.9318516526         0.5176380902         1.23e-32            
4361       1.9318516526         0.5176380902         1.23e-32            
4362       1.9318516526         0.5176380902         1.23e-32            
4363       1.9318516526         0.5176380902         1.23e-32            
4364       1.9318516526         0.5176380902         1.23e-32            
4365       1.9318516526         0.5176380902         1.23e-32            
4366       1.9318516526         0.5176380902         1.23e-32            
4367       1.9318516526         0.5176380902         1.23e-32            
4368       1.9318516526         0.5176380902         1.23e-32            
4369       1.9318516526         0.5176380902         1.23e-32            
4370       1.9318516526         0.5176380902         1.23e-32            
4371       1.9318516526         0.5176380902         1.23e-32            
4372       1.9318516526         0.5176380902         1.23e-32            
4373       1.9318516526         0.5176380902         1.23e-32            
4374       1.9318516526         0.5176380902         1.23e-32            
4375       1.9318516526         0.5176380902         1.23e-32            
4376       1.9318516526         0.5176380902         1.23e-32            
4377       1.9318516526         0.5176380902         1.23e-32            
4378       1.9318516526         0.5176380902         1.23e-32            
4379       1.9318516526         0.5176380902         1.23e-32            
4380       1.9318516526         0.5176380902         1.23e-32            
4381       1.9318516526         0.5176380902         1.23e-32            
4382       1.9318516526         0.5176380902         1.23e-32            
4383       1.9318516526         0.5176380902         1.23e-32            
4384       1.9318516526         0.5176380902         1.23e-32            
4385       1.9318516526         0.5176380902         1.23e-32            
4386       1.9318516526         0.5176380902         1.23e-32            
4387       1.9318516526         0.5176380902         1.23e-32            
4388       1.9318516526         0.5176380902         1.23e-32            
4389       1.9318516526         0.5176380902         1.23e-32            
4390       1.9318516526         0.5176380902         1.23e-32            
4391       1.9318516526         0.5176380902         1.23e-32            
4392       1.9318516526         0.5176380902         1.23e-32            
4393       1.9318516526         0.5176380902         1.23e-32            
4394       1.9318516526         0.5176380902         1.23e-32            
4395       1.9318516526         0.5176380902         1.23e-32            
4396       1.9318516526         0.5176380902         1.23e-32            
4397       1.9318516526         0.5176380902         1.23e-32            
4398       1.9318516526         0.5176380902         1.23e-32            
4399       1.9318516526         0.5176380902         1.23e-32            
4400       1.9318516526         0.5176380902         1.23e-32            
4401       1.9318516526         0.5176380902         1.23e-32            
4402       1.9318516526         0.5176380902         1.23e-32            
4403       1.9318516526         0.5176380902         1.23e-32            
4404       1.9318516526         0.5176380902         1.23e-32            
4405       1.9318516526         0.5176380902         1.23e-32            
4406       1.9318516526         0.5176380902         1.23e-32            
4407       1.9318516526         0.5176380902         1.23e-32            
4408       1.9318516526         0.5176380902         1.23e-32            
4409       1.9318516526         0.5176380902         1.23e-32            
4410       1.9318516526         0.5176380902         1.23e-32            
4411       1.9318516526         0.5176380902         1.23e-32            
4412       1.9318516526         0.5176380902         1.23e-32            
4413       1.9318516526         0.5176380902         1.23e-32            
4414       1.9318516526         0.5176380902         1.23e-32            
4415       1.9318516526         0.5176380902         1.23e-32            
4416       1.9318516526         0.5176380902         1.23e-32            
4417       1.9318516526         0.5176380902         1.23e-32            
4418       1.9318516526         0.5176380902         1.23e-32            
4419       1.9318516526         0.5176380902         1.23e-32            
4420       1.9318516526         0.5176380902         1.23e-32            
4421       1.9318516526         0.5176380902         1.23e-32            
4422       1.9318516526         0.5176380902         1.23e-32            
4423       1.9318516526         0.5176380902         1.23e-32            
4424       1.9318516526         0.5176380902         1.23e-32            
4425       1.9318516526         0.5176380902         1.23e-32            
4426       1.9318516526         0.5176380902         1.23e-32            
4427       1.9318516526         0.5176380902         1.23e-32            
4428       1.9318516526         0.5176380902         1.23e-32            
4429       1.9318516526         0.5176380902         1.23e-32            
4430       1.9318516526         0.5176380902         1.23e-32            
4431       1.9318516526         0.5176380902         1.23e-32            
4432       1.9318516526         0.5176380902         1.23e-32            
4433       1.9318516526         0.5176380902         1.23e-32            
4434       1.9318516526         0.5176380902         1.23e-32            
4435       1.9318516526         0.5176380902         1.23e-32            
4436       1.9318516526         0.5176380902         1.23e-32            
4437       1.9318516526         0.5176380902         1.23e-32            
4438       1.9318516526         0.5176380902         1.23e-32            
4439       1.9318516526         0.5176380902         1.23e-32            
4440       1.9318516526         0.5176380902         1.23e-32            
4441       1.9318516526         0.5176380902         1.23e-32            
4442       1.9318516526         0.5176380902         1.23e-32            
4443       1.9318516526         0.5176380902         1.23e-32            
4444       1.9318516526         0.5176380902         1.23e-32            
4445       1.9318516526         0.5176380902         1.23e-32            
4446       1.9318516526         0.5176380902         1.23e-32            
4447       1.9318516526         0.5176380902         1.23e-32            
4448       1.9318516526         0.5176380902         1.23e-32            
4449       1.9318516526         0.5176380902         1.23e-32            
4450       1.9318516526         0.5176380902         1.23e-32            
4451       1.9318516526         0.5176380902         1.23e-32            
4452       1.9318516526         0.5176380902         1.23e-32            
4453       1.9318516526         0.5176380902         1.23e-32            
4454       1.9318516526         0.5176380902         1.23e-32            
4455       1.9318516526         0.5176380902         1.23e-32            
4456       1.9318516526         0.5176380902         1.23e-32            
4457       1.9318516526         0.5176380902         1.23e-32            
4458       1.9318516526         0.5176380902         1.23e-32            
4459       1.9318516526         0.5176380902         1.23e-32            
4460       1.9318516526         0.5176380902         1.23e-32            
4461       1.9318516526         0.5176380902         1.23e-32            
4462       1.9318516526         0.5176380902         1.23e-32            
4463       1.9318516526         0.5176380902         1.23e-32            
4464       1.9318516526         0.5176380902         1.23e-32            
4465       1.9318516526         0.5176380902         1.23e-32            
4466       1.9318516526         0.5176380902         1.23e-32            
4467       1.9318516526         0.5176380902         1.23e-32            
4468       1.9318516526         0.5176380902         1.23e-32            
4469       1.9318516526         0.5176380902         1.23e-32            
4470       1.9318516526         0.5176380902         1.23e-32            
4471       1.9318516526         0.5176380902         1.23e-32            
4472       1.9318516526         0.5176380902         1.23e-32            
4473       1.9318516526         0.5176380902         1.23e-32            
4474       1.9318516526         0.5176380902         1.23e-32            
4475       1.9318516526         0.5176380902         1.23e-32            
4476       1.9318516526         0.5176380902         1.23e-32            
4477       1.9318516526         0.5176380902         1.23e-32            
4478       1.9318516526         0.5176380902         1.23e-32            
4479       1.9318516526         0.5176380902         1.23e-32            
4480       1.9318516526         0.5176380902         1.23e-32            
4481       1.9318516526         0.5176380902         1.23e-32            
4482       1.9318516526         0.5176380902         1.23e-32            
4483       1.9318516526         0.5176380902         1.23e-32            
4484       1.9318516526         0.5176380902         1.23e-32            
4485       1.9318516526         0.5176380902         1.23e-32            
4486       1.9318516526         0.5176380902         1.23e-32            
4487       1.9318516526         0.5176380902         1.23e-32            
4488       1.9318516526         0.5176380902         1.23e-32            
4489       1.9318516526         0.5176380902         1.23e-32            
4490       1.9318516526         0.5176380902         1.23e-32            
4491       1.9318516526         0.5176380902         1.23e-32            
4492       1.9318516526         0.5176380902         1.23e-32            
4493       1.9318516526         0.5176380902         1.23e-32            
4494       1.9318516526         0.5176380902         1.23e-32            
4495       1.9318516526         0.5176380902         1.23e-32            
4496       1.9318516526         0.5176380902         1.23e-32            
4497       1.9318516526         0.5176380902         1.23e-32            
4498       1.9318516526         0.5176380902         1.23e-32            
4499       1.9318516526         0.5176380902         1.23e-32            
4500       1.9318516526         0.5176380902         1.23e-32            
4501       1.9318516526         0.5176380902         1.23e-32            
4502       1.9318516526         0.5176380902         1.23e-32            
4503       1.9318516526         0.5176380902         1.23e-32            
4504       1.9318516526         0.5176380902         1.23e-32            
4505       1.9318516526         0.5176380902         1.23e-32            
4506       1.9318516526         0.5176380902         1.23e-32            
4507       1.9318516526         0.5176380902         1.23e-32            
4508       1.9318516526         0.5176380902         1.23e-32            
4509       1.9318516526         0.5176380902         1.23e-32            
4510       1.9318516526         0.5176380902         1.23e-32            
4511       1.9318516526         0.5176380902         1.23e-32            
4512       1.9318516526         0.5176380902         1.23e-32            
4513       1.9318516526         0.5176380902         1.23e-32            
4514       1.9318516526         0.5176380902         1.23e-32            
4515       1.9318516526         0.5176380902         1.23e-32            
4516       1.9318516526         0.5176380902         1.23e-32            
4517       1.9318516526         0.5176380902         1.23e-32            
4518       1.9318516526         0.5176380902         1.23e-32            
4519       1.9318516526         0.5176380902         1.23e-32            
4520       1.9318516526         0.5176380902         1.23e-32            
4521       1.9318516526         0.5176380902         1.23e-32            
4522       1.9318516526         0.5176380902         1.23e-32            
4523       1.9318516526         0.5176380902         1.23e-32            
4524       1.9318516526         0.5176380902         1.23e-32            
4525       1.9318516526         0.5176380902         1.23e-32            
4526       1.9318516526         0.5176380902         1.23e-32            
4527       1.9318516526         0.5176380902         1.23e-32            
4528       1.9318516526         0.5176380902         1.23e-32            
4529       1.9318516526         0.5176380902         1.23e-32            
4530       1.9318516526         0.5176380902         1.23e-32            
4531       1.9318516526         0.5176380902         1.23e-32            
4532       1.9318516526         0.5176380902         1.23e-32            
4533       1.9318516526         0.5176380902         1.23e-32            
4534       1.9318516526         0.5176380902         1.23e-32            
4535       1.9318516526         0.5176380902         1.23e-32            
4536       1.9318516526         0.5176380902         1.23e-32            
4537       1.9318516526         0.5176380902         1.23e-32            
4538       1.9318516526         0.5176380902         1.23e-32            
4539       1.9318516526         0.5176380902         1.23e-32            
4540       1.9318516526         0.5176380902         1.23e-32            
4541       1.9318516526         0.5176380902         1.23e-32            
4542       1.9318516526         0.5176380902         1.23e-32            
4543       1.9318516526         0.5176380902         1.23e-32            
4544       1.9318516526         0.5176380902         1.23e-32            
4545       1.9318516526         0.5176380902         1.23e-32            
4546       1.9318516526         0.5176380902         1.23e-32            
4547       1.9318516526         0.5176380902         1.23e-32            
4548       1.9318516526         0.5176380902         1.23e-32            
4549       1.9318516526         0.5176380902         1.23e-32            
4550       1.9318516526         0.5176380902         1.23e-32            
4551       1.9318516526         0.5176380902         1.23e-32            
4552       1.9318516526         0.5176380902         1.23e-32            
4553       1.9318516526         0.5176380902         1.23e-32            
4554       1.9318516526         0.5176380902         1.23e-32            
4555       1.9318516526         0.5176380902         1.23e-32            
4556       1.9318516526         0.5176380902         1.23e-32            
4557       1.9318516526         0.5176380902         1.23e-32            
4558       1.9318516526         0.5176380902         1.23e-32            
4559       1.9318516526         0.5176380902         1.23e-32            
4560       1.9318516526         0.5176380902         1.23e-32            
4561       1.9318516526         0.5176380902         1.23e-32            
4562       1.9318516526         0.5176380902         1.23e-32            
4563       1.9318516526         0.5176380902         1.23e-32            
4564       1.9318516526         0.5176380902         1.23e-32            
4565       1.9318516526         0.5176380902         1.23e-32            
4566       1.9318516526         0.5176380902         1.23e-32            
4567       1.9318516526         0.5176380902         1.23e-32            
4568       1.9318516526         0.5176380902         1.23e-32            
4569       1.9318516526         0.5176380902         1.23e-32            
4570       1.9318516526         0.5176380902         1.23e-32            
4571       1.9318516526         0.5176380902         1.23e-32            
4572       1.9318516526         0.5176380902         1.23e-32            
4573       1.9318516526         0.5176380902         1.23e-32            
4574       1.9318516526         0.5176380902         1.23e-32            
4575       1.9318516526         0.5176380902         1.23e-32            
4576       1.9318516526         0.5176380902         1.23e-32            
4577       1.9318516526         0.5176380902         1.23e-32            
4578       1.9318516526         0.5176380902         1.23e-32            
4579       1.9318516526         0.5176380902         1.23e-32            
4580       1.9318516526         0.5176380902         1.23e-32            
4581       1.9318516526         0.5176380902         1.23e-32            
4582       1.9318516526         0.5176380902         1.23e-32            
4583       1.9318516526         0.5176380902         1.23e-32            
4584       1.9318516526         0.5176380902         1.23e-32            
4585       1.9318516526         0.5176380902         1.23e-32            
4586       1.9318516526         0.5176380902         1.23e-32            
4587       1.9318516526         0.5176380902         1.23e-32            
4588       1.9318516526         0.5176380902         1.23e-32            
4589       1.9318516526         0.5176380902         1.23e-32            
4590       1.9318516526         0.5176380902         1.23e-32            
4591       1.9318516526         0.5176380902         1.23e-32            
4592       1.9318516526         0.5176380902         1.23e-32            
4593       1.9318516526         0.5176380902         1.23e-32            
4594       1.9318516526         0.5176380902         1.23e-32            
4595       1.9318516526         0.5176380902         1.23e-32            
4596       1.9318516526         0.5176380902         1.23e-32            
4597       1.9318516526         0.5176380902         1.23e-32            
4598       1.9318516526         0.5176380902         1.23e-32            
4599       1.9318516526         0.5176380902         1.23e-32            
4600       1.9318516526         0.5176380902         1.23e-32            
4601       1.9318516526         0.5176380902         1.23e-32            
4602       1.9318516526         0.5176380902         1.23e-32            
4603       1.9318516526         0.5176380902         1.23e-32            
4604       1.9318516526         0.5176380902         1.23e-32            
4605       1.9318516526         0.5176380902         1.23e-32            
4606       1.9318516526         0.5176380902         1.23e-32            
4607       1.9318516526         0.5176380902         1.23e-32            
4608       1.9318516526         0.5176380902         1.23e-32            
4609       1.9318516526         0.5176380902         1.23e-32            
4610       1.9318516526         0.5176380902         1.23e-32            
4611       1.9318516526         0.5176380902         1.23e-32            
4612       1.9318516526         0.5176380902         1.23e-32            
4613       1.9318516526         0.5176380902         1.23e-32            
4614       1.9318516526         0.5176380902         1.23e-32            
4615       1.9318516526         0.5176380902         1.23e-32            
4616       1.9318516526         0.5176380902         1.23e-32            
4617       1.9318516526         0.5176380902         1.23e-32            
4618       1.9318516526         0.5176380902         1.23e-32            
4619       1.9318516526         0.5176380902         1.23e-32            
4620       1.9318516526         0.5176380902         1.23e-32            
4621       1.9318516526         0.5176380902         1.23e-32            
4622       1.9318516526         0.5176380902         1.23e-32            
4623       1.9318516526         0.5176380902         1.23e-32            
4624       1.9318516526         0.5176380902         1.23e-32            
4625       1.9318516526         0.5176380902         1.23e-32            
4626       1.9318516526         0.5176380902         1.23e-32            
4627       1.9318516526         0.5176380902         1.23e-32            
4628       1.9318516526         0.5176380902         1.23e-32            
4629       1.9318516526         0.5176380902         1.23e-32            
4630       1.9318516526         0.5176380902         1.23e-32            
4631       1.9318516526         0.5176380902         1.23e-32            
4632       1.9318516526         0.5176380902         1.23e-32            
4633       1.9318516526         0.5176380902         1.23e-32            
4634       1.9318516526         0.5176380902         1.23e-32            
4635       1.9318516526         0.5176380902         1.23e-32            
4636       1.9318516526         0.5176380902         1.23e-32            
4637       1.9318516526         0.5176380902         1.23e-32            
4638       1.9318516526         0.5176380902         1.23e-32            
4639       1.9318516526         0.5176380902         1.23e-32            
4640       1.9318516526         0.5176380902         1.23e-32            
4641       1.9318516526         0.5176380902         1.23e-32            
4642       1.9318516526         0.5176380902         1.23e-32            
4643       1.9318516526         0.5176380902         1.23e-32            
4644       1.9318516526         0.5176380902         1.23e-32            
4645       1.9318516526         0.5176380902         1.23e-32            
4646       1.9318516526         0.5176380902         1.23e-32            
4647       1.9318516526         0.5176380902         1.23e-32            
4648       1.9318516526         0.5176380902         1.23e-32            
4649       1.9318516526         0.5176380902         1.23e-32            
4650       1.9318516526         0.5176380902         1.23e-32            
4651       1.9318516526         0.5176380902         1.23e-32            
4652       1.9318516526         0.5176380902         1.23e-32            
4653       1.9318516526         0.5176380902         1.23e-32            
4654       1.9318516526         0.5176380902         1.23e-32            
4655       1.9318516526         0.5176380902         1.23e-32            
4656       1.9318516526         0.5176380902         1.23e-32            
4657       1.9318516526         0.5176380902         1.23e-32            
4658       1.9318516526         0.5176380902         1.23e-32            
4659       1.9318516526         0.5176380902         1.23e-32            
4660       1.9318516526         0.5176380902         1.23e-32            
4661       1.9318516526         0.5176380902         1.23e-32            
4662       1.9318516526         0.5176380902         1.23e-32            
4663       1.9318516526         0.5176380902         1.23e-32            
4664       1.9318516526         0.5176380902         1.23e-32            
4665       1.9318516526         0.5176380902         1.23e-32            
4666       1.9318516526         0.5176380902         1.23e-32            
4667       1.9318516526         0.5176380902         1.23e-32            
4668       1.9318516526         0.5176380902         1.23e-32            
4669       1.9318516526         0.5176380902         1.23e-32            
4670       1.9318516526         0.5176380902         1.23e-32            
4671       1.9318516526         0.5176380902         1.23e-32            
4672       1.9318516526         0.5176380902         1.23e-32            
4673       1.9318516526         0.5176380902         1.23e-32            
4674       1.9318516526         0.5176380902         1.23e-32            
4675       1.9318516526         0.5176380902         1.23e-32            
4676       1.9318516526         0.5176380902         1.23e-32            
4677       1.9318516526         0.5176380902         1.23e-32            
4678       1.9318516526         0.5176380902         1.23e-32            
4679       1.9318516526         0.5176380902         1.23e-32            
4680       1.9318516526         0.5176380902         1.23e-32            
4681       1.9318516526         0.5176380902         1.23e-32            
4682       1.9318516526         0.5176380902         1.23e-32            
4683       1.9318516526         0.5176380902         1.23e-32            
4684       1.9318516526         0.5176380902         1.23e-32            
4685       1.9318516526         0.5176380902         1.23e-32            
4686       1.9318516526         0.5176380902         1.23e-32            
4687       1.9318516526         0.5176380902         1.23e-32            
4688       1.9318516526         0.5176380902         1.23e-32            
4689       1.9318516526         0.5176380902         1.23e-32            
4690       1.9318516526         0.5176380902         1.23e-32            
4691       1.9318516526         0.5176380902         1.23e-32            
4692       1.9318516526         0.5176380902         1.23e-32            
4693       1.9318516526         0.5176380902         1.23e-32            
4694       1.9318516526         0.5176380902         1.23e-32            
4695       1.9318516526         0.5176380902         1.23e-32            
4696       1.9318516526         0.5176380902         1.23e-32            
4697       1.9318516526         0.5176380902         1.23e-32            
4698       1.9318516526         0.5176380902         1.23e-32            
4699       1.9318516526         0.5176380902         1.23e-32            
4700       1.9318516526         0.5176380902         1.23e-32            
4701       1.9318516526         0.5176380902         1.23e-32            
4702       1.9318516526         0.5176380902         1.23e-32            
4703       1.9318516526         0.5176380902         1.23e-32            
4704       1.9318516526         0.5176380902         1.23e-32            
4705       1.9318516526         0.5176380902         1.23e-32            
4706       1.9318516526         0.5176380902         1.23e-32            
4707       1.9318516526         0.5176380902         1.23e-32            
4708       1.9318516526         0.5176380902         1.23e-32            
4709       1.9318516526         0.5176380902         1.23e-32            
4710       1.9318516526         0.5176380902         1.23e-32            
4711       1.9318516526         0.5176380902         1.23e-32            
4712       1.9318516526         0.5176380902         1.23e-32            
4713       1.9318516526         0.5176380902         1.23e-32            
4714       1.9318516526         0.5176380902         1.23e-32            
4715       1.9318516526         0.5176380902         1.23e-32            
4716       1.9318516526         0.5176380902         1.23e-32            
4717       1.9318516526         0.5176380902         1.23e-32            
4718       1.9318516526         0.5176380902         1.23e-32            
4719       1.9318516526         0.5176380902         1.23e-32            
4720       1.9318516526         0.5176380902         1.23e-32            
4721       1.9318516526         0.5176380902         1.23e-32            
4722       1.9318516526         0.5176380902         1.23e-32            
4723       1.9318516526         0.5176380902         1.23e-32            
4724       1.9318516526         0.5176380902         1.23e-32            
4725       1.9318516526         0.5176380902         1.23e-32            
4726       1.9318516526         0.5176380902         1.23e-32            
4727       1.9318516526         0.5176380902         1.23e-32            
4728       1.9318516526         0.5176380902         1.23e-32            
4729       1.9318516526         0.5176380902         1.23e-32            
4730       1.9318516526         0.5176380902         1.23e-32            
4731       1.9318516526         0.5176380902         1.23e-32            
4732       1.9318516526         0.5176380902         1.23e-32            
4733       1.9318516526         0.5176380902         1.23e-32            
4734       1.9318516526         0.5176380902         1.23e-32            
4735       1.9318516526         0.5176380902         1.23e-32            
4736       1.9318516526         0.5176380902         1.23e-32            
4737       1.9318516526         0.5176380902         1.23e-32            
4738       1.9318516526         0.5176380902         1.23e-32            
4739       1.9318516526         0.5176380902         1.23e-32            
4740       1.9318516526         0.5176380902         1.23e-32            
4741       1.9318516526         0.5176380902         1.23e-32            
4742       1.9318516526         0.5176380902         1.23e-32            
4743       1.9318516526         0.5176380902         1.23e-32            
4744       1.9318516526         0.5176380902         1.23e-32            
4745       1.9318516526         0.5176380902         1.23e-32            
4746       1.9318516526         0.5176380902         1.23e-32            
4747       1.9318516526         0.5176380902         1.23e-32            
4748       1.9318516526         0.5176380902         1.23e-32            
4749       1.9318516526         0.5176380902         1.23e-32            
4750       1.9318516526         0.5176380902         1.23e-32            
4751       1.9318516526         0.5176380902         1.23e-32            
4752       1.9318516526         0.5176380902         1.23e-32            
4753       1.9318516526         0.5176380902         1.23e-32            
4754       1.9318516526         0.5176380902         1.23e-32            
4755       1.9318516526         0.5176380902         1.23e-32            
4756       1.9318516526         0.5176380902         1.23e-32            
4757       1.9318516526         0.5176380902         1.23e-32            
4758       1.9318516526         0.5176380902         1.23e-32            
4759       1.9318516526         0.5176380902         1.23e-32            
4760       1.9318516526         0.5176380902         1.23e-32            
4761       1.9318516526         0.5176380902         1.23e-32            
4762       1.9318516526         0.5176380902         1.23e-32            
4763       1.9318516526         0.5176380902         1.23e-32            
4764       1.9318516526         0.5176380902         1.23e-32            
4765       1.9318516526         0.5176380902         1.23e-32            
4766       1.9318516526         0.5176380902         1.23e-32            
4767       1.9318516526         0.5176380902         1.23e-32            
4768       1.9318516526         0.5176380902         1.23e-32            
4769       1.9318516526         0.5176380902         1.23e-32            
4770       1.9318516526         0.5176380902         1.23e-32            
4771       1.9318516526         0.5176380902         1.23e-32            
4772       1.9318516526         0.5176380902         1.23e-32            
4773       1.9318516526         0.5176380902         1.23e-32            
4774       1.9318516526         0.5176380902         1.23e-32            
4775       1.9318516526         0.5176380902         1.23e-32            
4776       1.9318516526         0.5176380902         1.23e-32            
4777       1.9318516526         0.5176380902         1.23e-32            
4778       1.9318516526         0.5176380902         1.23e-32            
4779       1.9318516526         0.5176380902         1.23e-32            
4780       1.9318516526         0.5176380902         1.23e-32            
4781       1.9318516526         0.5176380902         1.23e-32            
4782       1.9318516526         0.5176380902         1.23e-32            
4783       1.9318516526         0.5176380902         1.23e-32            
4784       1.9318516526         0.5176380902         1.23e-32            
4785       1.9318516526         0.5176380902         1.23e-32            
4786       1.9318516526         0.5176380902         1.23e-32            
4787       1.9318516526         0.5176380902         1.23e-32            
4788       1.9318516526         0.5176380902         1.23e-32            
4789       1.9318516526         0.5176380902         1.23e-32            
4790       1.9318516526         0.5176380902         1.23e-32            
4791       1.9318516526         0.5176380902         1.23e-32            
4792       1.9318516526         0.5176380902         1.23e-32            
4793       1.9318516526         0.5176380902         1.23e-32            
4794       1.9318516526         0.5176380902         1.23e-32            
4795       1.9318516526         0.5176380902         1.23e-32            
4796       1.9318516526         0.5176380902         1.23e-32            
4797       1.9318516526         0.5176380902         1.23e-32            
4798       1.9318516526         0.5176380902         1.23e-32            
4799       1.9318516526         0.5176380902         1.23e-32            
4800       1.9318516526         0.5176380902         1.23e-32            
4801       1.9318516526         0.5176380902         1.23e-32            
4802       1.9318516526         0.5176380902         1.23e-32            
4803       1.9318516526         0.5176380902         1.23e-32            
4804       1.9318516526         0.5176380902         1.23e-32            
4805       1.9318516526         0.5176380902         1.23e-32            
4806       1.9318516526         0.5176380902         1.23e-32            
4807       1.9318516526         0.5176380902         1.23e-32            
4808       1.9318516526         0.5176380902         1.23e-32            
4809       1.9318516526         0.5176380902         1.23e-32            
4810       1.9318516526         0.5176380902         1.23e-32            
4811       1.9318516526         0.5176380902         1.23e-32            
4812       1.9318516526         0.5176380902         1.23e-32            
4813       1.9318516526         0.5176380902         1.23e-32            
4814       1.9318516526         0.5176380902         1.23e-32            
4815       1.9318516526         0.5176380902         1.23e-32            
4816       1.9318516526         0.5176380902         1.23e-32            
4817       1.9318516526         0.5176380902         1.23e-32            
4818       1.9318516526         0.5176380902         1.23e-32            
4819       1.9318516526         0.5176380902         1.23e-32            
4820       1.9318516526         0.5176380902         1.23e-32            
4821       1.9318516526         0.5176380902         1.23e-32            
4822       1.9318516526         0.5176380902         1.23e-32            
4823       1.9318516526         0.5176380902         1.23e-32            
4824       1.9318516526         0.5176380902         1.23e-32            
4825       1.9318516526         0.5176380902         1.23e-32            
4826       1.9318516526         0.5176380902         1.23e-32            
4827       1.9318516526         0.5176380902         1.23e-32            
4828       1.9318516526         0.5176380902         1.23e-32            
4829       1.9318516526         0.5176380902         1.23e-32            
4830       1.9318516526         0.5176380902         1.23e-32            
4831       1.9318516526         0.5176380902         1.23e-32            
4832       1.9318516526         0.5176380902         1.23e-32            
4833       1.9318516526         0.5176380902         1.23e-32            
4834       1.9318516526         0.5176380902         1.23e-32            
4835       1.9318516526         0.5176380902         1.23e-32            
4836       1.9318516526         0.5176380902         1.23e-32            
4837       1.9318516526         0.5176380902         1.23e-32            
4838       1.9318516526         0.5176380902         1.23e-32            
4839       1.9318516526         0.5176380902         1.23e-32            
4840       1.9318516526         0.5176380902         1.23e-32            
4841       1.9318516526         0.5176380902         1.23e-32            
4842       1.9318516526         0.5176380902         1.23e-32            
4843       1.9318516526         0.5176380902         1.23e-32            
4844       1.9318516526         0.5176380902         1.23e-32            
4845       1.9318516526         0.5176380902         1.23e-32            
4846       1.9318516526         0.5176380902         1.23e-32            
4847       1.9318516526         0.5176380902         1.23e-32            
4848       1.9318516526         0.5176380902         1.23e-32            
4849       1.9318516526         0.5176380902         1.23e-32            
4850       1.9318516526         0.5176380902         1.23e-32            
4851       1.9318516526         0.5176380902         1.23e-32            
4852       1.9318516526         0.5176380902         1.23e-32            
4853       1.9318516526         0.5176380902         1.23e-32            
4854       1.9318516526         0.5176380902         1.23e-32            
4855       1.9318516526         0.5176380902         1.23e-32            
4856       1.9318516526         0.5176380902         1.23e-32            
4857       1.9318516526         0.5176380902         1.23e-32            
4858       1.9318516526         0.5176380902         1.23e-32            
4859       1.9318516526         0.5176380902         1.23e-32            
4860       1.9318516526         0.5176380902         1.23e-32            
4861       1.9318516526         0.5176380902         1.23e-32            
4862       1.9318516526         0.5176380902         1.23e-32            
4863       1.9318516526         0.5176380902         1.23e-32            
4864       1.9318516526         0.5176380902         1.23e-32            
4865       1.9318516526         0.5176380902         1.23e-32            
4866       1.9318516526         0.5176380902         1.23e-32            
4867       1.9318516526         0.5176380902         1.23e-32            
4868       1.9318516526         0.5176380902         1.23e-32            
4869       1.9318516526         0.5176380902         1.23e-32            
4870       1.9318516526         0.5176380902         1.23e-32            
4871       1.9318516526         0.5176380902         1.23e-32            
4872       1.9318516526         0.5176380902         1.23e-32            
4873       1.9318516526         0.5176380902         1.23e-32            
4874       1.9318516526         0.5176380902         1.23e-32            
4875       1.9318516526         0.5176380902         1.23e-32            
4876       1.9318516526         0.5176380902         1.23e-32            
4877       1.9318516526         0.5176380902         1.23e-32            
4878       1.9318516526         0.5176380902         1.23e-32            
4879       1.9318516526         0.5176380902         1.23e-32            
4880       1.9318516526         0.5176380902         1.23e-32            
4881       1.9318516526         0.5176380902         1.23e-32            
4882       1.9318516526         0.5176380902         1.23e-32            
4883       1.9318516526         0.5176380902         1.23e-32            
4884       1.9318516526         0.5176380902         1.23e-32            
4885       1.9318516526         0.5176380902         1.23e-32            
4886       1.9318516526         0.5176380902         1.23e-32            
4887       1.9318516526         0.5176380902         1.23e-32            
4888       1.9318516526         0.5176380902         1.23e-32            
4889       1.9318516526         0.5176380902         1.23e-32            
4890       1.9318516526         0.5176380902         1.23e-32            
4891       1.9318516526         0.5176380902         1.23e-32            
4892       1.9318516526         0.5176380902         1.23e-32            
4893       1.9318516526         0.5176380902         1.23e-32            
4894       1.9318516526         0.5176380902         1.23e-32            
4895       1.9318516526         0.5176380902         1.23e-32            
4896       1.9318516526         0.5176380902         1.23e-32            
4897       1.9318516526         0.5176380902         1.23e-32            
4898       1.9318516526         0.5176380902         1.23e-32            
4899       1.9318516526         0.5176380902         1.23e-32            
4900       1.9318516526         0.5176380902         1.23e-32            
4901       1.9318516526         0.5176380902         1.23e-32            
4902       1.9318516526         0.5176380902         1.23e-32            
4903       1.9318516526         0.5176380902         1.23e-32            
4904       1.9318516526         0.5176380902         1.23e-32            
4905       1.9318516526         0.5176380902         1.23e-32            
4906       1.9318516526         0.5176380902         1.23e-32            
4907       1.9318516526         0.5176380902         1.23e-32            
4908       1.9318516526         0.5176380902         1.23e-32            
4909       1.9318516526         0.5176380902         1.23e-32            
4910       1.9318516526         0.5176380902         1.23e-32            
4911       1.9318516526         0.5176380902         1.23e-32            
4912       1.9318516526         0.5176380902         1.23e-32            
4913       1.9318516526         0.5176380902         1.23e-32            
4914       1.9318516526         0.5176380902         1.23e-32            
4915       1.9318516526         0.5176380902         1.23e-32            
4916       1.9318516526         0.5176380902         1.23e-32            
4917       1.9318516526         0.5176380902         1.23e-32            
4918       1.9318516526         0.5176380902         1.23e-32            
4919       1.9318516526         0.5176380902         1.23e-32            
4920       1.9318516526         0.5176380902         1.23e-32            
4921       1.9318516526         0.5176380902         1.23e-32            
4922       1.9318516526         0.5176380902         1.23e-32            
4923       1.9318516526         0.5176380902         1.23e-32            
4924       1.9318516526         0.5176380902         1.23e-32            
4925       1.9318516526         0.5176380902         1.23e-32            
4926       1.9318516526         0.5176380902         1.23e-32            
4927       1.9318516526         0.5176380902         1.23e-32            
4928       1.9318516526         0.5176380902         1.23e-32            
4929       1.9318516526         0.5176380902         1.23e-32            
4930       1.9318516526         0.5176380902         1.23e-32            
4931       1.9318516526         0.5176380902         1.23e-32            
4932       1.9318516526         0.5176380902         1.23e-32            
4933       1.9318516526         0.5176380902         1.23e-32            
4934       1.9318516526         0.5176380902         1.23e-32            
4935       1.9318516526         0.5176380902         1.23e-32            
4936       1.9318516526         0.5176380902         1.23e-32            
4937       1.9318516526         0.5176380902         1.23e-32            
4938       1.9318516526         0.5176380902         1.23e-32            
4939       1.9318516526         0.5176380902         1.23e-32            
4940       1.9318516526         0.5176380902         1.23e-32            
4941       1.9318516526         0.5176380902         1.23e-32            
4942       1.9318516526         0.5176380902         1.23e-32            
4943       1.9318516526         0.5176380902         1.23e-32            
4944       1.9318516526         0.5176380902         1.23e-32            
4945       1.9318516526         0.5176380902         1.23e-32            
4946       1.9318516526         0.5176380902         1.23e-32            
4947       1.9318516526         0.5176380902         1.23e-32            
4948       1.9318516526         0.5176380902         1.23e-32            
4949       1.9318516526         0.5176380902         1.23e-32            
4950       1.9318516526         0.5176380902         1.23e-32            
4951       1.9318516526         0.5176380902         1.23e-32            
4952       1.9318516526         0.5176380902         1.23e-32            
4953       1.9318516526         0.5176380902         1.23e-32            
4954       1.9318516526         0.5176380902         1.23e-32            
4955       1.9318516526         0.5176380902         1.23e-32            
4956       1.9318516526         0.5176380902         1.23e-32            
4957       1.9318516526         0.5176380902         1.23e-32            
4958       1.9318516526         0.5176380902         1.23e-32            
4959       1.9318516526         0.5176380902         1.23e-32            
4960       1.9318516526         0.5176380902         1.23e-32            
4961       1.9318516526         0.5176380902         1.23e-32            
4962       1.9318516526         0.5176380902         1.23e-32            
4963       1.9318516526         0.5176380902         1.23e-32            
4964       1.9318516526         0.5176380902         1.23e-32            
4965       1.9318516526         0.5176380902         1.23e-32            
4966       1.9318516526         0.5176380902         1.23e-32            
4967       1.9318516526         0.5176380902         1.23e-32            
4968       1.9318516526         0.5176380902         1.23e-32            
4969       1.9318516526         0.5176380902         1.23e-32            
4970       1.9318516526         0.5176380902         1.23e-32            
4971       1.9318516526         0.5176380902         1.23e-32            
4972       1.9318516526         0.5176380902         1.23e-32            
4973       1.9318516526         0.5176380902         1.23e-32            
4974       1.9318516526         0.5176380902         1.23e-32            
4975       1.9318516526         0.5176380902         1.23e-32            
4976       1.9318516526         0.5176380902         1.23e-32            
4977       1.9318516526         0.5176380902         1.23e-32            
4978       1.9318516526         0.5176380902         1.23e-32            
4979       1.9318516526         0.5176380902         1.23e-32            
4980       1.9318516526         0.5176380902         1.23e-32            
4981       1.9318516526         0.5176380902         1.23e-32            
4982       1.9318516526         0.5176380902         1.23e-32            
4983       1.9318516526         0.5176380902         1.23e-32            
4984       1.9318516526         0.5176380902         1.23e-32            
4985       1.9318516526         0.5176380902         1.23e-32            
4986       1.9318516526         0.5176380902         1.23e-32            
4987       1.9318516526         0.5176380902         1.23e-32            
4988       1.9318516526         0.5176380902         1.23e-32            
4989       1.9318516526         0.5176380902         1.23e-32            
4990       1.9318516526         0.5176380902         1.23e-32            
4991       1.9318516526         0.5176380902         1.23e-32            
4992       1.9318516526         0.5176380902         1.23e-32            
4993       1.9318516526         0.5176380902         1.23e-32            
4994       1.9318516526         0.5176380902         1.23e-32            
4995       1.9318516526         0.5176380902         1.23e-32            
4996       1.9318516526         0.5176380902         1.23e-32            
4997       1.9318516526         0.5176380902         1.23e-32            
4998       1.9318516526         0.5176380902         1.23e-32            
4999       1.9318516526         0.5176380902         1.23e-32            
5000       1.9318516526         0.5176380902         1.23e-32            
5001       1.9318516526         0.5176380902         1.23e-32            
5002       1.9318516526         0.5176380902         1.23e-32            
5003       1.9318516526         0.5176380902         1.23e-32            
5004       1.9318516526         0.5176380902         1.23e-32            
5005       1.9318516526         0.5176380902         1.23e-32            
5006       1.9318516526         0.5176380902         1.23e-32            
5007       1.9318516526         0.5176380902         1.23e-32            
5008       1.9318516526         0.5176380902         1.23e-32            
5009       1.9318516526         0.5176380902         1.23e-32            
5010       1.9318516526         0.5176380902         1.23e-32            
5011       1.9318516526         0.5176380902         1.23e-32            
5012       1.9318516526         0.5176380902         1.23e-32            
5013       1.9318516526         0.5176380902         1.23e-32            
5014       1.9318516526         0.5176380902         1.23e-32            
5015       1.9318516526         0.5176380902         1.23e-32            
5016       1.9318516526         0.5176380902         1.23e-32            
5017       1.9318516526         0.5176380902         1.23e-32            
5018       1.9318516526         0.5176380902         1.23e-32            
5019       1.9318516526         0.5176380902         1.23e-32            
5020       1.9318516526         0.5176380902         1.23e-32            
5021       1.9318516526         0.5176380902         1.23e-32            
5022       1.9318516526         0.5176380902         1.23e-32            
5023       1.9318516526         0.5176380902         1.23e-32            
5024       1.9318516526         0.5176380902         1.23e-32            
5025       1.9318516526         0.5176380902         1.23e-32            
5026       1.9318516526         0.5176380902         1.23e-32            
5027       1.9318516526         0.5176380902         1.23e-32            
5028       1.9318516526         0.5176380902         1.23e-32            
5029       1.9318516526         0.5176380902         1.23e-32            
5030       1.9318516526         0.5176380902         1.23e-32            
5031       1.9318516526         0.5176380902         1.23e-32            
5032       1.9318516526         0.5176380902         1.23e-32            
5033       1.9318516526         0.5176380902         1.23e-32            
5034       1.9318516526         0.5176380902         1.23e-32            
5035       1.9318516526         0.5176380902         1.23e-32            
5036       1.9318516526         0.5176380902         1.23e-32            
5037       1.9318516526         0.5176380902         1.23e-32            
5038       1.9318516526         0.5176380902         1.23e-32            
5039       1.9318516526         0.5176380902         1.23e-32            
5040       1.9318516526         0.5176380902         1.23e-32            
5041       1.9318516526         0.5176380902         1.23e-32            
5042       1.9318516526         0.5176380902         1.23e-32            
5043       1.9318516526         0.5176380902         1.23e-32            
5044       1.9318516526         0.5176380902         1.23e-32            
5045       1.9318516526         0.5176380902         1.23e-32            
5046       1.9318516526         0.5176380902         1.23e-32            
5047       1.9318516526         0.5176380902         1.23e-32            
5048       1.9318516526         0.5176380902         1.23e-32            
5049       1.9318516526         0.5176380902         1.23e-32            
5050       1.9318516526         0.5176380902         1.23e-32            
5051       1.9318516526         0.5176380902         1.23e-32            
5052       1.9318516526         0.5176380902         1.23e-32            
5053       1.9318516526         0.5176380902         1.23e-32            
5054       1.9318516526         0.5176380902         1.23e-32            
5055       1.9318516526         0.5176380902         1.23e-32            
5056       1.9318516526         0.5176380902         1.23e-32            
5057       1.9318516526         0.5176380902         1.23e-32            
5058       1.9318516526         0.5176380902         1.23e-32            
5059       1.9318516526         0.5176380902         1.23e-32            
5060       1.9318516526         0.5176380902         1.23e-32            
5061       1.9318516526         0.5176380902         1.23e-32            
5062       1.9318516526         0.5176380902         1.23e-32            
5063       1.9318516526         0.5176380902         1.23e-32            
5064       1.9318516526         0.5176380902         1.23e-32            
5065       1.9318516526         0.5176380902         1.23e-32            
5066       1.9318516526         0.5176380902         1.23e-32            
5067       1.9318516526         0.5176380902         1.23e-32            
5068       1.9318516526         0.5176380902         1.23e-32            
5069       1.9318516526         0.5176380902         1.23e-32            
5070       1.9318516526         0.5176380902         1.23e-32            
5071       1.9318516526         0.5176380902         1.23e-32            
5072       1.9318516526         0.5176380902         1.23e-32            
5073       1.9318516526         0.5176380902         1.23e-32            
5074       1.9318516526         0.5176380902         1.23e-32            
5075       1.9318516526         0.5176380902         1.23e-32            
5076       1.9318516526         0.5176380902         1.23e-32            
5077       1.9318516526         0.5176380902         1.23e-32            
5078       1.9318516526         0.5176380902         1.23e-32            
5079       1.9318516526         0.5176380902         1.23e-32            
5080       1.9318516526         0.5176380902         1.23e-32            
5081       1.9318516526         0.5176380902         1.23e-32            
5082       1.9318516526         0.5176380902         1.23e-32            
5083       1.9318516526         0.5176380902         1.23e-32            
5084       1.9318516526         0.5176380902         1.23e-32            
5085       1.9318516526         0.5176380902         1.23e-32            
5086       1.9318516526         0.5176380902         1.23e-32            
5087       1.9318516526         0.5176380902         1.23e-32            
5088       1.9318516526         0.5176380902         1.23e-32            
5089       1.9318516526         0.5176380902         1.23e-32            
5090       1.9318516526         0.5176380902         1.23e-32            
5091       1.9318516526         0.5176380902         1.23e-32            
5092       1.9318516526         0.5176380902         1.23e-32            
5093       1.9318516526         0.5176380902         1.23e-32            
5094       1.9318516526         0.5176380902         1.23e-32            
5095       1.9318516526         0.5176380902         1.23e-32            
5096       1.9318516526         0.5176380902         1.23e-32            
5097       1.9318516526         0.5176380902         1.23e-32            
5098       1.9318516526         0.5176380902         1.23e-32            
5099       1.9318516526         0.5176380902         1.23e-32            
5100       1.9318516526         0.5176380902         1.23e-32            
5101       1.9318516526         0.5176380902         1.23e-32            
5102       1.9318516526         0.5176380902         1.23e-32            
5103       1.9318516526         0.5176380902         1.23e-32            
5104       1.9318516526         0.5176380902         1.23e-32            
5105       1.9318516526         0.5176380902         1.23e-32            
5106       1.9318516526         0.5176380902         1.23e-32            
5107       1.9318516526         0.5176380902         1.23e-32            
5108       1.9318516526         0.5176380902         1.23e-32            
5109       1.9318516526         0.5176380902         1.23e-32            
5110       1.9318516526         0.5176380902         1.23e-32            
5111       1.9318516526         0.5176380902         1.23e-32            
5112       1.9318516526         0.5176380902         1.23e-32            
5113       1.9318516526         0.5176380902         1.23e-32            
5114       1.9318516526         0.5176380902         1.23e-32            
5115       1.9318516526         0.5176380902         1.23e-32            
5116       1.9318516526         0.5176380902         1.23e-32            
5117       1.9318516526         0.5176380902         1.23e-32            
5118       1.9318516526         0.5176380902         1.23e-32            
5119       1.9318516526         0.5176380902         1.23e-32            
5120       1.9318516526         0.5176380902         1.23e-32            
5121       1.9318516526         0.5176380902         1.23e-32            
5122       1.9318516526         0.5176380902         1.23e-32            
5123       1.9318516526         0.5176380902         1.23e-32            
5124       1.9318516526         0.5176380902         1.23e-32            
5125       1.9318516526         0.5176380902         1.23e-32            
5126       1.9318516526         0.5176380902         1.23e-32            
5127       1.9318516526         0.5176380902         1.23e-32            
5128       1.9318516526         0.5176380902         1.23e-32            
5129       1.9318516526         0.5176380902         1.23e-32            
5130       1.9318516526         0.5176380902         1.23e-32            
5131       1.9318516526         0.5176380902         1.23e-32            
5132       1.9318516526         0.5176380902         1.23e-32            
5133       1.9318516526         0.5176380902         1.23e-32            
5134       1.9318516526         0.5176380902         1.23e-32            
5135       1.9318516526         0.5176380902         1.23e-32            
5136       1.9318516526         0.5176380902         1.23e-32            
5137       1.9318516526         0.5176380902         1.23e-32            
5138       1.9318516526         0.5176380902         1.23e-32            
5139       1.9318516526         0.5176380902         1.23e-32            
5140       1.9318516526         0.5176380902         1.23e-32            
5141       1.9318516526         0.5176380902         1.23e-32            
5142       1.9318516526         0.5176380902         1.23e-32            
5143       1.9318516526         0.5176380902         1.23e-32            
5144       1.9318516526         0.5176380902         1.23e-32            
5145       1.9318516526         0.5176380902         1.23e-32            
5146       1.9318516526         0.5176380902         1.23e-32            
5147       1.9318516526         0.5176380902         1.23e-32            
5148       1.9318516526         0.5176380902         1.23e-32            
5149       1.9318516526         0.5176380902         1.23e-32            
5150       1.9318516526         0.5176380902         1.23e-32            
5151       1.9318516526         0.5176380902         1.23e-32            
5152       1.9318516526         0.5176380902         1.23e-32            
5153       1.9318516526         0.5176380902         1.23e-32            
5154       1.9318516526         0.5176380902         1.23e-32            
5155       1.9318516526         0.5176380902         1.23e-32            
5156       1.9318516526         0.5176380902         1.23e-32            
5157       1.9318516526         0.5176380902         1.23e-32            
5158       1.9318516526         0.5176380902         1.23e-32            
5159       1.9318516526         0.5176380902         1.23e-32            
5160       1.9318516526         0.5176380902         1.23e-32            
5161       1.9318516526         0.5176380902         1.23e-32            
5162       1.9318516526         0.5176380902         1.23e-32            
5163       1.9318516526         0.5176380902         1.23e-32            
5164       1.9318516526         0.5176380902         1.23e-32            
5165       1.9318516526         0.5176380902         1.23e-32            
5166       1.9318516526         0.5176380902         1.23e-32            
5167       1.9318516526         0.5176380902         1.23e-32            
5168       1.9318516526         0.5176380902         1.23e-32            
5169       1.9318516526         0.5176380902         1.23e-32            
5170       1.9318516526         0.5176380902         1.23e-32            
5171       1.9318516526         0.5176380902         1.23e-32            
5172       1.9318516526         0.5176380902         1.23e-32            
5173       1.9318516526         0.5176380902         1.23e-32            
5174       1.9318516526         0.5176380902         1.23e-32            
5175       1.9318516526         0.5176380902         1.23e-32            
5176       1.9318516526         0.5176380902         1.23e-32            
5177       1.9318516526         0.5176380902         1.23e-32            
5178       1.9318516526         0.5176380902         1.23e-32            
5179       1.9318516526         0.5176380902         1.23e-32            
5180       1.9318516526         0.5176380902         1.23e-32            
5181       1.9318516526         0.5176380902         1.23e-32            
5182       1.9318516526         0.5176380902         1.23e-32            
5183       1.9318516526         0.5176380902         1.23e-32            
5184       1.9318516526         0.5176380902         1.23e-32            
5185       1.9318516526         0.5176380902         1.23e-32            
5186       1.9318516526         0.5176380902         1.23e-32            
5187       1.9318516526         0.5176380902         1.23e-32            
5188       1.9318516526         0.5176380902         1.23e-32            
5189       1.9318516526         0.5176380902         1.23e-32            
5190       1.9318516526         0.5176380902         1.23e-32            
5191       1.9318516526         0.5176380902         1.23e-32            
5192       1.9318516526         0.5176380902         1.23e-32            
5193       1.9318516526         0.5176380902         1.23e-32            
5194       1.9318516526         0.5176380902         1.23e-32            
5195       1.9318516526         0.5176380902         1.23e-32            
5196       1.9318516526         0.5176380902         1.23e-32            
5197       1.9318516526         0.5176380902         1.23e-32            
5198       1.9318516526         0.5176380902         1.23e-32            
5199       1.9318516526         0.5176380902         1.23e-32            
5200       1.9318516526         0.5176380902         1.23e-32            
5201       1.9318516526         0.5176380902         1.23e-32            
5202       1.9318516526         0.5176380902         1.23e-32            
5203       1.9318516526         0.5176380902         1.23e-32            
5204       1.9318516526         0.5176380902         1.23e-32            
5205       1.9318516526         0.5176380902         1.23e-32            
5206       1.9318516526         0.5176380902         1.23e-32            
5207       1.9318516526         0.5176380902         1.23e-32            
5208       1.9318516526         0.5176380902         1.23e-32            
5209       1.9318516526         0.5176380902         1.23e-32            
5210       1.9318516526         0.5176380902         1.23e-32            
5211       1.9318516526         0.5176380902         1.23e-32            
5212       1.9318516526         0.5176380902         1.23e-32            
5213       1.9318516526         0.5176380902         1.23e-32            
5214       1.9318516526         0.5176380902         1.23e-32            
5215       1.9318516526         0.5176380902         1.23e-32            
5216       1.9318516526         0.5176380902         1.23e-32            
5217       1.9318516526         0.5176380902         1.23e-32            
5218       1.9318516526         0.5176380902         1.23e-32            
5219       1.9318516526         0.5176380902         1.23e-32            
5220       1.9318516526         0.5176380902         1.23e-32            
5221       1.9318516526         0.5176380902         1.23e-32            
5222       1.9318516526         0.5176380902         1.23e-32            
5223       1.9318516526         0.5176380902         1.23e-32            
5224       1.9318516526         0.5176380902         1.23e-32            
5225       1.9318516526         0.5176380902         1.23e-32            
5226       1.9318516526         0.5176380902         1.23e-32            
5227       1.9318516526         0.5176380902         1.23e-32            
5228       1.9318516526         0.5176380902         1.23e-32            
5229       1.9318516526         0.5176380902         1.23e-32            
5230       1.9318516526         0.5176380902         1.23e-32            
5231       1.9318516526         0.5176380902         1.23e-32            
5232       1.9318516526         0.5176380902         1.23e-32            
5233       1.9318516526         0.5176380902         1.23e-32            
5234       1.9318516526         0.5176380902         1.23e-32            
5235       1.9318516526         0.5176380902         1.23e-32            
5236       1.9318516526         0.5176380902         1.23e-32            
5237       1.9318516526         0.5176380902         1.23e-32            
5238       1.9318516526         0.5176380902         1.23e-32            
5239       1.9318516526         0.5176380902         1.23e-32            
5240       1.9318516526         0.5176380902         1.23e-32            
5241       1.9318516526         0.5176380902         1.23e-32            
5242       1.9318516526         0.5176380902         1.23e-32            
5243       1.9318516526         0.5176380902         1.23e-32            
5244       1.9318516526         0.5176380902         1.23e-32            
5245       1.9318516526         0.5176380902         1.23e-32            
5246       1.9318516526         0.5176380902         1.23e-32            
5247       1.9318516526         0.5176380902         1.23e-32            
5248       1.9318516526         0.5176380902         1.23e-32            
5249       1.9318516526         0.5176380902         1.23e-32            
5250       1.9318516526         0.5176380902         1.23e-32            
5251       1.9318516526         0.5176380902         1.23e-32            
5252       1.9318516526         0.5176380902         1.23e-32            
5253       1.9318516526         0.5176380902         1.23e-32            
5254       1.9318516526         0.5176380902         1.23e-32            
5255       1.9318516526         0.5176380902         1.23e-32            
5256       1.9318516526         0.5176380902         1.23e-32            
5257       1.9318516526         0.5176380902         1.23e-32            
5258       1.9318516526         0.5176380902         1.23e-32            
5259       1.9318516526         0.5176380902         1.23e-32            
5260       1.9318516526         0.5176380902         1.23e-32            
5261       1.9318516526         0.5176380902         1.23e-32            
5262       1.9318516526         0.5176380902         1.23e-32            
5263       1.9318516526         0.5176380902         1.23e-32            
5264       1.9318516526         0.5176380902         1.23e-32            
5265       1.9318516526         0.5176380902         1.23e-32            
5266       1.9318516526         0.5176380902         1.23e-32            
5267       1.9318516526         0.5176380902         1.23e-32            
5268       1.9318516526         0.5176380902         1.23e-32            
5269       1.9318516526         0.5176380902         1.23e-32            
5270       1.9318516526         0.5176380902         1.23e-32            
5271       1.9318516526         0.5176380902         1.23e-32            
5272       1.9318516526         0.5176380902         1.23e-32            
5273       1.9318516526         0.5176380902         1.23e-32            
5274       1.9318516526         0.5176380902         1.23e-32            
5275       1.9318516526         0.5176380902         1.23e-32            
5276       1.9318516526         0.5176380902         1.23e-32            
5277       1.9318516526         0.5176380902         1.23e-32            
5278       1.9318516526         0.5176380902         1.23e-32            
5279       1.9318516526         0.5176380902         1.23e-32            
5280       1.9318516526         0.5176380902         1.23e-32            
5281       1.9318516526         0.5176380902         1.23e-32            
5282       1.9318516526         0.5176380902         1.23e-32            
5283       1.9318516526         0.5176380902         1.23e-32            
5284       1.9318516526         0.5176380902         1.23e-32            
5285       1.9318516526         0.5176380902         1.23e-32            
5286       1.9318516526         0.5176380902         1.23e-32            
5287       1.9318516526         0.5176380902         1.23e-32            
5288       1.9318516526         0.5176380902         1.23e-32            
5289       1.9318516526         0.5176380902         1.23e-32            
5290       1.9318516526         0.5176380902         1.23e-32            
5291       1.9318516526         0.5176380902         1.23e-32            
5292       1.9318516526         0.5176380902         1.23e-32            
5293       1.9318516526         0.5176380902         1.23e-32            
5294       1.9318516526         0.5176380902         1.23e-32            
5295       1.9318516526         0.5176380902         1.23e-32            
5296       1.9318516526         0.5176380902         1.23e-32            
5297       1.9318516526         0.5176380902         1.23e-32            
5298       1.9318516526         0.5176380902         1.23e-32            
5299       1.9318516526         0.5176380902         1.23e-32            
5300       1.9318516526         0.5176380902         1.23e-32            
5301       1.9318516526         0.5176380902         1.23e-32            
5302       1.9318516526         0.5176380902         1.23e-32            
5303       1.9318516526         0.5176380902         1.23e-32            
5304       1.9318516526         0.5176380902         1.23e-32            
5305       1.9318516526         0.5176380902         1.23e-32            
5306       1.9318516526         0.5176380902         1.23e-32            
5307       1.9318516526         0.5176380902         1.23e-32            
5308       1.9318516526         0.5176380902         1.23e-32            
5309       1.9318516526         0.5176380902         1.23e-32            
5310       1.9318516526         0.5176380902         1.23e-32            
5311       1.9318516526         0.5176380902         1.23e-32            
5312       1.9318516526         0.5176380902         1.23e-32            
5313       1.9318516526         0.5176380902         1.23e-32            
5314       1.9318516526         0.5176380902         1.23e-32            
5315       1.9318516526         0.5176380902         1.23e-32            
5316       1.9318516526         0.5176380902         1.23e-32            
5317       1.9318516526         0.5176380902         1.23e-32            
5318       1.9318516526         0.5176380902         1.23e-32            
5319       1.9318516526         0.5176380902         1.23e-32            
5320       1.9318516526         0.5176380902         1.23e-32            
5321       1.9318516526         0.5176380902         1.23e-32            
5322       1.9318516526         0.5176380902         1.23e-32            
5323       1.9318516526         0.5176380902         1.23e-32            
5324       1.9318516526         0.5176380902         1.23e-32            
5325       1.9318516526         0.5176380902         1.23e-32            
5326       1.9318516526         0.5176380902         1.23e-32            
5327       1.9318516526         0.5176380902         1.23e-32            
5328       1.9318516526         0.5176380902         1.23e-32            
5329       1.9318516526         0.5176380902         1.23e-32            
5330       1.9318516526         0.5176380902         1.23e-32            
5331       1.9318516526         0.5176380902         1.23e-32            
5332       1.9318516526         0.5176380902         1.23e-32            
5333       1.9318516526         0.5176380902         1.23e-32            
5334       1.9318516526         0.5176380902         1.23e-32            
5335       1.9318516526         0.5176380902         1.23e-32            
5336       1.9318516526         0.5176380902         1.23e-32            
5337       1.9318516526         0.5176380902         1.23e-32            
5338       1.9318516526         0.5176380902         1.23e-32            
5339       1.9318516526         0.5176380902         1.23e-32            
5340       1.9318516526         0.5176380902         1.23e-32            
5341       1.9318516526         0.5176380902         1.23e-32            
5342       1.9318516526         0.5176380902         1.23e-32            
5343       1.9318516526         0.5176380902         1.23e-32            
5344       1.9318516526         0.5176380902         1.23e-32            
5345       1.9318516526         0.5176380902         1.23e-32            
5346       1.9318516526         0.5176380902         1.23e-32            
5347       1.9318516526         0.5176380902         1.23e-32            
5348       1.9318516526         0.5176380902         1.23e-32            
5349       1.9318516526         0.5176380902         1.23e-32            
5350       1.9318516526         0.5176380902         1.23e-32            
5351       1.9318516526         0.5176380902         1.23e-32            
5352       1.9318516526         0.5176380902         1.23e-32            
5353       1.9318516526         0.5176380902         1.23e-32            
5354       1.9318516526         0.5176380902         1.23e-32            
5355       1.9318516526         0.5176380902         1.23e-32            
5356       1.9318516526         0.5176380902         1.23e-32            
5357       1.9318516526         0.5176380902         1.23e-32            
5358       1.9318516526         0.5176380902         1.23e-32            
5359       1.9318516526         0.5176380902         1.23e-32            
5360       1.9318516526         0.5176380902         1.23e-32            
5361       1.9318516526         0.5176380902         1.23e-32            
5362       1.9318516526         0.5176380902         1.23e-32            
5363       1.9318516526         0.5176380902         1.23e-32            
5364       1.9318516526         0.5176380902         1.23e-32            
5365       1.9318516526         0.5176380902         1.23e-32            
5366       1.9318516526         0.5176380902         1.23e-32            
5367       1.9318516526         0.5176380902         1.23e-32            
5368       1.9318516526         0.5176380902         1.23e-32            
5369       1.9318516526         0.5176380902         1.23e-32            
5370       1.9318516526         0.5176380902         1.23e-32            
5371       1.9318516526         0.5176380902         1.23e-32            
5372       1.9318516526         0.5176380902         1.23e-32            
5373       1.9318516526         0.5176380902         1.23e-32            
5374       1.9318516526         0.5176380902         1.23e-32            
5375       1.9318516526         0.5176380902         1.23e-32            
5376       1.9318516526         0.5176380902         1.23e-32            
5377       1.9318516526         0.5176380902         1.23e-32            
5378       1.9318516526         0.5176380902         1.23e-32            
5379       1.9318516526         0.5176380902         1.23e-32            
5380       1.9318516526         0.5176380902         1.23e-32            
5381       1.9318516526         0.5176380902         1.23e-32            
5382       1.9318516526         0.5176380902         1.23e-32            
5383       1.9318516526         0.5176380902         1.23e-32            
5384       1.9318516526         0.5176380902         1.23e-32            
5385       1.9318516526         0.5176380902         1.23e-32            
5386       1.9318516526         0.5176380902         1.23e-32            
5387       1.9318516526         0.5176380902         1.23e-32            
5388       1.9318516526         0.5176380902         1.23e-32            
5389       1.9318516526         0.5176380902         1.23e-32            
5390       1.9318516526         0.5176380902         1.23e-32            
5391       1.9318516526         0.5176380902         1.23e-32            
5392       1.9318516526         0.5176380902         1.23e-32            
5393       1.9318516526         0.5176380902         1.23e-32            
5394       1.9318516526         0.5176380902         1.23e-32            
5395       1.9318516526         0.5176380902         1.23e-32            
5396       1.9318516526         0.5176380902         1.23e-32            
5397       1.9318516526         0.5176380902         1.23e-32            
5398       1.9318516526         0.5176380902         1.23e-32            
5399       1.9318516526         0.5176380902         1.23e-32            
5400       1.9318516526         0.5176380902         1.23e-32            
5401       1.9318516526         0.5176380902         1.23e-32            
5402       1.9318516526         0.5176380902         1.23e-32            
5403       1.9318516526         0.5176380902         1.23e-32            
5404       1.9318516526         0.5176380902         1.23e-32            
5405       1.9318516526         0.5176380902         1.23e-32            
5406       1.9318516526         0.5176380902         1.23e-32            
5407       1.9318516526         0.5176380902         1.23e-32            
5408       1.9318516526         0.5176380902         1.23e-32            
5409       1.9318516526         0.5176380902         1.23e-32            
5410       1.9318516526         0.5176380902         1.23e-32            
5411       1.9318516526         0.5176380902         1.23e-32            
5412       1.9318516526         0.5176380902         1.23e-32            
5413       1.9318516526         0.5176380902         1.23e-32            
5414       1.9318516526         0.5176380902         1.23e-32            
5415       1.9318516526         0.5176380902         1.23e-32            
5416       1.9318516526         0.5176380902         1.23e-32            
5417       1.9318516526         0.5176380902         1.23e-32            
5418       1.9318516526         0.5176380902         1.23e-32            
5419       1.9318516526         0.5176380902         1.23e-32            
5420       1.9318516526         0.5176380902         1.23e-32            
5421       1.9318516526         0.5176380902         1.23e-32            
5422       1.9318516526         0.5176380902         1.23e-32            
5423       1.9318516526         0.5176380902         1.23e-32            
5424       1.9318516526         0.5176380902         1.23e-32            
5425       1.9318516526         0.5176380902         1.23e-32            
5426       1.9318516526         0.5176380902         1.23e-32            
5427       1.9318516526         0.5176380902         1.23e-32            
5428       1.9318516526         0.5176380902         1.23e-32            
5429       1.9318516526         0.5176380902         1.23e-32            
5430       1.9318516526         0.5176380902         1.23e-32            
5431       1.9318516526         0.5176380902         1.23e-32            
5432       1.9318516526         0.5176380902         1.23e-32            
5433       1.9318516526         0.5176380902         1.23e-32            
5434       1.9318516526         0.5176380902         1.23e-32            
5435       1.9318516526         0.5176380902         1.23e-32            
5436       1.9318516526         0.5176380902         1.23e-32            
5437       1.9318516526         0.5176380902         1.23e-32            
5438       1.9318516526         0.5176380902         1.23e-32            
5439       1.9318516526         0.5176380902         1.23e-32            
5440       1.9318516526         0.5176380902         1.23e-32            
5441       1.9318516526         0.5176380902         1.23e-32            
5442       1.9318516526         0.5176380902         1.23e-32            
5443       1.9318516526         0.5176380902         1.23e-32            
5444       1.9318516526         0.5176380902         1.23e-32            
5445       1.9318516526         0.5176380902         1.23e-32            
5446       1.9318516526         0.5176380902         1.23e-32            
5447       1.9318516526         0.5176380902         1.23e-32            
5448       1.9318516526         0.5176380902         1.23e-32            
5449       1.9318516526         0.5176380902         1.23e-32            
5450       1.9318516526         0.5176380902         1.23e-32            
5451       1.9318516526         0.5176380902         1.23e-32            
5452       1.9318516526         0.5176380902         1.23e-32            
5453       1.9318516526         0.5176380902         1.23e-32            
5454       1.9318516526         0.5176380902         1.23e-32            
5455       1.9318516526         0.5176380902         1.23e-32            
5456       1.9318516526         0.5176380902         1.23e-32            
5457       1.9318516526         0.5176380902         1.23e-32            
5458       1.9318516526         0.5176380902         1.23e-32            
5459       1.9318516526         0.5176380902         1.23e-32            
5460       1.9318516526         0.5176380902         1.23e-32            
5461       1.9318516526         0.5176380902         1.23e-32            
5462       1.9318516526         0.5176380902         1.23e-32            
5463       1.9318516526         0.5176380902         1.23e-32            
5464       1.9318516526         0.5176380902         1.23e-32            
5465       1.9318516526         0.5176380902         1.23e-32            
5466       1.9318516526         0.5176380902         1.23e-32            
5467       1.9318516526         0.5176380902         1.23e-32            
5468       1.9318516526         0.5176380902         1.23e-32            
5469       1.9318516526         0.5176380902         1.23e-32            
5470       1.9318516526         0.5176380902         1.23e-32            
5471       1.9318516526         0.5176380902         1.23e-32            
5472       1.9318516526         0.5176380902         1.23e-32            
5473       1.9318516526         0.5176380902         1.23e-32            
5474       1.9318516526         0.5176380902         1.23e-32            
5475       1.9318516526         0.5176380902         1.23e-32            
5476       1.9318516526         0.5176380902         1.23e-32            
5477       1.9318516526         0.5176380902         1.23e-32            
5478       1.9318516526         0.5176380902         1.23e-32            
5479       1.9318516526         0.5176380902         1.23e-32            
5480       1.9318516526         0.5176380902         1.23e-32            
5481       1.9318516526         0.5176380902         1.23e-32            
5482       1.9318516526         0.5176380902         1.23e-32            
5483       1.9318516526         0.5176380902         1.23e-32            
5484       1.9318516526         0.5176380902         1.23e-32            
5485       1.9318516526         0.5176380902         1.23e-32            
5486       1.9318516526         0.5176380902         1.23e-32            
5487       1.9318516526         0.5176380902         1.23e-32            
5488       1.9318516526         0.5176380902         1.23e-32            
5489       1.9318516526         0.5176380902         1.23e-32            
5490       1.9318516526         0.5176380902         1.23e-32            
5491       1.9318516526         0.5176380902         1.23e-32            
5492       1.9318516526         0.5176380902         1.23e-32            
5493       1.9318516526         0.5176380902         1.23e-32            
5494       1.9318516526         0.5176380902         1.23e-32            
5495       1.9318516526         0.5176380902         1.23e-32            
5496       1.9318516526         0.5176380902         1.23e-32            
5497       1.9318516526         0.5176380902         1.23e-32            
5498       1.9318516526         0.5176380902         1.23e-32            
5499       1.9318516526         0.5176380902         1.23e-32            
5500       1.9318516526         0.5176380902         1.23e-32            
5501       1.9318516526         0.5176380902         1.23e-32            
5502       1.9318516526         0.5176380902         1.23e-32            
5503       1.9318516526         0.5176380902         1.23e-32            
5504       1.9318516526         0.5176380902         1.23e-32            
5505       1.9318516526         0.5176380902         1.23e-32            
5506       1.9318516526         0.5176380902         1.23e-32            
5507       1.9318516526         0.5176380902         1.23e-32            
5508       1.9318516526         0.5176380902         1.23e-32            
5509       1.9318516526         0.5176380902         1.23e-32            
5510       1.9318516526         0.5176380902         1.23e-32            
5511       1.9318516526         0.5176380902         1.23e-32            
5512       1.9318516526         0.5176380902         1.23e-32            
5513       1.9318516526         0.5176380902         1.23e-32            
5514       1.9318516526         0.5176380902         1.23e-32            
5515       1.9318516526         0.5176380902         1.23e-32            
5516       1.9318516526         0.5176380902         1.23e-32            
5517       1.9318516526         0.5176380902         1.23e-32            
5518       1.9318516526         0.5176380902         1.23e-32            
5519       1.9318516526         0.5176380902         1.23e-32            
5520       1.9318516526         0.5176380902         1.23e-32            
5521       1.9318516526         0.5176380902         1.23e-32            
5522       1.9318516526         0.5176380902         1.23e-32            
5523       1.9318516526         0.5176380902         1.23e-32            
5524       1.9318516526         0.5176380902         1.23e-32            
5525       1.9318516526         0.5176380902         1.23e-32            
5526       1.9318516526         0.5176380902         1.23e-32            
5527       1.9318516526         0.5176380902         1.23e-32            
5528       1.9318516526         0.5176380902         1.23e-32            
5529       1.9318516526         0.5176380902         1.23e-32            
5530       1.9318516526         0.5176380902         1.23e-32            
5531       1.9318516526         0.5176380902         1.23e-32            
5532       1.9318516526         0.5176380902         1.23e-32            
5533       1.9318516526         0.5176380902         1.23e-32            
5534       1.9318516526         0.5176380902         1.23e-32            
5535       1.9318516526         0.5176380902         1.23e-32            
5536       1.9318516526         0.5176380902         1.23e-32            
5537       1.9318516526         0.5176380902         1.23e-32            
5538       1.9318516526         0.5176380902         1.23e-32            
5539       1.9318516526         0.5176380902         1.23e-32            
5540       1.9318516526         0.5176380902         1.23e-32            
5541       1.9318516526         0.5176380902         1.23e-32            
5542       1.9318516526         0.5176380902         1.23e-32            
5543       1.9318516526         0.5176380902         1.23e-32            
5544       1.9318516526         0.5176380902         1.23e-32            
5545       1.9318516526         0.5176380902         1.23e-32            
5546       1.9318516526         0.5176380902         1.23e-32            
5547       1.9318516526         0.5176380902         1.23e-32            
5548       1.9318516526         0.5176380902         1.23e-32            
5549       1.9318516526         0.5176380902         1.23e-32            
5550       1.9318516526         0.5176380902         1.23e-32            
5551       1.9318516526         0.5176380902         1.23e-32            
5552       1.9318516526         0.5176380902         1.23e-32            
5553       1.9318516526         0.5176380902         1.23e-32            
5554       1.9318516526         0.5176380902         1.23e-32            
5555       1.9318516526         0.5176380902         1.23e-32            
5556       1.9318516526         0.5176380902         1.23e-32            
5557       1.9318516526         0.5176380902         1.23e-32            
5558       1.9318516526         0.5176380902         1.23e-32            
5559       1.9318516526         0.5176380902         1.23e-32            
5560       1.9318516526         0.5176380902         1.23e-32            
5561       1.9318516526         0.5176380902         1.23e-32            
5562       1.9318516526         0.5176380902         1.23e-32            
5563       1.9318516526         0.5176380902         1.23e-32            
5564       1.9318516526         0.5176380902         1.23e-32            
5565       1.9318516526         0.5176380902         1.23e-32            
5566       1.9318516526         0.5176380902         1.23e-32            
5567       1.9318516526         0.5176380902         1.23e-32            
5568       1.9318516526         0.5176380902         1.23e-32            
5569       1.9318516526         0.5176380902         1.23e-32            
5570       1.9318516526         0.5176380902         1.23e-32            
5571       1.9318516526         0.5176380902         1.23e-32            
5572       1.9318516526         0.5176380902         1.23e-32            
5573       1.9318516526         0.5176380902         1.23e-32            
5574       1.9318516526         0.5176380902         1.23e-32            
5575       1.9318516526         0.5176380902         1.23e-32            
5576       1.9318516526         0.5176380902         1.23e-32            
5577       1.9318516526         0.5176380902         1.23e-32            
5578       1.9318516526         0.5176380902         1.23e-32            
5579       1.9318516526         0.5176380902         1.23e-32            
5580       1.9318516526         0.5176380902         1.23e-32            
5581       1.9318516526         0.5176380902         1.23e-32            
5582       1.9318516526         0.5176380902         1.23e-32            
5583       1.9318516526         0.5176380902         1.23e-32            
5584       1.9318516526         0.5176380902         1.23e-32            
5585       1.9318516526         0.5176380902         1.23e-32            
5586       1.9318516526         0.5176380902         1.23e-32            
5587       1.9318516526         0.5176380902         1.23e-32            
5588       1.9318516526         0.5176380902         1.23e-32            
5589       1.9318516526         0.5176380902         1.23e-32            
5590       1.9318516526         0.5176380902         1.23e-32            
5591       1.9318516526         0.5176380902         1.23e-32            
5592       1.9318516526         0.5176380902         1.23e-32            
5593       1.9318516526         0.5176380902         1.23e-32            
5594       1.9318516526         0.5176380902         1.23e-32            
5595       1.9318516526         0.5176380902         1.23e-32            
5596       1.9318516526         0.5176380902         1.23e-32            
5597       1.9318516526         0.5176380902         1.23e-32            
5598       1.9318516526         0.5176380902         1.23e-32            
5599       1.9318516526         0.5176380902         1.23e-32            
5600       1.9318516526         0.5176380902         1.23e-32            
5601       1.9318516526         0.5176380902         1.23e-32            
5602       1.9318516526         0.5176380902         1.23e-32            
5603       1.9318516526         0.5176380902         1.23e-32            
5604       1.9318516526         0.5176380902         1.23e-32            
5605       1.9318516526         0.5176380902         1.23e-32            
5606       1.9318516526         0.5176380902         1.23e-32            
5607       1.9318516526         0.5176380902         1.23e-32            
5608       1.9318516526         0.5176380902         1.23e-32            
5609       1.9318516526         0.5176380902         1.23e-32            
5610       1.9318516526         0.5176380902         1.23e-32            
5611       1.9318516526         0.5176380902         1.23e-32            
5612       1.9318516526         0.5176380902         1.23e-32            
5613       1.9318516526         0.5176380902         1.23e-32            
5614       1.9318516526         0.5176380902         1.23e-32            
5615       1.9318516526         0.5176380902         1.23e-32            
5616       1.9318516526         0.5176380902         1.23e-32            
5617       1.9318516526         0.5176380902         1.23e-32            
5618       1.9318516526         0.5176380902         1.23e-32            
5619       1.9318516526         0.5176380902         1.23e-32            
5620       1.9318516526         0.5176380902         1.23e-32            
5621       1.9318516526         0.5176380902         1.23e-32            
5622       1.9318516526         0.5176380902         1.23e-32            
5623       1.9318516526         0.5176380902         1.23e-32            
5624       1.9318516526         0.5176380902         1.23e-32            
5625       1.9318516526         0.5176380902         1.23e-32            
5626       1.9318516526         0.5176380902         1.23e-32            
5627       1.9318516526         0.5176380902         1.23e-32            
5628       1.9318516526         0.5176380902         1.23e-32            
5629       1.9318516526         0.5176380902         1.23e-32            
5630       1.9318516526         0.5176380902         1.23e-32            
5631       1.9318516526         0.5176380902         1.23e-32            
5632       1.9318516526         0.5176380902         1.23e-32            
5633       1.9318516526         0.5176380902         1.23e-32            
5634       1.9318516526         0.5176380902         1.23e-32            
5635       1.9318516526         0.5176380902         1.23e-32            
5636       1.9318516526         0.5176380902         1.23e-32            
5637       1.9318516526         0.5176380902         1.23e-32            
5638       1.9318516526         0.5176380902         1.23e-32            
5639       1.9318516526         0.5176380902         1.23e-32            
5640       1.9318516526         0.5176380902         1.23e-32            
5641       1.9318516526         0.5176380902         1.23e-32            
5642       1.9318516526         0.5176380902         1.23e-32            
5643       1.9318516526         0.5176380902         1.23e-32            
5644       1.9318516526         0.5176380902         1.23e-32            
5645       1.9318516526         0.5176380902         1.23e-32            
5646       1.9318516526         0.5176380902         1.23e-32            
5647       1.9318516526         0.5176380902         1.23e-32            
5648       1.9318516526         0.5176380902         1.23e-32            
5649       1.9318516526         0.5176380902         1.23e-32            
5650       1.9318516526         0.5176380902         1.23e-32            
5651       1.9318516526         0.5176380902         1.23e-32            
5652       1.9318516526         0.5176380902         1.23e-32            
5653       1.9318516526         0.5176380902         1.23e-32            
5654       1.9318516526         0.5176380902         1.23e-32            
5655       1.9318516526         0.5176380902         1.23e-32            
5656       1.9318516526         0.5176380902         1.23e-32            
5657       1.9318516526         0.5176380902         1.23e-32            
5658       1.9318516526         0.5176380902         1.23e-32            
5659       1.9318516526         0.5176380902         1.23e-32            
5660       1.9318516526         0.5176380902         1.23e-32            
5661       1.9318516526         0.5176380902         1.23e-32            
5662       1.9318516526         0.5176380902         1.23e-32            
5663       1.9318516526         0.5176380902         1.23e-32            
5664       1.9318516526         0.5176380902         1.23e-32            
5665       1.9318516526         0.5176380902         1.23e-32            
5666       1.9318516526         0.5176380902         1.23e-32            
5667       1.9318516526         0.5176380902         1.23e-32            
5668       1.9318516526         0.5176380902         1.23e-32            
5669       1.9318516526         0.5176380902         1.23e-32            
5670       1.9318516526         0.5176380902         1.23e-32            
5671       1.9318516526         0.5176380902         1.23e-32            
5672       1.9318516526         0.5176380902         1.23e-32            
5673       1.9318516526         0.5176380902         1.23e-32            
5674       1.9318516526         0.5176380902         1.23e-32            
5675       1.9318516526         0.5176380902         1.23e-32            
5676       1.9318516526         0.5176380902         1.23e-32            
5677       1.9318516526         0.5176380902         1.23e-32            
5678       1.9318516526         0.5176380902         1.23e-32            
5679       1.9318516526         0.5176380902         1.23e-32            
5680       1.9318516526         0.5176380902         1.23e-32            
5681       1.9318516526         0.5176380902         1.23e-32            
5682       1.9318516526         0.5176380902         1.23e-32            
5683       1.9318516526         0.5176380902         1.23e-32            
5684       1.9318516526         0.5176380902         1.23e-32            
5685       1.9318516526         0.5176380902         1.23e-32            
5686       1.9318516526         0.5176380902         1.23e-32            
5687       1.9318516526         0.5176380902         1.23e-32            
5688       1.9318516526         0.5176380902         1.23e-32            
5689       1.9318516526         0.5176380902         1.23e-32            
5690       1.9318516526         0.5176380902         1.23e-32            
5691       1.9318516526         0.5176380902         1.23e-32            
5692       1.9318516526         0.5176380902         1.23e-32            
5693       1.9318516526         0.5176380902         1.23e-32            
5694       1.9318516526         0.5176380902         1.23e-32            
5695       1.9318516526         0.5176380902         1.23e-32            
5696       1.9318516526         0.5176380902         1.23e-32            
5697       1.9318516526         0.5176380902         1.23e-32            
5698       1.9318516526         0.5176380902         1.23e-32            
5699       1.9318516526         0.5176380902         1.23e-32            
5700       1.9318516526         0.5176380902         1.23e-32            
5701       1.9318516526         0.5176380902         1.23e-32            
5702       1.9318516526         0.5176380902         1.23e-32            
5703       1.9318516526         0.5176380902         1.23e-32            
5704       1.9318516526         0.5176380902         1.23e-32            
5705       1.9318516526         0.5176380902         1.23e-32            
5706       1.9318516526         0.5176380902         1.23e-32            
5707       1.9318516526         0.5176380902         1.23e-32            
5708       1.9318516526         0.5176380902         1.23e-32            
5709       1.9318516526         0.5176380902         1.23e-32            
5710       1.9318516526         0.5176380902         1.23e-32            
5711       1.9318516526         0.5176380902         1.23e-32            
5712       1.9318516526         0.5176380902         1.23e-32            
5713       1.9318516526         0.5176380902         1.23e-32            
5714       1.9318516526         0.5176380902         1.23e-32            
5715       1.9318516526         0.5176380902         1.23e-32            
5716       1.9318516526         0.5176380902         1.23e-32            
5717       1.9318516526         0.5176380902         1.23e-32            
5718       1.9318516526         0.5176380902         1.23e-32            
5719       1.9318516526         0.5176380902         1.23e-32            
5720       1.9318516526         0.5176380902         1.23e-32            
5721       1.9318516526         0.5176380902         1.23e-32            
5722       1.9318516526         0.5176380902         1.23e-32            
5723       1.9318516526         0.5176380902         1.23e-32            
5724       1.9318516526         0.5176380902         1.23e-32            
5725       1.9318516526         0.5176380902         1.23e-32            
5726       1.9318516526         0.5176380902         1.23e-32            
5727       1.9318516526         0.5176380902         1.23e-32            
5728       1.9318516526         0.5176380902         1.23e-32            
5729       1.9318516526         0.5176380902         1.23e-32            
5730       1.9318516526         0.5176380902         1.23e-32            
5731       1.9318516526         0.5176380902         1.23e-32            
5732       1.9318516526         0.5176380902         1.23e-32            
5733       1.9318516526         0.5176380902         1.23e-32            
5734       1.9318516526         0.5176380902         1.23e-32            
5735       1.9318516526         0.5176380902         1.23e-32            
5736       1.9318516526         0.5176380902         1.23e-32            
5737       1.9318516526         0.5176380902         1.23e-32            
5738       1.9318516526         0.5176380902         1.23e-32            
5739       1.9318516526         0.5176380902         1.23e-32            
5740       1.9318516526         0.5176380902         1.23e-32            
5741       1.9318516526         0.5176380902         1.23e-32            
5742       1.9318516526         0.5176380902         1.23e-32            
5743       1.9318516526         0.5176380902         1.23e-32            
5744       1.9318516526         0.5176380902         1.23e-32            
5745       1.9318516526         0.5176380902         1.23e-32            
5746       1.9318516526         0.5176380902         1.23e-32            
5747       1.9318516526         0.5176380902         1.23e-32            
5748       1.9318516526         0.5176380902         1.23e-32            
5749       1.9318516526         0.5176380902         1.23e-32            
5750       1.9318516526         0.5176380902         1.23e-32            
5751       1.9318516526         0.5176380902         1.23e-32            
5752       1.9318516526         0.5176380902         1.23e-32            
5753       1.9318516526         0.5176380902         1.23e-32            
5754       1.9318516526         0.5176380902         1.23e-32            
5755       1.9318516526         0.5176380902         1.23e-32            
5756       1.9318516526         0.5176380902         1.23e-32            
5757       1.9318516526         0.5176380902         1.23e-32            
5758       1.9318516526         0.5176380902         1.23e-32            
5759       1.9318516526         0.5176380902         1.23e-32            
5760       1.9318516526         0.5176380902         1.23e-32            
5761       1.9318516526         0.5176380902         1.23e-32            
5762       1.9318516526         0.5176380902         1.23e-32            
5763       1.9318516526         0.5176380902         1.23e-32            
5764       1.9318516526         0.5176380902         1.23e-32            
5765       1.9318516526         0.5176380902         1.23e-32            
5766       1.9318516526         0.5176380902         1.23e-32            
5767       1.9318516526         0.5176380902         1.23e-32            
5768       1.9318516526         0.5176380902         1.23e-32            
5769       1.9318516526         0.5176380902         1.23e-32            
5770       1.9318516526         0.5176380902         1.23e-32            
5771       1.9318516526         0.5176380902         1.23e-32            
5772       1.9318516526         0.5176380902         1.23e-32            
5773       1.9318516526         0.5176380902         1.23e-32            
5774       1.9318516526         0.5176380902         1.23e-32            
5775       1.9318516526         0.5176380902         1.23e-32            
5776       1.9318516526         0.5176380902         1.23e-32            
5777       1.9318516526         0.5176380902         1.23e-32            
5778       1.9318516526         0.5176380902         1.23e-32            
5779       1.9318516526         0.5176380902         1.23e-32            
5780       1.9318516526         0.5176380902         1.23e-32            
5781       1.9318516526         0.5176380902         1.23e-32            
5782       1.9318516526         0.5176380902         1.23e-32            
5783       1.9318516526         0.5176380902         1.23e-32            
5784       1.9318516526         0.5176380902         1.23e-32            
5785       1.9318516526         0.5176380902         1.23e-32            
5786       1.9318516526         0.5176380902         1.23e-32            
5787       1.9318516526         0.5176380902         1.23e-32            
5788       1.9318516526         0.5176380902         1.23e-32            
5789       1.9318516526         0.5176380902         1.23e-32            
5790       1.9318516526         0.5176380902         1.23e-32            
5791       1.9318516526         0.5176380902         1.23e-32            
5792       1.9318516526         0.5176380902         1.23e-32            
5793       1.9318516526         0.5176380902         1.23e-32            
5794       1.9318516526         0.5176380902         1.23e-32            
5795       1.9318516526         0.5176380902         1.23e-32            
5796       1.9318516526         0.5176380902         1.23e-32            
5797       1.9318516526         0.5176380902         1.23e-32            
5798       1.9318516526         0.5176380902         1.23e-32            
5799       1.9318516526         0.5176380902         1.23e-32            
5800       1.9318516526         0.5176380902         1.23e-32            
5801       1.9318516526         0.5176380902         1.23e-32            
5802       1.9318516526         0.5176380902         1.23e-32            
5803       1.9318516526         0.5176380902         1.23e-32            
5804       1.9318516526         0.5176380902         1.23e-32            
5805       1.9318516526         0.5176380902         1.23e-32            
5806       1.9318516526         0.5176380902         1.23e-32            
5807       1.9318516526         0.5176380902         1.23e-32            
5808       1.9318516526         0.5176380902         1.23e-32            
5809       1.9318516526         0.5176380902         1.23e-32            
5810       1.9318516526         0.5176380902         1.23e-32            
5811       1.9318516526         0.5176380902         1.23e-32            
5812       1.9318516526         0.5176380902         1.23e-32            
5813       1.9318516526         0.5176380902         1.23e-32            
5814       1.9318516526         0.5176380902         1.23e-32            
5815       1.9318516526         0.5176380902         1.23e-32            
5816       1.9318516526         0.5176380902         1.23e-32            
5817       1.9318516526         0.5176380902         1.23e-32            
5818       1.9318516526         0.5176380902         1.23e-32            
5819       1.9318516526         0.5176380902         1.23e-32            
5820       1.9318516526         0.5176380902         1.23e-32            
5821       1.9318516526         0.5176380902         1.23e-32            
5822       1.9318516526         0.5176380902         1.23e-32            
5823       1.9318516526         0.5176380902         1.23e-32            
5824       1.9318516526         0.5176380902         1.23e-32            
5825       1.9318516526         0.5176380902         1.23e-32            
5826       1.9318516526         0.5176380902         1.23e-32            
5827       1.9318516526         0.5176380902         1.23e-32            
5828       1.9318516526         0.5176380902         1.23e-32            
5829       1.9318516526         0.5176380902         1.23e-32            
5830       1.9318516526         0.5176380902         1.23e-32            
5831       1.9318516526         0.5176380902         1.23e-32            
5832       1.9318516526         0.5176380902         1.23e-32            
5833       1.9318516526         0.5176380902         1.23e-32            
5834       1.9318516526         0.5176380902         1.23e-32            
5835       1.9318516526         0.5176380902         1.23e-32            
5836       1.9318516526         0.5176380902         1.23e-32            
5837       1.9318516526         0.5176380902         1.23e-32            
5838       1.9318516526         0.5176380902         1.23e-32            
5839       1.9318516526         0.5176380902         1.23e-32            
5840       1.9318516526         0.5176380902         1.23e-32            
5841       1.9318516526         0.5176380902         1.23e-32            
5842       1.9318516526         0.5176380902         1.23e-32            
5843       1.9318516526         0.5176380902         1.23e-32            
5844       1.9318516526         0.5176380902         1.23e-32            
5845       1.9318516526         0.5176380902         1.23e-32            
5846       1.9318516526         0.5176380902         1.23e-32            
5847       1.9318516526         0.5176380902         1.23e-32            
5848       1.9318516526         0.5176380902         1.23e-32            
5849       1.9318516526         0.5176380902         1.23e-32            
5850       1.9318516526         0.5176380902         1.23e-32            
5851       1.9318516526         0.5176380902         1.23e-32            
5852       1.9318516526         0.5176380902         1.23e-32            
5853       1.9318516526         0.5176380902         1.23e-32            
5854       1.9318516526         0.5176380902         1.23e-32            
5855       1.9318516526         0.5176380902         1.23e-32            
5856       1.9318516526         0.5176380902         1.23e-32            
5857       1.9318516526         0.5176380902         1.23e-32            
5858       1.9318516526         0.5176380902         1.23e-32            
5859       1.9318516526         0.5176380902         1.23e-32            
5860       1.9318516526         0.5176380902         1.23e-32            
5861       1.9318516526         0.5176380902         1.23e-32            
5862       1.9318516526         0.5176380902         1.23e-32            
5863       1.9318516526         0.5176380902         1.23e-32            
5864       1.9318516526         0.5176380902         1.23e-32            
5865       1.9318516526         0.5176380902         1.23e-32            
5866       1.9318516526         0.5176380902         1.23e-32            
5867       1.9318516526         0.5176380902         1.23e-32            
5868       1.9318516526         0.5176380902         1.23e-32            
5869       1.9318516526         0.5176380902         1.23e-32            
5870       1.9318516526         0.5176380902         1.23e-32            
5871       1.9318516526         0.5176380902         1.23e-32            
5872       1.9318516526         0.5176380902         1.23e-32            
5873       1.9318516526         0.5176380902         1.23e-32            
5874       1.9318516526         0.5176380902         1.23e-32            
5875       1.9318516526         0.5176380902         1.23e-32            
5876       1.9318516526         0.5176380902         1.23e-32            
5877       1.9318516526         0.5176380902         1.23e-32            
5878       1.9318516526         0.5176380902         1.23e-32            
5879       1.9318516526         0.5176380902         1.23e-32            
5880       1.9318516526         0.5176380902         1.23e-32            
5881       1.9318516526         0.5176380902         1.23e-32            
5882       1.9318516526         0.5176380902         1.23e-32            
5883       1.9318516526         0.5176380902         1.23e-32            
5884       1.9318516526         0.5176380902         1.23e-32            
5885       1.9318516526         0.5176380902         1.23e-32            
5886       1.9318516526         0.5176380902         1.23e-32            
5887       1.9318516526         0.5176380902         1.23e-32            
5888       1.9318516526         0.5176380902         1.23e-32            
5889       1.9318516526         0.5176380902         1.23e-32            
5890       1.9318516526         0.5176380902         1.23e-32            
5891       1.9318516526         0.5176380902         1.23e-32            
5892       1.9318516526         0.5176380902         1.23e-32            
5893       1.9318516526         0.5176380902         1.23e-32            
5894       1.9318516526         0.5176380902         1.23e-32            
5895       1.9318516526         0.5176380902         1.23e-32            
5896       1.9318516526         0.5176380902         1.23e-32            
5897       1.9318516526         0.5176380902         1.23e-32            
5898       1.9318516526         0.5176380902         1.23e-32            
5899       1.9318516526         0.5176380902         1.23e-32            
5900       1.9318516526         0.5176380902         1.23e-32            
5901       1.9318516526         0.5176380902         1.23e-32            
5902       1.9318516526         0.5176380902         1.23e-32            
5903       1.9318516526         0.5176380902         1.23e-32            
5904       1.9318516526         0.5176380902         1.23e-32            
5905       1.9318516526         0.5176380902         1.23e-32            
5906       1.9318516526         0.5176380902         1.23e-32            
5907       1.9318516526         0.5176380902         1.23e-32            
5908       1.9318516526         0.5176380902         1.23e-32            
5909       1.9318516526         0.5176380902         1.23e-32            
5910       1.9318516526         0.5176380902         1.23e-32            
5911       1.9318516526         0.5176380902         1.23e-32            
5912       1.9318516526         0.5176380902         1.23e-32            
5913       1.9318516526         0.5176380902         1.23e-32            
5914       1.9318516526         0.5176380902         1.23e-32            
5915       1.9318516526         0.5176380902         1.23e-32            
5916       1.9318516526         0.5176380902         1.23e-32            
5917       1.9318516526         0.5176380902         1.23e-32            
5918       1.9318516526         0.5176380902         1.23e-32            
5919       1.9318516526         0.5176380902         1.23e-32            
5920       1.9318516526         0.5176380902         1.23e-32            
5921       1.9318516526         0.5176380902         1.23e-32            
5922       1.9318516526         0.5176380902         1.23e-32            
5923       1.9318516526         0.5176380902         1.23e-32            
5924       1.9318516526         0.5176380902         1.23e-32            
5925       1.9318516526         0.5176380902         1.23e-32            
5926       1.9318516526         0.5176380902         1.23e-32            
5927       1.9318516526         0.5176380902         1.23e-32            
5928       1.9318516526         0.5176380902         1.23e-32            
5929       1.9318516526         0.5176380902         1.23e-32            
5930       1.9318516526         0.5176380902         1.23e-32            
5931       1.9318516526         0.5176380902         1.23e-32            
5932       1.9318516526         0.5176380902         1.23e-32            
5933       1.9318516526         0.5176380902         1.23e-32            
5934       1.9318516526         0.5176380902         1.23e-32            
5935       1.9318516526         0.5176380902         1.23e-32            
5936       1.9318516526         0.5176380902         1.23e-32            
5937       1.9318516526         0.5176380902         1.23e-32            
5938       1.9318516526         0.5176380902         1.23e-32            
5939       1.9318516526         0.5176380902         1.23e-32            
5940       1.9318516526         0.5176380902         1.23e-32            
5941       1.9318516526         0.5176380902         1.23e-32            
5942       1.9318516526         0.5176380902         1.23e-32            
5943       1.9318516526         0.5176380902         1.23e-32            
5944       1.9318516526         0.5176380902         1.23e-32            
5945       1.9318516526         0.5176380902         1.23e-32            
5946       1.9318516526         0.5176380902         1.23e-32            
5947       1.9318516526         0.5176380902         1.23e-32            
5948       1.9318516526         0.5176380902         1.23e-32            
5949       1.9318516526         0.5176380902         1.23e-32            
5950       1.9318516526         0.5176380902         1.23e-32            
5951       1.9318516526         0.5176380902         1.23e-32            
5952       1.9318516526         0.5176380902         1.23e-32            
5953       1.9318516526         0.5176380902         1.23e-32            
5954       1.9318516526         0.5176380902         1.23e-32            
5955       1.9318516526         0.5176380902         1.23e-32            
5956       1.9318516526         0.5176380902         1.23e-32            
5957       1.9318516526         0.5176380902         1.23e-32            
5958       1.9318516526         0.5176380902         1.23e-32            
5959       1.9318516526         0.5176380902         1.23e-32            
5960       1.9318516526         0.5176380902         1.23e-32            
5961       1.9318516526         0.5176380902         1.23e-32            
5962       1.9318516526         0.5176380902         1.23e-32            
5963       1.9318516526         0.5176380902         1.23e-32            
5964       1.9318516526         0.5176380902         1.23e-32            
5965       1.9318516526         0.5176380902         1.23e-32            
5966       1.9318516526         0.5176380902         1.23e-32            
5967       1.9318516526         0.5176380902         1.23e-32            
5968       1.9318516526         0.5176380902         1.23e-32            
5969       1.9318516526         0.5176380902         1.23e-32            
5970       1.9318516526         0.5176380902         1.23e-32            
5971       1.9318516526         0.5176380902         1.23e-32            
5972       1.9318516526         0.5176380902         1.23e-32            
5973       1.9318516526         0.5176380902         1.23e-32            
5974       1.9318516526         0.5176380902         1.23e-32            
5975       1.9318516526         0.5176380902         1.23e-32            
5976       1.9318516526         0.5176380902         1.23e-32            
5977       1.9318516526         0.5176380902         1.23e-32            
5978       1.9318516526         0.5176380902         1.23e-32            
5979       1.9318516526         0.5176380902         1.23e-32            
5980       1.9318516526         0.5176380902         1.23e-32            
5981       1.9318516526         0.5176380902         1.23e-32            
5982       1.9318516526         0.5176380902         1.23e-32            
5983       1.9318516526         0.5176380902         1.23e-32            
5984       1.9318516526         0.5176380902         1.23e-32            
5985       1.9318516526         0.5176380902         1.23e-32            
5986       1.9318516526         0.5176380902         1.23e-32            
5987       1.9318516526         0.5176380902         1.23e-32            
5988       1.9318516526         0.5176380902         1.23e-32            
5989       1.9318516526         0.5176380902         1.23e-32            
5990       1.9318516526         0.5176380902         1.23e-32            
5991       1.9318516526         0.5176380902         1.23e-32            
5992       1.9318516526         0.5176380902         1.23e-32            
5993       1.9318516526         0.5176380902         1.23e-32            
5994       1.9318516526         0.5176380902         1.23e-32            
5995       1.9318516526         0.5176380902         1.23e-32            
5996       1.9318516526         0.5176380902         1.23e-32            
5997       1.9318516526         0.5176380902         1.23e-32            
5998       1.9318516526         0.5176380902         1.23e-32            
5999       1.9318516526         0.5176380902         1.23e-32            
6000       1.9318516526         0.5176380902         1.23e-32            
6001       1.9318516526         0.5176380902         1.23e-32            
6002       1.9318516526         0.5176380902         1.23e-32            
6003       1.9318516526         0.5176380902         1.23e-32            
6004       1.9318516526         0.5176380902         1.23e-32            
6005       1.9318516526         0.5176380902         1.23e-32            
6006       1.9318516526         0.5176380902         1.23e-32            
6007       1.9318516526         0.5176380902         1.23e-32            
6008       1.9318516526         0.5176380902         1.23e-32            
6009       1.9318516526         0.5176380902         1.23e-32            
6010       1.9318516526         0.5176380902         1.23e-32            
6011       1.9318516526         0.5176380902         1.23e-32            
6012       1.9318516526         0.5176380902         1.23e-32            
6013       1.9318516526         0.5176380902         1.23e-32            
6014       1.9318516526         0.5176380902         1.23e-32            
6015       1.9318516526         0.5176380902         1.23e-32            
6016       1.9318516526         0.5176380902         1.23e-32            
6017       1.9318516526         0.5176380902         1.23e-32            
6018       1.9318516526         0.5176380902         1.23e-32            
6019       1.9318516526         0.5176380902         1.23e-32            
6020       1.9318516526         0.5176380902         1.23e-32            
6021       1.9318516526         0.5176380902         1.23e-32            
6022       1.9318516526         0.5176380902         1.23e-32            
6023       1.9318516526         0.5176380902         1.23e-32            
6024       1.9318516526         0.5176380902         1.23e-32            
6025       1.9318516526         0.5176380902         1.23e-32            
6026       1.9318516526         0.5176380902         1.23e-32            
6027       1.9318516526         0.5176380902         1.23e-32            
6028       1.9318516526         0.5176380902         1.23e-32            
6029       1.9318516526         0.5176380902         1.23e-32            
6030       1.9318516526         0.5176380902         1.23e-32            
6031       1.9318516526         0.5176380902         1.23e-32            
6032       1.9318516526         0.5176380902         1.23e-32            
6033       1.9318516526         0.5176380902         1.23e-32            
6034       1.9318516526         0.5176380902         1.23e-32            
6035       1.9318516526         0.5176380902         1.23e-32            
6036       1.9318516526         0.5176380902         1.23e-32            
6037       1.9318516526         0.5176380902         1.23e-32            
6038       1.9318516526         0.5176380902         1.23e-32            
6039       1.9318516526         0.5176380902         1.23e-32            
6040       1.9318516526         0.5176380902         1.23e-32            
6041       1.9318516526         0.5176380902         1.23e-32            
6042       1.9318516526         0.5176380902         1.23e-32            
6043       1.9318516526         0.5176380902         1.23e-32            
6044       1.9318516526         0.5176380902         1.23e-32            
6045       1.9318516526         0.5176380902         1.23e-32            
6046       1.9318516526         0.5176380902         1.23e-32            
6047       1.9318516526         0.5176380902         1.23e-32            
6048       1.9318516526         0.5176380902         1.23e-32            
6049       1.9318516526         0.5176380902         1.23e-32            
6050       1.9318516526         0.5176380902         1.23e-32            
6051       1.9318516526         0.5176380902         1.23e-32            
6052       1.9318516526         0.5176380902         1.23e-32            
6053       1.9318516526         0.5176380902         1.23e-32            
6054       1.9318516526         0.5176380902         1.23e-32            
6055       1.9318516526         0.5176380902         1.23e-32            
6056       1.9318516526         0.5176380902         1.23e-32            
6057       1.9318516526         0.5176380902         1.23e-32            
6058       1.9318516526         0.5176380902         1.23e-32            
6059       1.9318516526         0.5176380902         1.23e-32            
6060       1.9318516526         0.5176380902         1.23e-32            
6061       1.9318516526         0.5176380902         1.23e-32            
6062       1.9318516526         0.5176380902         1.23e-32            
6063       1.9318516526         0.5176380902         1.23e-32            
6064       1.9318516526         0.5176380902         1.23e-32            
6065       1.9318516526         0.5176380902         1.23e-32            
6066       1.9318516526         0.5176380902         1.23e-32            
6067       1.9318516526         0.5176380902         1.23e-32            
6068       1.9318516526         0.5176380902         1.23e-32            
6069       1.9318516526         0.5176380902         1.23e-32            
6070       1.9318516526         0.5176380902         1.23e-32            
6071       1.9318516526         0.5176380902         1.23e-32            
6072       1.9318516526         0.5176380902         1.23e-32            
6073       1.9318516526         0.5176380902         1.23e-32            
6074       1.9318516526         0.5176380902         1.23e-32            
6075       1.9318516526         0.5176380902         1.23e-32            
6076       1.9318516526         0.5176380902         1.23e-32            
6077       1.9318516526         0.5176380902         1.23e-32            
6078       1.9318516526         0.5176380902         1.23e-32            
6079       1.9318516526         0.5176380902         1.23e-32            
6080       1.9318516526         0.5176380902         1.23e-32            
6081       1.9318516526         0.5176380902         1.23e-32            
6082       1.9318516526         0.5176380902         1.23e-32            
6083       1.9318516526         0.5176380902         1.23e-32            
6084       1.9318516526         0.5176380902         1.23e-32            
6085       1.9318516526         0.5176380902         1.23e-32            
6086       1.9318516526         0.5176380902         1.23e-32            
6087       1.9318516526         0.5176380902         1.23e-32            
6088       1.9318516526         0.5176380902         1.23e-32            
6089       1.9318516526         0.5176380902         1.23e-32            
6090       1.9318516526         0.5176380902         1.23e-32            
6091       1.9318516526         0.5176380902         1.23e-32            
6092       1.9318516526         0.5176380902         1.23e-32            
6093       1.9318516526         0.5176380902         1.23e-32            
6094       1.9318516526         0.5176380902         1.23e-32            
6095       1.9318516526         0.5176380902         1.23e-32            
6096       1.9318516526         0.5176380902         1.23e-32            
6097       1.9318516526         0.5176380902         1.23e-32            
6098       1.9318516526         0.5176380902         1.23e-32            
6099       1.9318516526         0.5176380902         1.23e-32            
6100       1.9318516526         0.5176380902         1.23e-32            
6101       1.9318516526         0.5176380902         1.23e-32            
6102       1.9318516526         0.5176380902         1.23e-32            
6103       1.9318516526         0.5176380902         1.23e-32            
6104       1.9318516526         0.5176380902         1.23e-32            
6105       1.9318516526         0.5176380902         1.23e-32            
6106       1.9318516526         0.5176380902         1.23e-32            
6107       1.9318516526         0.5176380902         1.23e-32            
6108       1.9318516526         0.5176380902         1.23e-32            
6109       1.9318516526         0.5176380902         1.23e-32            
6110       1.9318516526         0.5176380902         1.23e-32            
6111       1.9318516526         0.5176380902         1.23e-32            
6112       1.9318516526         0.5176380902         1.23e-32            
6113       1.9318516526         0.5176380902         1.23e-32            
6114       1.9318516526         0.5176380902         1.23e-32            
6115       1.9318516526         0.5176380902         1.23e-32            
6116       1.9318516526         0.5176380902         1.23e-32            
6117       1.9318516526         0.5176380902         1.23e-32            
6118       1.9318516526         0.5176380902         1.23e-32            
6119       1.9318516526         0.5176380902         1.23e-32            
6120       1.9318516526         0.5176380902         1.23e-32            
6121       1.9318516526         0.5176380902         1.23e-32            
6122       1.9318516526         0.5176380902         1.23e-32            
6123       1.9318516526         0.5176380902         1.23e-32            
6124       1.9318516526         0.5176380902         1.23e-32            
6125       1.9318516526         0.5176380902         1.23e-32            
6126       1.9318516526         0.5176380902         1.23e-32            
6127       1.9318516526         0.5176380902         1.23e-32            
6128       1.9318516526         0.5176380902         1.23e-32            
6129       1.9318516526         0.5176380902         1.23e-32            
6130       1.9318516526         0.5176380902         1.23e-32            
6131       1.9318516526         0.5176380902         1.23e-32            
6132       1.9318516526         0.5176380902         1.23e-32            
6133       1.9318516526         0.5176380902         1.23e-32            
6134       1.9318516526         0.5176380902         1.23e-32            
6135       1.9318516526         0.5176380902         1.23e-32            
6136       1.9318516526         0.5176380902         1.23e-32            
6137       1.9318516526         0.5176380902         1.23e-32            
6138       1.9318516526         0.5176380902         1.23e-32            
6139       1.9318516526         0.5176380902         1.23e-32            
6140       1.9318516526         0.5176380902         1.23e-32            
6141       1.9318516526         0.5176380902         1.23e-32            
6142       1.9318516526         0.5176380902         1.23e-32            
6143       1.9318516526         0.5176380902         1.23e-32            
6144       1.9318516526         0.5176380902         1.23e-32            
6145       1.9318516526         0.5176380902         1.23e-32            
6146       1.9318516526         0.5176380902         1.23e-32            
6147       1.9318516526         0.5176380902         1.23e-32            
6148       1.9318516526         0.5176380902         1.23e-32            
6149       1.9318516526         0.5176380902         1.23e-32            
6150       1.9318516526         0.5176380902         1.23e-32            
6151       1.9318516526         0.5176380902         1.23e-32            
6152       1.9318516526         0.5176380902         1.23e-32            
6153       1.9318516526         0.5176380902         1.23e-32            
6154       1.9318516526         0.5176380902         1.23e-32            
6155       1.9318516526         0.5176380902         1.23e-32            
6156       1.9318516526         0.5176380902         1.23e-32            
6157       1.9318516526         0.5176380902         1.23e-32            
6158       1.9318516526         0.5176380902         1.23e-32            
6159       1.9318516526         0.5176380902         1.23e-32            
6160       1.9318516526         0.5176380902         1.23e-32            
6161       1.9318516526         0.5176380902         1.23e-32            
6162       1.9318516526         0.5176380902         1.23e-32            
6163       1.9318516526         0.5176380902         1.23e-32            
6164       1.9318516526         0.5176380902         1.23e-32            
6165       1.9318516526         0.5176380902         1.23e-32            
6166       1.9318516526         0.5176380902         1.23e-32            
6167       1.9318516526         0.5176380902         1.23e-32            
6168       1.9318516526         0.5176380902         1.23e-32            
6169       1.9318516526         0.5176380902         1.23e-32            
6170       1.9318516526         0.5176380902         1.23e-32            
6171       1.9318516526         0.5176380902         1.23e-32            
6172       1.9318516526         0.5176380902         1.23e-32            
6173       1.9318516526         0.5176380902         1.23e-32            
6174       1.9318516526         0.5176380902         1.23e-32            
6175       1.9318516526         0.5176380902         1.23e-32            
6176       1.9318516526         0.5176380902         1.23e-32            
6177       1.9318516526         0.5176380902         1.23e-32            
6178       1.9318516526         0.5176380902         1.23e-32            
6179       1.9318516526         0.5176380902         1.23e-32            
6180       1.9318516526         0.5176380902         1.23e-32            
6181       1.9318516526         0.5176380902         1.23e-32            
6182       1.9318516526         0.5176380902         1.23e-32            
6183       1.9318516526         0.5176380902         1.23e-32            
6184       1.9318516526         0.5176380902         1.23e-32            
6185       1.9318516526         0.5176380902         1.23e-32            
6186       1.9318516526         0.5176380902         1.23e-32            
6187       1.9318516526         0.5176380902         1.23e-32            
6188       1.9318516526         0.5176380902         1.23e-32            
6189       1.9318516526         0.5176380902         1.23e-32            
6190       1.9318516526         0.5176380902         1.23e-32            
6191       1.9318516526         0.5176380902         1.23e-32            
6192       1.9318516526         0.5176380902         1.23e-32            
6193       1.9318516526         0.5176380902         1.23e-32            
6194       1.9318516526         0.5176380902         1.23e-32            
6195       1.9318516526         0.5176380902         1.23e-32            
6196       1.9318516526         0.5176380902         1.23e-32            
6197       1.9318516526         0.5176380902         1.23e-32            
6198       1.9318516526         0.5176380902         1.23e-32            
6199       1.9318516526         0.5176380902         1.23e-32            
6200       1.9318516526         0.5176380902         1.23e-32            
6201       1.9318516526         0.5176380902         1.23e-32            
6202       1.9318516526         0.5176380902         1.23e-32            
6203       1.9318516526         0.5176380902         1.23e-32            
6204       1.9318516526         0.5176380902         1.23e-32            
6205       1.9318516526         0.5176380902         1.23e-32            
6206       1.9318516526         0.5176380902         1.23e-32            
6207       1.9318516526         0.5176380902         1.23e-32            
6208       1.9318516526         0.5176380902         1.23e-32            
6209       1.9318516526         0.5176380902         1.23e-32            
6210       1.9318516526         0.5176380902         1.23e-32            
6211       1.9318516526         0.5176380902         1.23e-32            
6212       1.9318516526         0.5176380902         1.23e-32            
6213       1.9318516526         0.5176380902         1.23e-32            
6214       1.9318516526         0.5176380902         1.23e-32            
6215       1.9318516526         0.5176380902         1.23e-32            
6216       1.9318516526         0.5176380902         1.23e-32            
6217       1.9318516526         0.5176380902         1.23e-32            
6218       1.9318516526         0.5176380902         1.23e-32            
6219       1.9318516526         0.5176380902         1.23e-32            
6220       1.9318516526         0.5176380902         1.23e-32            
6221       1.9318516526         0.5176380902         1.23e-32            
6222       1.9318516526         0.5176380902         1.23e-32            
6223       1.9318516526         0.5176380902         1.23e-32            
6224       1.9318516526         0.5176380902         1.23e-32            
6225       1.9318516526         0.5176380902         1.23e-32            
6226       1.9318516526         0.5176380902         1.23e-32            
6227       1.9318516526         0.5176380902         1.23e-32            
6228       1.9318516526         0.5176380902         1.23e-32            
6229       1.9318516526         0.5176380902         1.23e-32            
6230       1.9318516526         0.5176380902         1.23e-32            
6231       1.9318516526         0.5176380902         1.23e-32            
6232       1.9318516526         0.5176380902         1.23e-32            
6233       1.9318516526         0.5176380902         1.23e-32            
6234       1.9318516526         0.5176380902         1.23e-32            
6235       1.9318516526         0.5176380902         1.23e-32            
6236       1.9318516526         0.5176380902         1.23e-32            
6237       1.9318516526         0.5176380902         1.23e-32            
6238       1.9318516526         0.5176380902         1.23e-32            
6239       1.9318516526         0.5176380902         1.23e-32            
6240       1.9318516526         0.5176380902         1.23e-32            
6241       1.9318516526         0.5176380902         1.23e-32            
6242       1.9318516526         0.5176380902         1.23e-32            
6243       1.9318516526         0.5176380902         1.23e-32            
6244       1.9318516526         0.5176380902         1.23e-32            
6245       1.9318516526         0.5176380902         1.23e-32            
6246       1.9318516526         0.5176380902         1.23e-32            
6247       1.9318516526         0.5176380902         1.23e-32            
6248       1.9318516526         0.5176380902         1.23e-32            
6249       1.9318516526         0.5176380902         1.23e-32            
6250       1.9318516526         0.5176380902         1.23e-32            
6251       1.9318516526         0.5176380902         1.23e-32            
6252       1.9318516526         0.5176380902         1.23e-32            
6253       1.9318516526         0.5176380902         1.23e-32            
6254       1.9318516526         0.5176380902         1.23e-32            
6255       1.9318516526         0.5176380902         1.23e-32            
6256       1.9318516526         0.5176380902         1.23e-32            
6257       1.9318516526         0.5176380902         1.23e-32            
6258       1.9318516526         0.5176380902         1.23e-32            
6259       1.9318516526         0.5176380902         1.23e-32            
6260       1.9318516526         0.5176380902         1.23e-32            
6261       1.9318516526         0.5176380902         1.23e-32            
6262       1.9318516526         0.5176380902         1.23e-32            
6263       1.9318516526         0.5176380902         1.23e-32            
6264       1.9318516526         0.5176380902         1.23e-32            
6265       1.9318516526         0.5176380902         1.23e-32            
6266       1.9318516526         0.5176380902         1.23e-32            
6267       1.9318516526         0.5176380902         1.23e-32            
6268       1.9318516526         0.5176380902         1.23e-32            
6269       1.9318516526         0.5176380902         1.23e-32            
6270       1.9318516526         0.5176380902         1.23e-32            
6271       1.9318516526         0.5176380902         1.23e-32            
6272       1.9318516526         0.5176380902         1.23e-32            
6273       1.9318516526         0.5176380902         1.23e-32            
6274       1.9318516526         0.5176380902         1.23e-32            
6275       1.9318516526         0.5176380902         1.23e-32            
6276       1.9318516526         0.5176380902         1.23e-32            
6277       1.9318516526         0.5176380902         1.23e-32            
6278       1.9318516526         0.5176380902         1.23e-32            
6279       1.9318516526         0.5176380902         1.23e-32            
6280       1.9318516526         0.5176380902         1.23e-32            
6281       1.9318516526         0.5176380902         1.23e-32            
6282       1.9318516526         0.5176380902         1.23e-32            
6283       1.9318516526         0.5176380902         1.23e-32            
6284       1.9318516526         0.5176380902         1.23e-32            
6285       1.9318516526         0.5176380902         1.23e-32            
6286       1.9318516526         0.5176380902         1.23e-32            
6287       1.9318516526         0.5176380902         1.23e-32            
6288       1.9318516526         0.5176380902         1.23e-32            
6289       1.9318516526         0.5176380902         1.23e-32            
6290       1.9318516526         0.5176380902         1.23e-32            
6291       1.9318516526         0.5176380902         1.23e-32            
6292       1.9318516526         0.5176380902         1.23e-32            
6293       1.9318516526         0.5176380902         1.23e-32            
6294       1.9318516526         0.5176380902         1.23e-32            
6295       1.9318516526         0.5176380902         1.23e-32            
6296       1.9318516526         0.5176380902         1.23e-32            
6297       1.9318516526         0.5176380902         1.23e-32            
6298       1.9318516526         0.5176380902         1.23e-32            
6299       1.9318516526         0.5176380902         1.23e-32            
6300       1.9318516526         0.5176380902         1.23e-32            
6301       1.9318516526         0.5176380902         1.23e-32            
6302       1.9318516526         0.5176380902         1.23e-32            
6303       1.9318516526         0.5176380902         1.23e-32            
6304       1.9318516526         0.5176380902         1.23e-32            
6305       1.9318516526         0.5176380902         1.23e-32            
6306       1.9318516526         0.5176380902         1.23e-32            
6307       1.9318516526         0.5176380902         1.23e-32            
6308       1.9318516526         0.5176380902         1.23e-32            
6309       1.9318516526         0.5176380902         1.23e-32            
6310       1.9318516526         0.5176380902         1.23e-32            
6311       1.9318516526         0.5176380902         1.23e-32            
6312       1.9318516526         0.5176380902         1.23e-32            
6313       1.9318516526         0.5176380902         1.23e-32            
6314       1.9318516526         0.5176380902         1.23e-32            
6315       1.9318516526         0.5176380902         1.23e-32            
6316       1.9318516526         0.5176380902         1.23e-32            
6317       1.9318516526         0.5176380902         1.23e-32            
6318       1.9318516526         0.5176380902         1.23e-32            
6319       1.9318516526         0.5176380902         1.23e-32            
6320       1.9318516526         0.5176380902         1.23e-32            
6321       1.9318516526         0.5176380902         1.23e-32            
6322       1.9318516526         0.5176380902         1.23e-32            
6323       1.9318516526         0.5176380902         1.23e-32            
6324       1.9318516526         0.5176380902         1.23e-32            
6325       1.9318516526         0.5176380902         1.23e-32            
6326       1.9318516526         0.5176380902         1.23e-32            
6327       1.9318516526         0.5176380902         1.23e-32            
6328       1.9318516526         0.5176380902         1.23e-32            
6329       1.9318516526         0.5176380902         1.23e-32            
6330       1.9318516526         0.5176380902         1.23e-32            
6331       1.9318516526         0.5176380902         1.23e-32            
6332       1.9318516526         0.5176380902         1.23e-32            
6333       1.9318516526         0.5176380902         1.23e-32            
6334       1.9318516526         0.5176380902         1.23e-32            
6335       1.9318516526         0.5176380902         1.23e-32            
6336       1.9318516526         0.5176380902         1.23e-32            
6337       1.9318516526         0.5176380902         1.23e-32            
6338       1.9318516526         0.5176380902         1.23e-32            
6339       1.9318516526         0.5176380902         1.23e-32            
6340       1.9318516526         0.5176380902         1.23e-32            
6341       1.9318516526         0.5176380902         1.23e-32            
6342       1.9318516526         0.5176380902         1.23e-32            
6343       1.9318516526         0.5176380902         1.23e-32            
6344       1.9318516526         0.5176380902         1.23e-32            
6345       1.9318516526         0.5176380902         1.23e-32            
6346       1.9318516526         0.5176380902         1.23e-32            
6347       1.9318516526         0.5176380902         1.23e-32            
6348       1.9318516526         0.5176380902         1.23e-32            
6349       1.9318516526         0.5176380902         1.23e-32            
6350       1.9318516526         0.5176380902         1.23e-32            
6351       1.9318516526         0.5176380902         1.23e-32            
6352       1.9318516526         0.5176380902         1.23e-32            
6353       1.9318516526         0.5176380902         1.23e-32            
6354       1.9318516526         0.5176380902         1.23e-32            
6355       1.9318516526         0.5176380902         1.23e-32            
6356       1.9318516526         0.5176380902         1.23e-32            
6357       1.9318516526         0.5176380902         1.23e-32            
6358       1.9318516526         0.5176380902         1.23e-32            
6359       1.9318516526         0.5176380902         1.23e-32            
6360       1.9318516526         0.5176380902         1.23e-32            
6361       1.9318516526         0.5176380902         1.23e-32            
6362       1.9318516526         0.5176380902         1.23e-32            
6363       1.9318516526         0.5176380902         1.23e-32            
6364       1.9318516526         0.5176380902         1.23e-32            
6365       1.9318516526         0.5176380902         1.23e-32            
6366       1.9318516526         0.5176380902         1.23e-32            
6367       1.9318516526         0.5176380902         1.23e-32            
6368       1.9318516526         0.5176380902         1.23e-32            
6369       1.9318516526         0.5176380902         1.23e-32            
6370       1.9318516526         0.5176380902         1.23e-32            
6371       1.9318516526         0.5176380902         1.23e-32            
6372       1.9318516526         0.5176380902         1.23e-32            
6373       1.9318516526         0.5176380902         1.23e-32            
6374       1.9318516526         0.5176380902         1.23e-32            
6375       1.9318516526         0.5176380902         1.23e-32            
6376       1.9318516526         0.5176380902         1.23e-32            
6377       1.9318516526         0.5176380902         1.23e-32            
6378       1.9318516526         0.5176380902         1.23e-32            
6379       1.9318516526         0.5176380902         1.23e-32            
6380       1.9318516526         0.5176380902         1.23e-32            
6381       1.9318516526         0.5176380902         1.23e-32            
6382       1.9318516526         0.5176380902         1.23e-32            
6383       1.9318516526         0.5176380902         1.23e-32            
6384       1.9318516526         0.5176380902         1.23e-32            
6385       1.9318516526         0.5176380902         1.23e-32            
6386       1.9318516526         0.5176380902         1.23e-32            
6387       1.9318516526         0.5176380902         1.23e-32            
6388       1.9318516526         0.5176380902         1.23e-32            
6389       1.9318516526         0.5176380902         1.23e-32            
6390       1.9318516526         0.5176380902         1.23e-32            
6391       1.9318516526         0.5176380902         1.23e-32            
6392       1.9318516526         0.5176380902         1.23e-32            
6393       1.9318516526         0.5176380902         1.23e-32            
6394       1.9318516526         0.5176380902         1.23e-32            
6395       1.9318516526         0.5176380902         1.23e-32            
6396       1.9318516526         0.5176380902         1.23e-32            
6397       1.9318516526         0.5176380902         1.23e-32            
6398       1.9318516526         0.5176380902         1.23e-32            
6399       1.9318516526         0.5176380902         1.23e-32            
6400       1.9318516526         0.5176380902         1.23e-32            
6401       1.9318516526         0.5176380902         1.23e-32            
6402       1.9318516526         0.5176380902         1.23e-32            
6403       1.9318516526         0.5176380902         1.23e-32            
6404       1.9318516526         0.5176380902         1.23e-32            
6405       1.9318516526         0.5176380902         1.23e-32            
6406       1.9318516526         0.5176380902         1.23e-32            
6407       1.9318516526         0.5176380902         1.23e-32            
6408       1.9318516526         0.5176380902         1.23e-32            
6409       1.9318516526         0.5176380902         1.23e-32            
6410       1.9318516526         0.5176380902         1.23e-32            
6411       1.9318516526         0.5176380902         1.23e-32            
6412       1.9318516526         0.5176380902         1.23e-32            
6413       1.9318516526         0.5176380902         1.23e-32            
6414       1.9318516526         0.5176380902         1.23e-32            
6415       1.9318516526         0.5176380902         1.23e-32            
6416       1.9318516526         0.5176380902         1.23e-32            
6417       1.9318516526         0.5176380902         1.23e-32            
6418       1.9318516526         0.5176380902         1.23e-32            
6419       1.9318516526         0.5176380902         1.23e-32            
6420       1.9318516526         0.5176380902         1.23e-32            
6421       1.9318516526         0.5176380902         1.23e-32            
6422       1.9318516526         0.5176380902         1.23e-32            
6423       1.9318516526         0.5176380902         1.23e-32            
6424       1.9318516526         0.5176380902         1.23e-32            
6425       1.9318516526         0.5176380902         1.23e-32            
6426       1.9318516526         0.5176380902         1.23e-32            
6427       1.9318516526         0.5176380902         1.23e-32            
6428       1.9318516526         0.5176380902         1.23e-32            
6429       1.9318516526         0.5176380902         1.23e-32            
6430       1.9318516526         0.5176380902         1.23e-32            
6431       1.9318516526         0.5176380902         1.23e-32            
6432       1.9318516526         0.5176380902         1.23e-32            
6433       1.9318516526         0.5176380902         1.23e-32            
6434       1.9318516526         0.5176380902         1.23e-32            
6435       1.9318516526         0.5176380902         1.23e-32            
6436       1.9318516526         0.5176380902         1.23e-32            
6437       1.9318516526         0.5176380902         1.23e-32            
6438       1.9318516526         0.5176380902         1.23e-32            
6439       1.9318516526         0.5176380902         1.23e-32            
6440       1.9318516526         0.5176380902         1.23e-32            
6441       1.9318516526         0.5176380902         1.23e-32            
6442       1.9318516526         0.5176380902         1.23e-32            
6443       1.9318516526         0.5176380902         1.23e-32            
6444       1.9318516526         0.5176380902         1.23e-32            
6445       1.9318516526         0.5176380902         1.23e-32            
6446       1.9318516526         0.5176380902         1.23e-32            
6447       1.9318516526         0.5176380902         1.23e-32            
6448       1.9318516526         0.5176380902         1.23e-32            
6449       1.9318516526         0.5176380902         1.23e-32            
6450       1.9318516526         0.5176380902         1.23e-32            
6451       1.9318516526         0.5176380902         1.23e-32            
6452       1.9318516526         0.5176380902         1.23e-32            
6453       1.9318516526         0.5176380902         1.23e-32            
6454       1.9318516526         0.5176380902         1.23e-32            
6455       1.9318516526         0.5176380902         1.23e-32            
6456       1.9318516526         0.5176380902         1.23e-32            
6457       1.9318516526         0.5176380902         1.23e-32            
6458       1.9318516526         0.5176380902         1.23e-32            
6459       1.9318516526         0.5176380902         1.23e-32            
6460       1.9318516526         0.5176380902         1.23e-32            
6461       1.9318516526         0.5176380902         1.23e-32            
6462       1.9318516526         0.5176380902         1.23e-32            
6463       1.9318516526         0.5176380902         1.23e-32            
6464       1.9318516526         0.5176380902         1.23e-32            
6465       1.9318516526         0.5176380902         1.23e-32            
6466       1.9318516526         0.5176380902         1.23e-32            
6467       1.9318516526         0.5176380902         1.23e-32            
6468       1.9318516526         0.5176380902         1.23e-32            
6469       1.9318516526         0.5176380902         1.23e-32            
6470       1.9318516526         0.5176380902         1.23e-32            
6471       1.9318516526         0.5176380902         1.23e-32            
6472       1.9318516526         0.5176380902         1.23e-32            
6473       1.9318516526         0.5176380902         1.23e-32            
6474       1.9318516526         0.5176380902         1.23e-32            
6475       1.9318516526         0.5176380902         1.23e-32            
6476       1.9318516526         0.5176380902         1.23e-32            
6477       1.9318516526         0.5176380902         1.23e-32            
6478       1.9318516526         0.5176380902         1.23e-32            
6479       1.9318516526         0.5176380902         1.23e-32            
6480       1.9318516526         0.5176380902         1.23e-32            
6481       1.9318516526         0.5176380902         1.23e-32            
6482       1.9318516526         0.5176380902         1.23e-32            
6483       1.9318516526         0.5176380902         1.23e-32            
6484       1.9318516526         0.5176380902         1.23e-32            
6485       1.9318516526         0.5176380902         1.23e-32            
6486       1.9318516526         0.5176380902         1.23e-32            
6487       1.9318516526         0.5176380902         1.23e-32            
6488       1.9318516526         0.5176380902         1.23e-32            
6489       1.9318516526         0.5176380902         1.23e-32            
6490       1.9318516526         0.5176380902         1.23e-32            
6491       1.9318516526         0.5176380902         1.23e-32            
6492       1.9318516526         0.5176380902         1.23e-32            
6493       1.9318516526         0.5176380902         1.23e-32            
6494       1.9318516526         0.5176380902         1.23e-32            
6495       1.9318516526         0.5176380902         1.23e-32            
6496       1.9318516526         0.5176380902         1.23e-32            
6497       1.9318516526         0.5176380902         1.23e-32            
6498       1.9318516526         0.5176380902         1.23e-32            
6499       1.9318516526         0.5176380902         1.23e-32            
6500       1.9318516526         0.5176380902         1.23e-32            
6501       1.9318516526         0.5176380902         1.23e-32            
6502       1.9318516526         0.5176380902         1.23e-32            
6503       1.9318516526         0.5176380902         1.23e-32            
6504       1.9318516526         0.5176380902         1.23e-32            
6505       1.9318516526         0.5176380902         1.23e-32            
6506       1.9318516526         0.5176380902         1.23e-32            
6507       1.9318516526         0.5176380902         1.23e-32            
6508       1.9318516526         0.5176380902         1.23e-32            
6509       1.9318516526         0.5176380902         1.23e-32            
6510       1.9318516526         0.5176380902         1.23e-32            
6511       1.9318516526         0.5176380902         1.23e-32            
6512       1.9318516526         0.5176380902         1.23e-32            
6513       1.9318516526         0.5176380902         1.23e-32            
6514       1.9318516526         0.5176380902         1.23e-32            
6515       1.9318516526         0.5176380902         1.23e-32            
6516       1.9318516526         0.5176380902         1.23e-32            
6517       1.9318516526         0.5176380902         1.23e-32            
6518       1.9318516526         0.5176380902         1.23e-32            
6519       1.9318516526         0.5176380902         1.23e-32            
6520       1.9318516526         0.5176380902         1.23e-32            
6521       1.9318516526         0.5176380902         1.23e-32            
6522       1.9318516526         0.5176380902         1.23e-32            
6523       1.9318516526         0.5176380902         1.23e-32            
6524       1.9318516526         0.5176380902         1.23e-32            
6525       1.9318516526         0.5176380902         1.23e-32            
6526       1.9318516526         0.5176380902         1.23e-32            
6527       1.9318516526         0.5176380902         1.23e-32            
6528       1.9318516526         0.5176380902         1.23e-32            
6529       1.9318516526         0.5176380902         1.23e-32            
6530       1.9318516526         0.5176380902         1.23e-32            
6531       1.9318516526         0.5176380902         1.23e-32            
6532       1.9318516526         0.5176380902         1.23e-32            
6533       1.9318516526         0.5176380902         1.23e-32            
6534       1.9318516526         0.5176380902         1.23e-32            
6535       1.9318516526         0.5176380902         1.23e-32            
6536       1.9318516526         0.5176380902         1.23e-32            
6537       1.9318516526         0.5176380902         1.23e-32            
6538       1.9318516526         0.5176380902         1.23e-32            
6539       1.9318516526         0.5176380902         1.23e-32            
6540       1.9318516526         0.5176380902         1.23e-32            
6541       1.9318516526         0.5176380902         1.23e-32            
6542       1.9318516526         0.5176380902         1.23e-32            
6543       1.9318516526         0.5176380902         1.23e-32            
6544       1.9318516526         0.5176380902         1.23e-32            
6545       1.9318516526         0.5176380902         1.23e-32            
6546       1.9318516526         0.5176380902         1.23e-32            
6547       1.9318516526         0.5176380902         1.23e-32            
6548       1.9318516526         0.5176380902         1.23e-32            
6549       1.9318516526         0.5176380902         1.23e-32            
6550       1.9318516526         0.5176380902         1.23e-32            
6551       1.9318516526         0.5176380902         1.23e-32            
6552       1.9318516526         0.5176380902         1.23e-32            
6553       1.9318516526         0.5176380902         1.23e-32            
6554       1.9318516526         0.5176380902         1.23e-32            
6555       1.9318516526         0.5176380902         1.23e-32            
6556       1.9318516526         0.5176380902         1.23e-32            
6557       1.9318516526         0.5176380902         1.23e-32            
6558       1.9318516526         0.5176380902         1.23e-32            
6559       1.9318516526         0.5176380902         1.23e-32            
6560       1.9318516526         0.5176380902         1.23e-32            
6561       1.9318516526         0.5176380902         1.23e-32            
6562       1.9318516526         0.5176380902         1.23e-32            
6563       1.9318516526         0.5176380902         1.23e-32            
6564       1.9318516526         0.5176380902         1.23e-32            
6565       1.9318516526         0.5176380902         1.23e-32            
6566       1.9318516526         0.5176380902         1.23e-32            
6567       1.9318516526         0.5176380902         1.23e-32            
6568       1.9318516526         0.5176380902         1.23e-32            
6569       1.9318516526         0.5176380902         1.23e-32            
6570       1.9318516526         0.5176380902         1.23e-32            
6571       1.9318516526         0.5176380902         1.23e-32            
6572       1.9318516526         0.5176380902         1.23e-32            
6573       1.9318516526         0.5176380902         1.23e-32            
6574       1.9318516526         0.5176380902         1.23e-32            
6575       1.9318516526         0.5176380902         1.23e-32            
6576       1.9318516526         0.5176380902         1.23e-32            
6577       1.9318516526         0.5176380902         1.23e-32            
6578       1.9318516526         0.5176380902         1.23e-32            
6579       1.9318516526         0.5176380902         1.23e-32            
6580       1.9318516526         0.5176380902         1.23e-32            
6581       1.9318516526         0.5176380902         1.23e-32            
6582       1.9318516526         0.5176380902         1.23e-32            
6583       1.9318516526         0.5176380902         1.23e-32            
6584       1.9318516526         0.5176380902         1.23e-32            
6585       1.9318516526         0.5176380902         1.23e-32            
6586       1.9318516526         0.5176380902         1.23e-32            
6587       1.9318516526         0.5176380902         1.23e-32            
6588       1.9318516526         0.5176380902         1.23e-32            
6589       1.9318516526         0.5176380902         1.23e-32            
6590       1.9318516526         0.5176380902         1.23e-32            
6591       1.9318516526         0.5176380902         1.23e-32            
6592       1.9318516526         0.5176380902         1.23e-32            
6593       1.9318516526         0.5176380902         1.23e-32            
6594       1.9318516526         0.5176380902         1.23e-32            
6595       1.9318516526         0.5176380902         1.23e-32            
6596       1.9318516526         0.5176380902         1.23e-32            
6597       1.9318516526         0.5176380902         1.23e-32            
6598       1.9318516526         0.5176380902         1.23e-32            
6599       1.9318516526         0.5176380902         1.23e-32            
6600       1.9318516526         0.5176380902         1.23e-32            
6601       1.9318516526         0.5176380902         1.23e-32            
6602       1.9318516526         0.5176380902         1.23e-32            
6603       1.9318516526         0.5176380902         1.23e-32            
6604       1.9318516526         0.5176380902         1.23e-32            
6605       1.9318516526         0.5176380902         1.23e-32            
6606       1.9318516526         0.5176380902         1.23e-32            
6607       1.9318516526         0.5176380902         1.23e-32            
6608       1.9318516526         0.5176380902         1.23e-32            
6609       1.9318516526         0.5176380902         1.23e-32            
6610       1.9318516526         0.5176380902         1.23e-32            
6611       1.9318516526         0.5176380902         1.23e-32            
6612       1.9318516526         0.5176380902         1.23e-32            
6613       1.9318516526         0.5176380902         1.23e-32            
6614       1.9318516526         0.5176380902         1.23e-32            
6615       1.9318516526         0.5176380902         1.23e-32            
6616       1.9318516526         0.5176380902         1.23e-32            
6617       1.9318516526         0.5176380902         1.23e-32            
6618       1.9318516526         0.5176380902         1.23e-32            
6619       1.9318516526         0.5176380902         1.23e-32            
6620       1.9318516526         0.5176380902         1.23e-32            
6621       1.9318516526         0.5176380902         1.23e-32            
6622       1.9318516526         0.5176380902         1.23e-32            
6623       1.9318516526         0.5176380902         1.23e-32            
6624       1.9318516526         0.5176380902         1.23e-32            
6625       1.9318516526         0.5176380902         1.23e-32            
6626       1.9318516526         0.5176380902         1.23e-32            
6627       1.9318516526         0.5176380902         1.23e-32            
6628       1.9318516526         0.5176380902         1.23e-32            
6629       1.9318516526         0.5176380902         1.23e-32            
6630       1.9318516526         0.5176380902         1.23e-32            
6631       1.9318516526         0.5176380902         1.23e-32            
6632       1.9318516526         0.5176380902         1.23e-32            
6633       1.9318516526         0.5176380902         1.23e-32            
6634       1.9318516526         0.5176380902         1.23e-32            
6635       1.9318516526         0.5176380902         1.23e-32            
6636       1.9318516526         0.5176380902         1.23e-32            
6637       1.9318516526         0.5176380902         1.23e-32            
6638       1.9318516526         0.5176380902         1.23e-32            
6639       1.9318516526         0.5176380902         1.23e-32            
6640       1.9318516526         0.5176380902         1.23e-32            
6641       1.9318516526         0.5176380902         1.23e-32            
6642       1.9318516526         0.5176380902         1.23e-32            
6643       1.9318516526         0.5176380902         1.23e-32            
6644       1.9318516526         0.5176380902         1.23e-32            
6645       1.9318516526         0.5176380902         1.23e-32            
6646       1.9318516526         0.5176380902         1.23e-32            
6647       1.9318516526         0.5176380902         1.23e-32            
6648       1.9318516526         0.5176380902         1.23e-32            
6649       1.9318516526         0.5176380902         1.23e-32            
6650       1.9318516526         0.5176380902         1.23e-32            
6651       1.9318516526         0.5176380902         1.23e-32            
6652       1.9318516526         0.5176380902         1.23e-32            
6653       1.9318516526         0.5176380902         1.23e-32            
6654       1.9318516526         0.5176380902         1.23e-32            
6655       1.9318516526         0.5176380902         1.23e-32            
6656       1.9318516526         0.5176380902         1.23e-32            
6657       1.9318516526         0.5176380902         1.23e-32            
6658       1.9318516526         0.5176380902         1.23e-32            
6659       1.9318516526         0.5176380902         1.23e-32            
6660       1.9318516526         0.5176380902         1.23e-32            
6661       1.9318516526         0.5176380902         1.23e-32            
6662       1.9318516526         0.5176380902         1.23e-32            
6663       1.9318516526         0.5176380902         1.23e-32            
6664       1.9318516526         0.5176380902         1.23e-32            
6665       1.9318516526         0.5176380902         1.23e-32            
6666       1.9318516526         0.5176380902         1.23e-32            
6667       1.9318516526         0.5176380902         1.23e-32            
6668       1.9318516526         0.5176380902         1.23e-32            
6669       1.9318516526         0.5176380902         1.23e-32            
6670       1.9318516526         0.5176380902         1.23e-32            
6671       1.9318516526         0.5176380902         1.23e-32            
6672       1.9318516526         0.5176380902         1.23e-32            
6673       1.9318516526         0.5176380902         1.23e-32            
6674       1.9318516526         0.5176380902         1.23e-32            
6675       1.9318516526         0.5176380902         1.23e-32            
6676       1.9318516526         0.5176380902         1.23e-32            
6677       1.9318516526         0.5176380902         1.23e-32            
6678       1.9318516526         0.5176380902         1.23e-32            
6679       1.9318516526         0.5176380902         1.23e-32            
6680       1.9318516526         0.5176380902         1.23e-32            
6681       1.9318516526         0.5176380902         1.23e-32            
6682       1.9318516526         0.5176380902         1.23e-32            
6683       1.9318516526         0.5176380902         1.23e-32            
6684       1.9318516526         0.5176380902         1.23e-32            
6685       1.9318516526         0.5176380902         1.23e-32            
6686       1.9318516526         0.5176380902         1.23e-32            
6687       1.9318516526         0.5176380902         1.23e-32            
6688       1.9318516526         0.5176380902         1.23e-32            
6689       1.9318516526         0.5176380902         1.23e-32            
6690       1.9318516526         0.5176380902         1.23e-32            
6691       1.9318516526         0.5176380902         1.23e-32            
6692       1.9318516526         0.5176380902         1.23e-32            
6693       1.9318516526         0.5176380902         1.23e-32            
6694       1.9318516526         0.5176380902         1.23e-32            
6695       1.9318516526         0.5176380902         1.23e-32            
6696       1.9318516526         0.5176380902         1.23e-32            
6697       1.9318516526         0.5176380902         1.23e-32            
6698       1.9318516526         0.5176380902         1.23e-32            
6699       1.9318516526         0.5176380902         1.23e-32            
6700       1.9318516526         0.5176380902         1.23e-32            
6701       1.9318516526         0.5176380902         1.23e-32            
6702       1.9318516526         0.5176380902         1.23e-32            
6703       1.9318516526         0.5176380902         1.23e-32            
6704       1.9318516526         0.5176380902         1.23e-32            
6705       1.9318516526         0.5176380902         1.23e-32            
6706       1.9318516526         0.5176380902         1.23e-32            
6707       1.9318516526         0.5176380902         1.23e-32            
6708       1.9318516526         0.5176380902         1.23e-32            
6709       1.9318516526         0.5176380902         1.23e-32            
6710       1.9318516526         0.5176380902         1.23e-32            
6711       1.9318516526         0.5176380902         1.23e-32            
6712       1.9318516526         0.5176380902         1.23e-32            
6713       1.9318516526         0.5176380902         1.23e-32            
6714       1.9318516526         0.5176380902         1.23e-32            
6715       1.9318516526         0.5176380902         1.23e-32            
6716       1.9318516526         0.5176380902         1.23e-32            
6717       1.9318516526         0.5176380902         1.23e-32            
6718       1.9318516526         0.5176380902         1.23e-32            
6719       1.9318516526         0.5176380902         1.23e-32            
6720       1.9318516526         0.5176380902         1.23e-32            
6721       1.9318516526         0.5176380902         1.23e-32            
6722       1.9318516526         0.5176380902         1.23e-32            
6723       1.9318516526         0.5176380902         1.23e-32            
6724       1.9318516526         0.5176380902         1.23e-32            
6725       1.9318516526         0.5176380902         1.23e-32            
6726       1.9318516526         0.5176380902         1.23e-32            
6727       1.9318516526         0.5176380902         1.23e-32            
6728       1.9318516526         0.5176380902         1.23e-32            
6729       1.9318516526         0.5176380902         1.23e-32            
6730       1.9318516526         0.5176380902         1.23e-32            
6731       1.9318516526         0.5176380902         1.23e-32            
6732       1.9318516526         0.5176380902         1.23e-32            
6733       1.9318516526         0.5176380902         1.23e-32            
6734       1.9318516526         0.5176380902         1.23e-32            
6735       1.9318516526         0.5176380902         1.23e-32            
6736       1.9318516526         0.5176380902         1.23e-32            
6737       1.9318516526         0.5176380902         1.23e-32            
6738       1.9318516526         0.5176380902         1.23e-32            
6739       1.9318516526         0.5176380902         1.23e-32            
6740       1.9318516526         0.5176380902         1.23e-32            
6741       1.9318516526         0.5176380902         1.23e-32            
6742       1.9318516526         0.5176380902         1.23e-32            
6743       1.9318516526         0.5176380902         1.23e-32            
6744       1.9318516526         0.5176380902         1.23e-32            
6745       1.9318516526         0.5176380902         1.23e-32            
6746       1.9318516526         0.5176380902         1.23e-32            
6747       1.9318516526         0.5176380902         1.23e-32            
6748       1.9318516526         0.5176380902         1.23e-32            
6749       1.9318516526         0.5176380902         1.23e-32            
6750       1.9318516526         0.5176380902         1.23e-32            
6751       1.9318516526         0.5176380902         1.23e-32            
6752       1.9318516526         0.5176380902         1.23e-32            
6753       1.9318516526         0.5176380902         1.23e-32            
6754       1.9318516526         0.5176380902         1.23e-32            
6755       1.9318516526         0.5176380902         1.23e-32            
6756       1.9318516526         0.5176380902         1.23e-32            
6757       1.9318516526         0.5176380902         1.23e-32            
6758       1.9318516526         0.5176380902         1.23e-32            
6759       1.9318516526         0.5176380902         1.23e-32            
6760       1.9318516526         0.5176380902         1.23e-32            
6761       1.9318516526         0.5176380902         1.23e-32            
6762       1.9318516526         0.5176380902         1.23e-32            
6763       1.9318516526         0.5176380902         1.23e-32            
6764       1.9318516526         0.5176380902         1.23e-32            
6765       1.9318516526         0.5176380902         1.23e-32            
6766       1.9318516526         0.5176380902         1.23e-32            
6767       1.9318516526         0.5176380902         1.23e-32            
6768       1.9318516526         0.5176380902         1.23e-32            
6769       1.9318516526         0.5176380902         1.23e-32            
6770       1.9318516526         0.5176380902         1.23e-32            
6771       1.9318516526         0.5176380902         1.23e-32            
6772       1.9318516526         0.5176380902         1.23e-32            
6773       1.9318516526         0.5176380902         1.23e-32            
6774       1.9318516526         0.5176380902         1.23e-32            
6775       1.9318516526         0.5176380902         1.23e-32            
6776       1.9318516526         0.5176380902         1.23e-32            
6777       1.9318516526         0.5176380902         1.23e-32            
6778       1.9318516526         0.5176380902         1.23e-32            
6779       1.9318516526         0.5176380902         1.23e-32            
6780       1.9318516526         0.5176380902         1.23e-32            
6781       1.9318516526         0.5176380902         1.23e-32            
6782       1.9318516526         0.5176380902         1.23e-32            
6783       1.9318516526         0.5176380902         1.23e-32            
6784       1.9318516526         0.5176380902         1.23e-32            
6785       1.9318516526         0.5176380902         1.23e-32            
6786       1.9318516526         0.5176380902         1.23e-32            
6787       1.9318516526         0.5176380902         1.23e-32            
6788       1.9318516526         0.5176380902         1.23e-32            
6789       1.9318516526         0.5176380902         1.23e-32            
6790       1.9318516526         0.5176380902         1.23e-32            
6791       1.9318516526         0.5176380902         1.23e-32            
6792       1.9318516526         0.5176380902         1.23e-32            
6793       1.9318516526         0.5176380902         1.23e-32            
6794       1.9318516526         0.5176380902         1.23e-32            
6795       1.9318516526         0.5176380902         1.23e-32            
6796       1.9318516526         0.5176380902         1.23e-32            
6797       1.9318516526         0.5176380902         1.23e-32            
6798       1.9318516526         0.5176380902         1.23e-32            
6799       1.9318516526         0.5176380902         1.23e-32            
6800       1.9318516526         0.5176380902         1.23e-32            
6801       1.9318516526         0.5176380902         1.23e-32            
6802       1.9318516526         0.5176380902         1.23e-32            
6803       1.9318516526         0.5176380902         1.23e-32            
6804       1.9318516526         0.5176380902         1.23e-32            
6805       1.9318516526         0.5176380902         1.23e-32            
6806       1.9318516526         0.5176380902         1.23e-32            
6807       1.9318516526         0.5176380902         1.23e-32            
6808       1.9318516526         0.5176380902         1.23e-32            
6809       1.9318516526         0.5176380902         1.23e-32            
6810       1.9318516526         0.5176380902         1.23e-32            
6811       1.9318516526         0.5176380902         1.23e-32            
6812       1.9318516526         0.5176380902         1.23e-32            
6813       1.9318516526         0.5176380902         1.23e-32            
6814       1.9318516526         0.5176380902         1.23e-32            
6815       1.9318516526         0.5176380902         1.23e-32            
6816       1.9318516526         0.5176380902         1.23e-32            
6817       1.9318516526         0.5176380902         1.23e-32            
6818       1.9318516526         0.5176380902         1.23e-32            
6819       1.9318516526         0.5176380902         1.23e-32            
6820       1.9318516526         0.5176380902         1.23e-32            
6821       1.9318516526         0.5176380902         1.23e-32            
6822       1.9318516526         0.5176380902         1.23e-32            
6823       1.9318516526         0.5176380902         1.23e-32            
6824       1.9318516526         0.5176380902         1.23e-32            
6825       1.9318516526         0.5176380902         1.23e-32            
6826       1.9318516526         0.5176380902         1.23e-32            
6827       1.9318516526         0.5176380902         1.23e-32            
6828       1.9318516526         0.5176380902         1.23e-32            
6829       1.9318516526         0.5176380902         1.23e-32            
6830       1.9318516526         0.5176380902         1.23e-32            
6831       1.9318516526         0.5176380902         1.23e-32            
6832       1.9318516526         0.5176380902         1.23e-32            
6833       1.9318516526         0.5176380902         1.23e-32            
6834       1.9318516526         0.5176380902         1.23e-32            
6835       1.9318516526         0.5176380902         1.23e-32            
6836       1.9318516526         0.5176380902         1.23e-32            
6837       1.9318516526         0.5176380902         1.23e-32            
6838       1.9318516526         0.5176380902         1.23e-32            
6839       1.9318516526         0.5176380902         1.23e-32            
6840       1.9318516526         0.5176380902         1.23e-32            
6841       1.9318516526         0.5176380902         1.23e-32            
6842       1.9318516526         0.5176380902         1.23e-32            
6843       1.9318516526         0.5176380902         1.23e-32            
6844       1.9318516526         0.5176380902         1.23e-32            
6845       1.9318516526         0.5176380902         1.23e-32            
6846       1.9318516526         0.5176380902         1.23e-32            
6847       1.9318516526         0.5176380902         1.23e-32            
6848       1.9318516526         0.5176380902         1.23e-32            
6849       1.9318516526         0.5176380902         1.23e-32            
6850       1.9318516526         0.5176380902         1.23e-32            
6851       1.9318516526         0.5176380902         1.23e-32            
6852       1.9318516526         0.5176380902         1.23e-32            
6853       1.9318516526         0.5176380902         1.23e-32            
6854       1.9318516526         0.5176380902         1.23e-32            
6855       1.9318516526         0.5176380902         1.23e-32            
6856       1.9318516526         0.5176380902         1.23e-32            
6857       1.9318516526         0.5176380902         1.23e-32            
6858       1.9318516526         0.5176380902         1.23e-32            
6859       1.9318516526         0.5176380902         1.23e-32            
6860       1.9318516526         0.5176380902         1.23e-32            
6861       1.9318516526         0.5176380902         1.23e-32            
6862       1.9318516526         0.5176380902         1.23e-32            
6863       1.9318516526         0.5176380902         1.23e-32            
6864       1.9318516526         0.5176380902         1.23e-32            
6865       1.9318516526         0.5176380902         1.23e-32            
6866       1.9318516526         0.5176380902         1.23e-32            
6867       1.9318516526         0.5176380902         1.23e-32            
6868       1.9318516526         0.5176380902         1.23e-32            
6869       1.9318516526         0.5176380902         1.23e-32            
6870       1.9318516526         0.5176380902         1.23e-32            
6871       1.9318516526         0.5176380902         1.23e-32            
6872       1.9318516526         0.5176380902         1.23e-32            
6873       1.9318516526         0.5176380902         1.23e-32            
6874       1.9318516526         0.5176380902         1.23e-32            
6875       1.9318516526         0.5176380902         1.23e-32            
6876       1.9318516526         0.5176380902         1.23e-32            
6877       1.9318516526         0.5176380902         1.23e-32            
6878       1.9318516526         0.5176380902         1.23e-32            
6879       1.9318516526         0.5176380902         1.23e-32            
6880       1.9318516526         0.5176380902         1.23e-32            
6881       1.9318516526         0.5176380902         1.23e-32            
6882       1.9318516526         0.5176380902         1.23e-32            
6883       1.9318516526         0.5176380902         1.23e-32            
6884       1.9318516526         0.5176380902         1.23e-32            
6885       1.9318516526         0.5176380902         1.23e-32            
6886       1.9318516526         0.5176380902         1.23e-32            
6887       1.9318516526         0.5176380902         1.23e-32            
6888       1.9318516526         0.5176380902         1.23e-32            
6889       1.9318516526         0.5176380902         1.23e-32            
6890       1.9318516526         0.5176380902         1.23e-32            
6891       1.9318516526         0.5176380902         1.23e-32            
6892       1.9318516526         0.5176380902         1.23e-32            
6893       1.9318516526         0.5176380902         1.23e-32            
6894       1.9318516526         0.5176380902         1.23e-32            
6895       1.9318516526         0.5176380902         1.23e-32            
6896       1.9318516526         0.5176380902         1.23e-32            
6897       1.9318516526         0.5176380902         1.23e-32            
6898       1.9318516526         0.5176380902         1.23e-32            
6899       1.9318516526         0.5176380902         1.23e-32            
6900       1.9318516526         0.5176380902         1.23e-32            
6901       1.9318516526         0.5176380902         1.23e-32            
6902       1.9318516526         0.5176380902         1.23e-32            
6903       1.9318516526         0.5176380902         1.23e-32            
6904       1.9318516526         0.5176380902         1.23e-32            
6905       1.9318516526         0.5176380902         1.23e-32            
6906       1.9318516526         0.5176380902         1.23e-32            
6907       1.9318516526         0.5176380902         1.23e-32            
6908       1.9318516526         0.5176380902         1.23e-32            
6909       1.9318516526         0.5176380902         1.23e-32            
6910       1.9318516526         0.5176380902         1.23e-32            
6911       1.9318516526         0.5176380902         1.23e-32            
6912       1.9318516526         0.5176380902         1.23e-32            
6913       1.9318516526         0.5176380902         1.23e-32            
6914       1.9318516526         0.5176380902         1.23e-32            
6915       1.9318516526         0.5176380902         1.23e-32            
6916       1.9318516526         0.5176380902         1.23e-32            
6917       1.9318516526         0.5176380902         1.23e-32            
6918       1.9318516526         0.5176380902         1.23e-32            
6919       1.9318516526         0.5176380902         1.23e-32            
6920       1.9318516526         0.5176380902         1.23e-32            
6921       1.9318516526         0.5176380902         1.23e-32            
6922       1.9318516526         0.5176380902         1.23e-32            
6923       1.9318516526         0.5176380902         1.23e-32            
6924       1.9318516526         0.5176380902         1.23e-32            
6925       1.9318516526         0.5176380902         1.23e-32            
6926       1.9318516526         0.5176380902         1.23e-32            
6927       1.9318516526         0.5176380902         1.23e-32            
6928       1.9318516526         0.5176380902         1.23e-32            
6929       1.9318516526         0.5176380902         1.23e-32            
6930       1.9318516526         0.5176380902         1.23e-32            
6931       1.9318516526         0.5176380902         1.23e-32            
6932       1.9318516526         0.5176380902         1.23e-32            
6933       1.9318516526         0.5176380902         1.23e-32            
6934       1.9318516526         0.5176380902         1.23e-32            
6935       1.9318516526         0.5176380902         1.23e-32            
6936       1.9318516526         0.5176380902         1.23e-32            
6937       1.9318516526         0.5176380902         1.23e-32            
6938       1.9318516526         0.5176380902         1.23e-32            
6939       1.9318516526         0.5176380902         1.23e-32            
6940       1.9318516526         0.5176380902         1.23e-32            
6941       1.9318516526         0.5176380902         1.23e-32            
6942       1.9318516526         0.5176380902         1.23e-32            
6943       1.9318516526         0.5176380902         1.23e-32            
6944       1.9318516526         0.5176380902         1.23e-32            
6945       1.9318516526         0.5176380902         1.23e-32            
6946       1.9318516526         0.5176380902         1.23e-32            
6947       1.9318516526         0.5176380902         1.23e-32            
6948       1.9318516526         0.5176380902         1.23e-32            
6949       1.9318516526         0.5176380902         1.23e-32            
6950       1.9318516526         0.5176380902         1.23e-32            
6951       1.9318516526         0.5176380902         1.23e-32            
6952       1.9318516526         0.5176380902         1.23e-32            
6953       1.9318516526         0.5176380902         1.23e-32            
6954       1.9318516526         0.5176380902         1.23e-32            
6955       1.9318516526         0.5176380902         1.23e-32            
6956       1.9318516526         0.5176380902         1.23e-32            
6957       1.9318516526         0.5176380902         1.23e-32            
6958       1.9318516526         0.5176380902         1.23e-32            
6959       1.9318516526         0.5176380902         1.23e-32            
6960       1.9318516526         0.5176380902         1.23e-32            
6961       1.9318516526         0.5176380902         1.23e-32            
6962       1.9318516526         0.5176380902         1.23e-32            
6963       1.9318516526         0.5176380902         1.23e-32            
6964       1.9318516526         0.5176380902         1.23e-32            
6965       1.9318516526         0.5176380902         1.23e-32            
6966       1.9318516526         0.5176380902         1.23e-32            
6967       1.9318516526         0.5176380902         1.23e-32            
6968       1.9318516526         0.5176380902         1.23e-32            
6969       1.9318516526         0.5176380902         1.23e-32            
6970       1.9318516526         0.5176380902         1.23e-32            
6971       1.9318516526         0.5176380902         1.23e-32            
6972       1.9318516526         0.5176380902         1.23e-32            
6973       1.9318516526         0.5176380902         1.23e-32            
6974       1.9318516526         0.5176380902         1.23e-32            
6975       1.9318516526         0.5176380902         1.23e-32            
6976       1.9318516526         0.5176380902         1.23e-32            
6977       1.9318516526         0.5176380902         1.23e-32            
6978       1.9318516526         0.5176380902         1.23e-32            
6979       1.9318516526         0.5176380902         1.23e-32            
6980       1.9318516526         0.5176380902         1.23e-32            
6981       1.9318516526         0.5176380902         1.23e-32            
6982       1.9318516526         0.5176380902         1.23e-32            
6983       1.9318516526         0.5176380902         1.23e-32            
6984       1.9318516526         0.5176380902         1.23e-32            
6985       1.9318516526         0.5176380902         1.23e-32            
6986       1.9318516526         0.5176380902         1.23e-32            
6987       1.9318516526         0.5176380902         1.23e-32            
6988       1.9318516526         0.5176380902         1.23e-32            
6989       1.9318516526         0.5176380902         1.23e-32            
6990       1.9318516526         0.5176380902         1.23e-32            
6991       1.9318516526         0.5176380902         1.23e-32            
6992       1.9318516526         0.5176380902         1.23e-32            
6993       1.9318516526         0.5176380902         1.23e-32            
6994       1.9318516526         0.5176380902         1.23e-32            
6995       1.9318516526         0.5176380902         1.23e-32            
6996       1.9318516526         0.5176380902         1.23e-32            
6997       1.9318516526         0.5176380902         1.23e-32            
6998       1.9318516526         0.5176380902         1.23e-32            
6999       1.9318516526         0.5176380902         1.23e-32            
7000       1.9318516526         0.5176380902         1.23e-32            
7001       1.9318516526         0.5176380902         1.23e-32            
7002       1.9318516526         0.5176380902         1.23e-32            
7003       1.9318516526         0.5176380902         1.23e-32            
7004       1.9318516526         0.5176380902         1.23e-32            
7005       1.9318516526         0.5176380902         1.23e-32            
7006       1.9318516526         0.5176380902         1.23e-32            
7007       1.9318516526         0.5176380902         1.23e-32            
7008       1.9318516526         0.5176380902         1.23e-32            
7009       1.9318516526         0.5176380902         1.23e-32            
7010       1.9318516526         0.5176380902         1.23e-32            
7011       1.9318516526         0.5176380902         1.23e-32            
7012       1.9318516526         0.5176380902         1.23e-32            
7013       1.9318516526         0.5176380902         1.23e-32            
7014       1.9318516526         0.5176380902         1.23e-32            
7015       1.9318516526         0.5176380902         1.23e-32            
7016       1.9318516526         0.5176380902         1.23e-32            
7017       1.9318516526         0.5176380902         1.23e-32            
7018       1.9318516526         0.5176380902         1.23e-32            
7019       1.9318516526         0.5176380902         1.23e-32            
7020       1.9318516526         0.5176380902         1.23e-32            
7021       1.9318516526         0.5176380902         1.23e-32            
7022       1.9318516526         0.5176380902         1.23e-32            
7023       1.9318516526         0.5176380902         1.23e-32            
7024       1.9318516526         0.5176380902         1.23e-32            
7025       1.9318516526         0.5176380902         1.23e-32            
7026       1.9318516526         0.5176380902         1.23e-32            
7027       1.9318516526         0.5176380902         1.23e-32            
7028       1.9318516526         0.5176380902         1.23e-32            
7029       1.9318516526         0.5176380902         1.23e-32            
7030       1.9318516526         0.5176380902         1.23e-32            
7031       1.9318516526         0.5176380902         1.23e-32            
7032       1.9318516526         0.5176380902         1.23e-32            
7033       1.9318516526         0.5176380902         1.23e-32            
7034       1.9318516526         0.5176380902         1.23e-32            
7035       1.9318516526         0.5176380902         1.23e-32            
7036       1.9318516526         0.5176380902         1.23e-32            
7037       1.9318516526         0.5176380902         1.23e-32            
7038       1.9318516526         0.5176380902         1.23e-32            
7039       1.9318516526         0.5176380902         1.23e-32            
7040       1.9318516526         0.5176380902         1.23e-32            
7041       1.9318516526         0.5176380902         1.23e-32            
7042       1.9318516526         0.5176380902         1.23e-32            
7043       1.9318516526         0.5176380902         1.23e-32            
7044       1.9318516526         0.5176380902         1.23e-32            
7045       1.9318516526         0.5176380902         1.23e-32            
7046       1.9318516526         0.5176380902         1.23e-32            
7047       1.9318516526         0.5176380902         1.23e-32            
7048       1.9318516526         0.5176380902         1.23e-32            
7049       1.9318516526         0.5176380902         1.23e-32            
7050       1.9318516526         0.5176380902         1.23e-32            
7051       1.9318516526         0.5176380902         1.23e-32            
7052       1.9318516526         0.5176380902         1.23e-32            
7053       1.9318516526         0.5176380902         1.23e-32            
7054       1.9318516526         0.5176380902         1.23e-32            
7055       1.9318516526         0.5176380902         1.23e-32            
7056       1.9318516526         0.5176380902         1.23e-32            
7057       1.9318516526         0.5176380902         1.23e-32            
7058       1.9318516526         0.5176380902         1.23e-32            
7059       1.9318516526         0.5176380902         1.23e-32            
7060       1.9318516526         0.5176380902         1.23e-32            
7061       1.9318516526         0.5176380902         1.23e-32            
7062       1.9318516526         0.5176380902         1.23e-32            
7063       1.9318516526         0.5176380902         1.23e-32            
7064       1.9318516526         0.5176380902         1.23e-32            
7065       1.9318516526         0.5176380902         1.23e-32            
7066       1.9318516526         0.5176380902         1.23e-32            
7067       1.9318516526         0.5176380902         1.23e-32            
7068       1.9318516526         0.5176380902         1.23e-32            
7069       1.9318516526         0.5176380902         1.23e-32            
7070       1.9318516526         0.5176380902         1.23e-32            
7071       1.9318516526         0.5176380902         1.23e-32            
7072       1.9318516526         0.5176380902         1.23e-32            
7073       1.9318516526         0.5176380902         1.23e-32            
7074       1.9318516526         0.5176380902         1.23e-32            
7075       1.9318516526         0.5176380902         1.23e-32            
7076       1.9318516526         0.5176380902         1.23e-32            
7077       1.9318516526         0.5176380902         1.23e-32            
7078       1.9318516526         0.5176380902         1.23e-32            
7079       1.9318516526         0.5176380902         1.23e-32            
7080       1.9318516526         0.5176380902         1.23e-32            
7081       1.9318516526         0.5176380902         1.23e-32            
7082       1.9318516526         0.5176380902         1.23e-32            
7083       1.9318516526         0.5176380902         1.23e-32            
7084       1.9318516526         0.5176380902         1.23e-32            
7085       1.9318516526         0.5176380902         1.23e-32            
7086       1.9318516526         0.5176380902         1.23e-32            
7087       1.9318516526         0.5176380902         1.23e-32            
7088       1.9318516526         0.5176380902         1.23e-32            
7089       1.9318516526         0.5176380902         1.23e-32            
7090       1.9318516526         0.5176380902         1.23e-32            
7091       1.9318516526         0.5176380902         1.23e-32            
7092       1.9318516526         0.5176380902         1.23e-32            
7093       1.9318516526         0.5176380902         1.23e-32            
7094       1.9318516526         0.5176380902         1.23e-32            
7095       1.9318516526         0.5176380902         1.23e-32            
7096       1.9318516526         0.5176380902         1.23e-32            
7097       1.9318516526         0.5176380902         1.23e-32            
7098       1.9318516526         0.5176380902         1.23e-32            
7099       1.9318516526         0.5176380902         1.23e-32            
7100       1.9318516526         0.5176380902         1.23e-32            
7101       1.9318516526         0.5176380902         1.23e-32            
7102       1.9318516526         0.5176380902         1.23e-32            
7103       1.9318516526         0.5176380902         1.23e-32            
7104       1.9318516526         0.5176380902         1.23e-32            
7105       1.9318516526         0.5176380902         1.23e-32            
7106       1.9318516526         0.5176380902         1.23e-32            
7107       1.9318516526         0.5176380902         1.23e-32            
7108       1.9318516526         0.5176380902         1.23e-32            
7109       1.9318516526         0.5176380902         1.23e-32            
7110       1.9318516526         0.5176380902         1.23e-32            
7111       1.9318516526         0.5176380902         1.23e-32            
7112       1.9318516526         0.5176380902         1.23e-32            
7113       1.9318516526         0.5176380902         1.23e-32            
7114       1.9318516526         0.5176380902         1.23e-32            
7115       1.9318516526         0.5176380902         1.23e-32            
7116       1.9318516526         0.5176380902         1.23e-32            
7117       1.9318516526         0.5176380902         1.23e-32            
7118       1.9318516526         0.5176380902         1.23e-32            
7119       1.9318516526         0.5176380902         1.23e-32            
7120       1.9318516526         0.5176380902         1.23e-32            
7121       1.9318516526         0.5176380902         1.23e-32            
7122       1.9318516526         0.5176380902         1.23e-32            
7123       1.9318516526         0.5176380902         1.23e-32            
7124       1.9318516526         0.5176380902         1.23e-32            
7125       1.9318516526         0.5176380902         1.23e-32            
7126       1.9318516526         0.5176380902         1.23e-32            
7127       1.9318516526         0.5176380902         1.23e-32            
7128       1.9318516526         0.5176380902         1.23e-32            
7129       1.9318516526         0.5176380902         1.23e-32            
7130       1.9318516526         0.5176380902         1.23e-32            
7131       1.9318516526         0.5176380902         1.23e-32            
7132       1.9318516526         0.5176380902         1.23e-32            
7133       1.9318516526         0.5176380902         1.23e-32            
7134       1.9318516526         0.5176380902         1.23e-32            
7135       1.9318516526         0.5176380902         1.23e-32            
7136       1.9318516526         0.5176380902         1.23e-32            
7137       1.9318516526         0.5176380902         1.23e-32            
7138       1.9318516526         0.5176380902         1.23e-32            
7139       1.9318516526         0.5176380902         1.23e-32            
7140       1.9318516526         0.5176380902         1.23e-32            
7141       1.9318516526         0.5176380902         1.23e-32            
7142       1.9318516526         0.5176380902         1.23e-32            
7143       1.9318516526         0.5176380902         1.23e-32            
7144       1.9318516526         0.5176380902         1.23e-32            
7145       1.9318516526         0.5176380902         1.23e-32            
7146       1.9318516526         0.5176380902         1.23e-32            
7147       1.9318516526         0.5176380902         1.23e-32            
7148       1.9318516526         0.5176380902         1.23e-32            
7149       1.9318516526         0.5176380902         1.23e-32            
7150       1.9318516526         0.5176380902         1.23e-32            
7151       1.9318516526         0.5176380902         1.23e-32            
7152       1.9318516526         0.5176380902         1.23e-32            
7153       1.9318516526         0.5176380902         1.23e-32            
7154       1.9318516526         0.5176380902         1.23e-32            
7155       1.9318516526         0.5176380902         1.23e-32            
7156       1.9318516526         0.5176380902         1.23e-32            
7157       1.9318516526         0.5176380902         1.23e-32            
7158       1.9318516526         0.5176380902         1.23e-32            
7159       1.9318516526         0.5176380902         1.23e-32            
7160       1.9318516526         0.5176380902         1.23e-32            
7161       1.9318516526         0.5176380902         1.23e-32            
7162       1.9318516526         0.5176380902         1.23e-32            
7163       1.9318516526         0.5176380902         1.23e-32            
7164       1.9318516526         0.5176380902         1.23e-32            
7165       1.9318516526         0.5176380902         1.23e-32            
7166       1.9318516526         0.5176380902         1.23e-32            
7167       1.9318516526         0.5176380902         1.23e-32            
7168       1.9318516526         0.5176380902         1.23e-32            
7169       1.9318516526         0.5176380902         1.23e-32            
7170       1.9318516526         0.5176380902         1.23e-32            
7171       1.9318516526         0.5176380902         1.23e-32            
7172       1.9318516526         0.5176380902         1.23e-32            
7173       1.9318516526         0.5176380902         1.23e-32            
7174       1.9318516526         0.5176380902         1.23e-32            
7175       1.9318516526         0.5176380902         1.23e-32            
7176       1.9318516526         0.5176380902         1.23e-32            
7177       1.9318516526         0.5176380902         1.23e-32            
7178       1.9318516526         0.5176380902         1.23e-32            
7179       1.9318516526         0.5176380902         1.23e-32            
7180       1.9318516526         0.5176380902         1.23e-32            
7181       1.9318516526         0.5176380902         1.23e-32            
7182       1.9318516526         0.5176380902         1.23e-32            
7183       1.9318516526         0.5176380902         1.23e-32            
7184       1.9318516526         0.5176380902         1.23e-32            
7185       1.9318516526         0.5176380902         1.23e-32            
7186       1.9318516526         0.5176380902         1.23e-32            
7187       1.9318516526         0.5176380902         1.23e-32            
7188       1.9318516526         0.5176380902         1.23e-32            
7189       1.9318516526         0.5176380902         1.23e-32            
7190       1.9318516526         0.5176380902         1.23e-32            
7191       1.9318516526         0.5176380902         1.23e-32            
7192       1.9318516526         0.5176380902         1.23e-32            
7193       1.9318516526         0.5176380902         1.23e-32            
7194       1.9318516526         0.5176380902         1.23e-32            
7195       1.9318516526         0.5176380902         1.23e-32            
7196       1.9318516526         0.5176380902         1.23e-32            
7197       1.9318516526         0.5176380902         1.23e-32            
7198       1.9318516526         0.5176380902         1.23e-32            
7199       1.9318516526         0.5176380902         1.23e-32            
7200       1.9318516526         0.5176380902         1.23e-32            
7201       1.9318516526         0.5176380902         1.23e-32            
7202       1.9318516526         0.5176380902         1.23e-32            
7203       1.9318516526         0.5176380902         1.23e-32            
7204       1.9318516526         0.5176380902         1.23e-32            
7205       1.9318516526         0.5176380902         1.23e-32            
7206       1.9318516526         0.5176380902         1.23e-32            
7207       1.9318516526         0.5176380902         1.23e-32            
7208       1.9318516526         0.5176380902         1.23e-32            
7209       1.9318516526         0.5176380902         1.23e-32            
7210       1.9318516526         0.5176380902         1.23e-32            
7211       1.9318516526         0.5176380902         1.23e-32            
7212       1.9318516526         0.5176380902         1.23e-32            
7213       1.9318516526         0.5176380902         1.23e-32            
7214       1.9318516526         0.5176380902         1.23e-32            
7215       1.9318516526         0.5176380902         1.23e-32            
7216       1.9318516526         0.5176380902         1.23e-32            
7217       1.9318516526         0.5176380902         1.23e-32            
7218       1.9318516526         0.5176380902         1.23e-32            
7219       1.9318516526         0.5176380902         1.23e-32            
7220       1.9318516526         0.5176380902         1.23e-32            
7221       1.9318516526         0.5176380902         1.23e-32            
7222       1.9318516526         0.5176380902         1.23e-32            
7223       1.9318516526         0.5176380902         1.23e-32            
7224       1.9318516526         0.5176380902         1.23e-32            
7225       1.9318516526         0.5176380902         1.23e-32            
7226       1.9318516526         0.5176380902         1.23e-32            
7227       1.9318516526         0.5176380902         1.23e-32            
7228       1.9318516526         0.5176380902         1.23e-32            
7229       1.9318516526         0.5176380902         1.23e-32            
7230       1.9318516526         0.5176380902         1.23e-32            
7231       1.9318516526         0.5176380902         1.23e-32            
7232       1.9318516526         0.5176380902         1.23e-32            
7233       1.9318516526         0.5176380902         1.23e-32            
7234       1.9318516526         0.5176380902         1.23e-32            
7235       1.9318516526         0.5176380902         1.23e-32            
7236       1.9318516526         0.5176380902         1.23e-32            
7237       1.9318516526         0.5176380902         1.23e-32            
7238       1.9318516526         0.5176380902         1.23e-32            
7239       1.9318516526         0.5176380902         1.23e-32            
7240       1.9318516526         0.5176380902         1.23e-32            
7241       1.9318516526         0.5176380902         1.23e-32            
7242       1.9318516526         0.5176380902         1.23e-32            
7243       1.9318516526         0.5176380902         1.23e-32            
7244       1.9318516526         0.5176380902         1.23e-32            
7245       1.9318516526         0.5176380902         1.23e-32            
7246       1.9318516526         0.5176380902         1.23e-32            
7247       1.9318516526         0.5176380902         1.23e-32            
7248       1.9318516526         0.5176380902         1.23e-32            
7249       1.9318516526         0.5176380902         1.23e-32            
7250       1.9318516526         0.5176380902         1.23e-32            
7251       1.9318516526         0.5176380902         1.23e-32            
7252       1.9318516526         0.5176380902         1.23e-32            
7253       1.9318516526         0.5176380902         1.23e-32            
7254       1.9318516526         0.5176380902         1.23e-32            
7255       1.9318516526         0.5176380902         1.23e-32            
7256       1.9318516526         0.5176380902         1.23e-32            
7257       1.9318516526         0.5176380902         1.23e-32            
7258       1.9318516526         0.5176380902         1.23e-32            
7259       1.9318516526         0.5176380902         1.23e-32            
7260       1.9318516526         0.5176380902         1.23e-32            
7261       1.9318516526         0.5176380902         1.23e-32            
7262       1.9318516526         0.5176380902         1.23e-32            
7263       1.9318516526         0.5176380902         1.23e-32            
7264       1.9318516526         0.5176380902         1.23e-32            
7265       1.9318516526         0.5176380902         1.23e-32            
7266       1.9318516526         0.5176380902         1.23e-32            
7267       1.9318516526         0.5176380902         1.23e-32            
7268       1.9318516526         0.5176380902         1.23e-32            
7269       1.9318516526         0.5176380902         1.23e-32            
7270       1.9318516526         0.5176380902         1.23e-32            
7271       1.9318516526         0.5176380902         1.23e-32            
7272       1.9318516526         0.5176380902         1.23e-32            
7273       1.9318516526         0.5176380902         1.23e-32            
7274       1.9318516526         0.5176380902         1.23e-32            
7275       1.9318516526         0.5176380902         1.23e-32            
7276       1.9318516526         0.5176380902         1.23e-32            
7277       1.9318516526         0.5176380902         1.23e-32            
7278       1.9318516526         0.5176380902         1.23e-32            
7279       1.9318516526         0.5176380902         1.23e-32            
7280       1.9318516526         0.5176380902         1.23e-32            
7281       1.9318516526         0.5176380902         1.23e-32            
7282       1.9318516526         0.5176380902         1.23e-32            
7283       1.9318516526         0.5176380902         1.23e-32            
7284       1.9318516526         0.5176380902         1.23e-32            
7285       1.9318516526         0.5176380902         1.23e-32            
7286       1.9318516526         0.5176380902         1.23e-32            
7287       1.9318516526         0.5176380902         1.23e-32            
7288       1.9318516526         0.5176380902         1.23e-32            
7289       1.9318516526         0.5176380902         1.23e-32            
7290       1.9318516526         0.5176380902         1.23e-32            
7291       1.9318516526         0.5176380902         1.23e-32            
7292       1.9318516526         0.5176380902         1.23e-32            
7293       1.9318516526         0.5176380902         1.23e-32            
7294       1.9318516526         0.5176380902         1.23e-32            
7295       1.9318516526         0.5176380902         1.23e-32            
7296       1.9318516526         0.5176380902         1.23e-32            
7297       1.9318516526         0.5176380902         1.23e-32            
7298       1.9318516526         0.5176380902         1.23e-32            
7299       1.9318516526         0.5176380902         1.23e-32            
7300       1.9318516526         0.5176380902         1.23e-32            
7301       1.9318516526         0.5176380902         1.23e-32            
7302       1.9318516526         0.5176380902         1.23e-32            
7303       1.9318516526         0.5176380902         1.23e-32            
7304       1.9318516526         0.5176380902         1.23e-32            
7305       1.9318516526         0.5176380902         1.23e-32            
7306       1.9318516526         0.5176380902         1.23e-32            
7307       1.9318516526         0.5176380902         1.23e-32            
7308       1.9318516526         0.5176380902         1.23e-32            
7309       1.9318516526         0.5176380902         1.23e-32            
7310       1.9318516526         0.5176380902         1.23e-32            
7311       1.9318516526         0.5176380902         1.23e-32            
7312       1.9318516526         0.5176380902         1.23e-32            
7313       1.9318516526         0.5176380902         1.23e-32            
7314       1.9318516526         0.5176380902         1.23e-32            
7315       1.9318516526         0.5176380902         1.23e-32            
7316       1.9318516526         0.5176380902         1.23e-32            
7317       1.9318516526         0.5176380902         1.23e-32            
7318       1.9318516526         0.5176380902         1.23e-32            
7319       1.9318516526         0.5176380902         1.23e-32            
7320       1.9318516526         0.5176380902         1.23e-32            
7321       1.9318516526         0.5176380902         1.23e-32            
7322       1.9318516526         0.5176380902         1.23e-32            
7323       1.9318516526         0.5176380902         1.23e-32            
7324       1.9318516526         0.5176380902         1.23e-32            
7325       1.9318516526         0.5176380902         1.23e-32            
7326       1.9318516526         0.5176380902         1.23e-32            
7327       1.9318516526         0.5176380902         1.23e-32            
7328       1.9318516526         0.5176380902         1.23e-32            
7329       1.9318516526         0.5176380902         1.23e-32            
7330       1.9318516526         0.5176380902         1.23e-32            
7331       1.9318516526         0.5176380902         1.23e-32            
7332       1.9318516526         0.5176380902         1.23e-32            
7333       1.9318516526         0.5176380902         1.23e-32            
7334       1.9318516526         0.5176380902         1.23e-32            
7335       1.9318516526         0.5176380902         1.23e-32            
7336       1.9318516526         0.5176380902         1.23e-32            
7337       1.9318516526         0.5176380902         1.23e-32            
7338       1.9318516526         0.5176380902         1.23e-32            
7339       1.9318516526         0.5176380902         1.23e-32            
7340       1.9318516526         0.5176380902         1.23e-32            
7341       1.9318516526         0.5176380902         1.23e-32            
7342       1.9318516526         0.5176380902         1.23e-32            
7343       1.9318516526         0.5176380902         1.23e-32            
7344       1.9318516526         0.5176380902         1.23e-32            
7345       1.9318516526         0.5176380902         1.23e-32            
7346       1.9318516526         0.5176380902         1.23e-32            
7347       1.9318516526         0.5176380902         1.23e-32            
7348       1.9318516526         0.5176380902         1.23e-32            
7349       1.9318516526         0.5176380902         1.23e-32            
7350       1.9318516526         0.5176380902         1.23e-32            
7351       1.9318516526         0.5176380902         1.23e-32            
7352       1.9318516526         0.5176380902         1.23e-32            
7353       1.9318516526         0.5176380902         1.23e-32            
7354       1.9318516526         0.5176380902         1.23e-32            
7355       1.9318516526         0.5176380902         1.23e-32            
7356       1.9318516526         0.5176380902         1.23e-32            
7357       1.9318516526         0.5176380902         1.23e-32            
7358       1.9318516526         0.5176380902         1.23e-32            
7359       1.9318516526         0.5176380902         1.23e-32            
7360       1.9318516526         0.5176380902         1.23e-32            
7361       1.9318516526         0.5176380902         1.23e-32            
7362       1.9318516526         0.5176380902         1.23e-32            
7363       1.9318516526         0.5176380902         1.23e-32            
7364       1.9318516526         0.5176380902         1.23e-32            
7365       1.9318516526         0.5176380902         1.23e-32            
7366       1.9318516526         0.5176380902         1.23e-32            
7367       1.9318516526         0.5176380902         1.23e-32            
7368       1.9318516526         0.5176380902         1.23e-32            
7369       1.9318516526         0.5176380902         1.23e-32            
7370       1.9318516526         0.5176380902         1.23e-32            
7371       1.9318516526         0.5176380902         1.23e-32            
7372       1.9318516526         0.5176380902         1.23e-32            
7373       1.9318516526         0.5176380902         1.23e-32            
7374       1.9318516526         0.5176380902         1.23e-32            
7375       1.9318516526         0.5176380902         1.23e-32            
7376       1.9318516526         0.5176380902         1.23e-32            
7377       1.9318516526         0.5176380902         1.23e-32            
7378       1.9318516526         0.5176380902         1.23e-32            
7379       1.9318516526         0.5176380902         1.23e-32            
7380       1.9318516526         0.5176380902         1.23e-32            
7381       1.9318516526         0.5176380902         1.23e-32            
7382       1.9318516526         0.5176380902         1.23e-32            
7383       1.9318516526         0.5176380902         1.23e-32            
7384       1.9318516526         0.5176380902         1.23e-32            
7385       1.9318516526         0.5176380902         1.23e-32            
7386       1.9318516526         0.5176380902         1.23e-32            
7387       1.9318516526         0.5176380902         1.23e-32            
7388       1.9318516526         0.5176380902         1.23e-32            
7389       1.9318516526         0.5176380902         1.23e-32            
7390       1.9318516526         0.5176380902         1.23e-32            
7391       1.9318516526         0.5176380902         1.23e-32            
7392       1.9318516526         0.5176380902         1.23e-32            
7393       1.9318516526         0.5176380902         1.23e-32            
7394       1.9318516526         0.5176380902         1.23e-32            
7395       1.9318516526         0.5176380902         1.23e-32            
7396       1.9318516526         0.5176380902         1.23e-32            
7397       1.9318516526         0.5176380902         1.23e-32            
7398       1.9318516526         0.5176380902         1.23e-32            
7399       1.9318516526         0.5176380902         1.23e-32            
7400       1.9318516526         0.5176380902         1.23e-32            
7401       1.9318516526         0.5176380902         1.23e-32            
7402       1.9318516526         0.5176380902         1.23e-32            
7403       1.9318516526         0.5176380902         1.23e-32            
7404       1.9318516526         0.5176380902         1.23e-32            
7405       1.9318516526         0.5176380902         1.23e-32            
7406       1.9318516526         0.5176380902         1.23e-32            
7407       1.9318516526         0.5176380902         1.23e-32            
7408       1.9318516526         0.5176380902         1.23e-32            
7409       1.9318516526         0.5176380902         1.23e-32            
7410       1.9318516526         0.5176380902         1.23e-32            
7411       1.9318516526         0.5176380902         1.23e-32            
7412       1.9318516526         0.5176380902         1.23e-32            
7413       1.9318516526         0.5176380902         1.23e-32            
7414       1.9318516526         0.5176380902         1.23e-32            
7415       1.9318516526         0.5176380902         1.23e-32            
7416       1.9318516526         0.5176380902         1.23e-32            
7417       1.9318516526         0.5176380902         1.23e-32            
7418       1.9318516526         0.5176380902         1.23e-32            
7419       1.9318516526         0.5176380902         1.23e-32            
7420       1.9318516526         0.5176380902         1.23e-32            
7421       1.9318516526         0.5176380902         1.23e-32            
7422       1.9318516526         0.5176380902         1.23e-32            
7423       1.9318516526         0.5176380902         1.23e-32            
7424       1.9318516526         0.5176380902         1.23e-32            
7425       1.9318516526         0.5176380902         1.23e-32            
7426       1.9318516526         0.5176380902         1.23e-32            
7427       1.9318516526         0.5176380902         1.23e-32            
7428       1.9318516526         0.5176380902         1.23e-32            
7429       1.9318516526         0.5176380902         1.23e-32            
7430       1.9318516526         0.5176380902         1.23e-32            
7431       1.9318516526         0.5176380902         1.23e-32            
7432       1.9318516526         0.5176380902         1.23e-32            
7433       1.9318516526         0.5176380902         1.23e-32            
7434       1.9318516526         0.5176380902         1.23e-32            
7435       1.9318516526         0.5176380902         1.23e-32            
7436       1.9318516526         0.5176380902         1.23e-32            
7437       1.9318516526         0.5176380902         1.23e-32            
7438       1.9318516526         0.5176380902         1.23e-32            
7439       1.9318516526         0.5176380902         1.23e-32            
7440       1.9318516526         0.5176380902         1.23e-32            
7441       1.9318516526         0.5176380902         1.23e-32            
7442       1.9318516526         0.5176380902         1.23e-32            
7443       1.9318516526         0.5176380902         1.23e-32            
7444       1.9318516526         0.5176380902         1.23e-32            
7445       1.9318516526         0.5176380902         1.23e-32            
7446       1.9318516526         0.5176380902         1.23e-32            
7447       1.9318516526         0.5176380902         1.23e-32            
7448       1.9318516526         0.5176380902         1.23e-32            
7449       1.9318516526         0.5176380902         1.23e-32            
7450       1.9318516526         0.5176380902         1.23e-32            
7451       1.9318516526         0.5176380902         1.23e-32            
7452       1.9318516526         0.5176380902         1.23e-32            
7453       1.9318516526         0.5176380902         1.23e-32            
7454       1.9318516526         0.5176380902         1.23e-32            
7455       1.9318516526         0.5176380902         1.23e-32            
7456       1.9318516526         0.5176380902         1.23e-32            
7457       1.9318516526         0.5176380902         1.23e-32            
7458       1.9318516526         0.5176380902         1.23e-32            
7459       1.9318516526         0.5176380902         1.23e-32            
7460       1.9318516526         0.5176380902         1.23e-32            
7461       1.9318516526         0.5176380902         1.23e-32            
7462       1.9318516526         0.5176380902         1.23e-32            
7463       1.9318516526         0.5176380902         1.23e-32            
7464       1.9318516526         0.5176380902         1.23e-32            
7465       1.9318516526         0.5176380902         1.23e-32            
7466       1.9318516526         0.5176380902         1.23e-32            
7467       1.9318516526         0.5176380902         1.23e-32            
7468       1.9318516526         0.5176380902         1.23e-32            
7469       1.9318516526         0.5176380902         1.23e-32            
7470       1.9318516526         0.5176380902         1.23e-32            
7471       1.9318516526         0.5176380902         1.23e-32            
7472       1.9318516526         0.5176380902         1.23e-32            
7473       1.9318516526         0.5176380902         1.23e-32            
7474       1.9318516526         0.5176380902         1.23e-32            
7475       1.9318516526         0.5176380902         1.23e-32            
7476       1.9318516526         0.5176380902         1.23e-32            
7477       1.9318516526         0.5176380902         1.23e-32            
7478       1.9318516526         0.5176380902         1.23e-32            
7479       1.9318516526         0.5176380902         1.23e-32            
7480       1.9318516526         0.5176380902         1.23e-32            
7481       1.9318516526         0.5176380902         1.23e-32            
7482       1.9318516526         0.5176380902         1.23e-32            
7483       1.9318516526         0.5176380902         1.23e-32            
7484       1.9318516526         0.5176380902         1.23e-32            
7485       1.9318516526         0.5176380902         1.23e-32            
7486       1.9318516526         0.5176380902         1.23e-32            
7487       1.9318516526         0.5176380902         1.23e-32            
7488       1.9318516526         0.5176380902         1.23e-32            
7489       1.9318516526         0.5176380902         1.23e-32            
7490       1.9318516526         0.5176380902         1.23e-32            
7491       1.9318516526         0.5176380902         1.23e-32            
7492       1.9318516526         0.5176380902         1.23e-32            
7493       1.9318516526         0.5176380902         1.23e-32            
7494       1.9318516526         0.5176380902         1.23e-32            
7495       1.9318516526         0.5176380902         1.23e-32            
7496       1.9318516526         0.5176380902         1.23e-32            
7497       1.9318516526         0.5176380902         1.23e-32            
7498       1.9318516526         0.5176380902         1.23e-32            
7499       1.9318516526         0.5176380902         1.23e-32            
7500       1.9318516526         0.5176380902         1.23e-32            
7501       1.9318516526         0.5176380902         1.23e-32            
7502       1.9318516526         0.5176380902         1.23e-32            
7503       1.9318516526         0.5176380902         1.23e-32            
7504       1.9318516526         0.5176380902         1.23e-32            
7505       1.9318516526         0.5176380902         1.23e-32            
7506       1.9318516526         0.5176380902         1.23e-32            
7507       1.9318516526         0.5176380902         1.23e-32            
7508       1.9318516526         0.5176380902         1.23e-32            
7509       1.9318516526         0.5176380902         1.23e-32            
7510       1.9318516526         0.5176380902         1.23e-32            
7511       1.9318516526         0.5176380902         1.23e-32            
7512       1.9318516526         0.5176380902         1.23e-32            
7513       1.9318516526         0.5176380902         1.23e-32            
7514       1.9318516526         0.5176380902         1.23e-32            
7515       1.9318516526         0.5176380902         1.23e-32            
7516       1.9318516526         0.5176380902         1.23e-32            
7517       1.9318516526         0.5176380902         1.23e-32            
7518       1.9318516526         0.5176380902         1.23e-32            
7519       1.9318516526         0.5176380902         1.23e-32            
7520       1.9318516526         0.5176380902         1.23e-32            
7521       1.9318516526         0.5176380902         1.23e-32            
7522       1.9318516526         0.5176380902         1.23e-32            
7523       1.9318516526         0.5176380902         1.23e-32            
7524       1.9318516526         0.5176380902         1.23e-32            
7525       1.9318516526         0.5176380902         1.23e-32            
7526       1.9318516526         0.5176380902         1.23e-32            
7527       1.9318516526         0.5176380902         1.23e-32            
7528       1.9318516526         0.5176380902         1.23e-32            
7529       1.9318516526         0.5176380902         1.23e-32            
7530       1.9318516526         0.5176380902         1.23e-32            
7531       1.9318516526         0.5176380902         1.23e-32            
7532       1.9318516526         0.5176380902         1.23e-32            
7533       1.9318516526         0.5176380902         1.23e-32            
7534       1.9318516526         0.5176380902         1.23e-32            
7535       1.9318516526         0.5176380902         1.23e-32            
7536       1.9318516526         0.5176380902         1.23e-32            
7537       1.9318516526         0.5176380902         1.23e-32            
7538       1.9318516526         0.5176380902         1.23e-32            
7539       1.9318516526         0.5176380902         1.23e-32            
7540       1.9318516526         0.5176380902         1.23e-32            
7541       1.9318516526         0.5176380902         1.23e-32            
7542       1.9318516526         0.5176380902         1.23e-32            
7543       1.9318516526         0.5176380902         1.23e-32            
7544       1.9318516526         0.5176380902         1.23e-32            
7545       1.9318516526         0.5176380902         1.23e-32            
7546       1.9318516526         0.5176380902         1.23e-32            
7547       1.9318516526         0.5176380902         1.23e-32            
7548       1.9318516526         0.5176380902         1.23e-32            
7549       1.9318516526         0.5176380902         1.23e-32            
7550       1.9318516526         0.5176380902         1.23e-32            
7551       1.9318516526         0.5176380902         1.23e-32            
7552       1.9318516526         0.5176380902         1.23e-32            
7553       1.9318516526         0.5176380902         1.23e-32            
7554       1.9318516526         0.5176380902         1.23e-32            
7555       1.9318516526         0.5176380902         1.23e-32            
7556       1.9318516526         0.5176380902         1.23e-32            
7557       1.9318516526         0.5176380902         1.23e-32            
7558       1.9318516526         0.5176380902         1.23e-32            
7559       1.9318516526         0.5176380902         1.23e-32            
7560       1.9318516526         0.5176380902         1.23e-32            
7561       1.9318516526         0.5176380902         1.23e-32            
7562       1.9318516526         0.5176380902         1.23e-32            
7563       1.9318516526         0.5176380902         1.23e-32            
7564       1.9318516526         0.5176380902         1.23e-32            
7565       1.9318516526         0.5176380902         1.23e-32            
7566       1.9318516526         0.5176380902         1.23e-32            
7567       1.9318516526         0.5176380902         1.23e-32            
7568       1.9318516526         0.5176380902         1.23e-32            
7569       1.9318516526         0.5176380902         1.23e-32            
7570       1.9318516526         0.5176380902         1.23e-32            
7571       1.9318516526         0.5176380902         1.23e-32            
7572       1.9318516526         0.5176380902         1.23e-32            
7573       1.9318516526         0.5176380902         1.23e-32            
7574       1.9318516526         0.5176380902         1.23e-32            
7575       1.9318516526         0.5176380902         1.23e-32            
7576       1.9318516526         0.5176380902         1.23e-32            
7577       1.9318516526         0.5176380902         1.23e-32            
7578       1.9318516526         0.5176380902         1.23e-32            
7579       1.9318516526         0.5176380902         1.23e-32            
7580       1.9318516526         0.5176380902         1.23e-32            
7581       1.9318516526         0.5176380902         1.23e-32            
7582       1.9318516526         0.5176380902         1.23e-32            
7583       1.9318516526         0.5176380902         1.23e-32            
7584       1.9318516526         0.5176380902         1.23e-32            
7585       1.9318516526         0.5176380902         1.23e-32            
7586       1.9318516526         0.5176380902         1.23e-32            
7587       1.9318516526         0.5176380902         1.23e-32            
7588       1.9318516526         0.5176380902         1.23e-32            
7589       1.9318516526         0.5176380902         1.23e-32            
7590       1.9318516526         0.5176380902         1.23e-32            
7591       1.9318516526         0.5176380902         1.23e-32            
7592       1.9318516526         0.5176380902         1.23e-32            
7593       1.9318516526         0.5176380902         1.23e-32            
7594       1.9318516526         0.5176380902         1.23e-32            
7595       1.9318516526         0.5176380902         1.23e-32            
7596       1.9318516526         0.5176380902         1.23e-32            
7597       1.9318516526         0.5176380902         1.23e-32            
7598       1.9318516526         0.5176380902         1.23e-32            
7599       1.9318516526         0.5176380902         1.23e-32            
7600       1.9318516526         0.5176380902         1.23e-32            
7601       1.9318516526         0.5176380902         1.23e-32            
7602       1.9318516526         0.5176380902         1.23e-32            
7603       1.9318516526         0.5176380902         1.23e-32            
7604       1.9318516526         0.5176380902         1.23e-32            
7605       1.9318516526         0.5176380902         1.23e-32            
7606       1.9318516526         0.5176380902         1.23e-32            
7607       1.9318516526         0.5176380902         1.23e-32            
7608       1.9318516526         0.5176380902         1.23e-32            
7609       1.9318516526         0.5176380902         1.23e-32            
7610       1.9318516526         0.5176380902         1.23e-32            
7611       1.9318516526         0.5176380902         1.23e-32            
7612       1.9318516526         0.5176380902         1.23e-32            
7613       1.9318516526         0.5176380902         1.23e-32            
7614       1.9318516526         0.5176380902         1.23e-32            
7615       1.9318516526         0.5176380902         1.23e-32            
7616       1.9318516526         0.5176380902         1.23e-32            
7617       1.9318516526         0.5176380902         1.23e-32            
7618       1.9318516526         0.5176380902         1.23e-32            
7619       1.9318516526         0.5176380902         1.23e-32            
7620       1.9318516526         0.5176380902         1.23e-32            
7621       1.9318516526         0.5176380902         1.23e-32            
7622       1.9318516526         0.5176380902         1.23e-32            
7623       1.9318516526         0.5176380902         1.23e-32            
7624       1.9318516526         0.5176380902         1.23e-32            
7625       1.9318516526         0.5176380902         1.23e-32            
7626       1.9318516526         0.5176380902         1.23e-32            
7627       1.9318516526         0.5176380902         1.23e-32            
7628       1.9318516526         0.5176380902         1.23e-32            
7629       1.9318516526         0.5176380902         1.23e-32            
7630       1.9318516526         0.5176380902         1.23e-32            
7631       1.9318516526         0.5176380902         1.23e-32            
7632       1.9318516526         0.5176380902         1.23e-32            
7633       1.9318516526         0.5176380902         1.23e-32            
7634       1.9318516526         0.5176380902         1.23e-32            
7635       1.9318516526         0.5176380902         1.23e-32            
7636       1.9318516526         0.5176380902         1.23e-32            
7637       1.9318516526         0.5176380902         1.23e-32            
7638       1.9318516526         0.5176380902         1.23e-32            
7639       1.9318516526         0.5176380902         1.23e-32            
7640       1.9318516526         0.5176380902         1.23e-32            
7641       1.9318516526         0.5176380902         1.23e-32            
7642       1.9318516526         0.5176380902         1.23e-32            
7643       1.9318516526         0.5176380902         1.23e-32            
7644       1.9318516526         0.5176380902         1.23e-32            
7645       1.9318516526         0.5176380902         1.23e-32            
7646       1.9318516526         0.5176380902         1.23e-32            
7647       1.9318516526         0.5176380902         1.23e-32            
7648       1.9318516526         0.5176380902         1.23e-32            
7649       1.9318516526         0.5176380902         1.23e-32            
7650       1.9318516526         0.5176380902         1.23e-32            
7651       1.9318516526         0.5176380902         1.23e-32            
7652       1.9318516526         0.5176380902         1.23e-32            
7653       1.9318516526         0.5176380902         1.23e-32            
7654       1.9318516526         0.5176380902         1.23e-32            
7655       1.9318516526         0.5176380902         1.23e-32            
7656       1.9318516526         0.5176380902         1.23e-32            
7657       1.9318516526         0.5176380902         1.23e-32            
7658       1.9318516526         0.5176380902         1.23e-32            
7659       1.9318516526         0.5176380902         1.23e-32            
7660       1.9318516526         0.5176380902         1.23e-32            
7661       1.9318516526         0.5176380902         1.23e-32            
7662       1.9318516526         0.5176380902         1.23e-32            
7663       1.9318516526         0.5176380902         1.23e-32            
7664       1.9318516526         0.5176380902         1.23e-32            
7665       1.9318516526         0.5176380902         1.23e-32            
7666       1.9318516526         0.5176380902         1.23e-32            
7667       1.9318516526         0.5176380902         1.23e-32            
7668       1.9318516526         0.5176380902         1.23e-32            
7669       1.9318516526         0.5176380902         1.23e-32            
7670       1.9318516526         0.5176380902         1.23e-32            
7671       1.9318516526         0.5176380902         1.23e-32            
7672       1.9318516526         0.5176380902         1.23e-32            
7673       1.9318516526         0.5176380902         1.23e-32            
7674       1.9318516526         0.5176380902         1.23e-32            
7675       1.9318516526         0.5176380902         1.23e-32            
7676       1.9318516526         0.5176380902         1.23e-32            
7677       1.9318516526         0.5176380902         1.23e-32            
7678       1.9318516526         0.5176380902         1.23e-32            
7679       1.9318516526         0.5176380902         1.23e-32            
7680       1.9318516526         0.5176380902         1.23e-32            
7681       1.9318516526         0.5176380902         1.23e-32            
7682       1.9318516526         0.5176380902         1.23e-32            
7683       1.9318516526         0.5176380902         1.23e-32            
7684       1.9318516526         0.5176380902         1.23e-32            
7685       1.9318516526         0.5176380902         1.23e-32            
7686       1.9318516526         0.5176380902         1.23e-32            
7687       1.9318516526         0.5176380902         1.23e-32            
7688       1.9318516526         0.5176380902         1.23e-32            
7689       1.9318516526         0.5176380902         1.23e-32            
7690       1.9318516526         0.5176380902         1.23e-32            
7691       1.9318516526         0.5176380902         1.23e-32            
7692       1.9318516526         0.5176380902         1.23e-32            
7693       1.9318516526         0.5176380902         1.23e-32            
7694       1.9318516526         0.5176380902         1.23e-32            
7695       1.9318516526         0.5176380902         1.23e-32            
7696       1.9318516526         0.5176380902         1.23e-32            
7697       1.9318516526         0.5176380902         1.23e-32            
7698       1.9318516526         0.5176380902         1.23e-32            
7699       1.9318516526         0.5176380902         1.23e-32            
7700       1.9318516526         0.5176380902         1.23e-32            
7701       1.9318516526         0.5176380902         1.23e-32            
7702       1.9318516526         0.5176380902         1.23e-32            
7703       1.9318516526         0.5176380902         1.23e-32            
7704       1.9318516526         0.5176380902         1.23e-32            
7705       1.9318516526         0.5176380902         1.23e-32            
7706       1.9318516526         0.5176380902         1.23e-32            
7707       1.9318516526         0.5176380902         1.23e-32            
7708       1.9318516526         0.5176380902         1.23e-32            
7709       1.9318516526         0.5176380902         1.23e-32            
7710       1.9318516526         0.5176380902         1.23e-32            
7711       1.9318516526         0.5176380902         1.23e-32            
7712       1.9318516526         0.5176380902         1.23e-32            
7713       1.9318516526         0.5176380902         1.23e-32            
7714       1.9318516526         0.5176380902         1.23e-32            
7715       1.9318516526         0.5176380902         1.23e-32            
7716       1.9318516526         0.5176380902         1.23e-32            
7717       1.9318516526         0.5176380902         1.23e-32            
7718       1.9318516526         0.5176380902         1.23e-32            
7719       1.9318516526         0.5176380902         1.23e-32            
7720       1.9318516526         0.5176380902         1.23e-32            
7721       1.9318516526         0.5176380902         1.23e-32            
7722       1.9318516526         0.5176380902         1.23e-32            
7723       1.9318516526         0.5176380902         1.23e-32            
7724       1.9318516526         0.5176380902         1.23e-32            
7725       1.9318516526         0.5176380902         1.23e-32            
7726       1.9318516526         0.5176380902         1.23e-32            
7727       1.9318516526         0.5176380902         1.23e-32            
7728       1.9318516526         0.5176380902         1.23e-32            
7729       1.9318516526         0.5176380902         1.23e-32            
7730       1.9318516526         0.5176380902         1.23e-32            
7731       1.9318516526         0.5176380902         1.23e-32            
7732       1.9318516526         0.5176380902         1.23e-32            
7733       1.9318516526         0.5176380902         1.23e-32            
7734       1.9318516526         0.5176380902         1.23e-32            
7735       1.9318516526         0.5176380902         1.23e-32            
7736       1.9318516526         0.5176380902         1.23e-32            
7737       1.9318516526         0.5176380902         1.23e-32            
7738       1.9318516526         0.5176380902         1.23e-32            
7739       1.9318516526         0.5176380902         1.23e-32            
7740       1.9318516526         0.5176380902         1.23e-32            
7741       1.9318516526         0.5176380902         1.23e-32            
7742       1.9318516526         0.5176380902         1.23e-32            
7743       1.9318516526         0.5176380902         1.23e-32            
7744       1.9318516526         0.5176380902         1.23e-32            
7745       1.9318516526         0.5176380902         1.23e-32            
7746       1.9318516526         0.5176380902         1.23e-32            
7747       1.9318516526         0.5176380902         1.23e-32            
7748       1.9318516526         0.5176380902         1.23e-32            
7749       1.9318516526         0.5176380902         1.23e-32            
7750       1.9318516526         0.5176380902         1.23e-32            
7751       1.9318516526         0.5176380902         1.23e-32            
7752       1.9318516526         0.5176380902         1.23e-32            
7753       1.9318516526         0.5176380902         1.23e-32            
7754       1.9318516526         0.5176380902         1.23e-32            
7755       1.9318516526         0.5176380902         1.23e-32            
7756       1.9318516526         0.5176380902         1.23e-32            
7757       1.9318516526         0.5176380902         1.23e-32            
7758       1.9318516526         0.5176380902         1.23e-32            
7759       1.9318516526         0.5176380902         1.23e-32            
7760       1.9318516526         0.5176380902         1.23e-32            
7761       1.9318516526         0.5176380902         1.23e-32            
7762       1.9318516526         0.5176380902         1.23e-32            
7763       1.9318516526         0.5176380902         1.23e-32            
7764       1.9318516526         0.5176380902         1.23e-32            
7765       1.9318516526         0.5176380902         1.23e-32            
7766       1.9318516526         0.5176380902         1.23e-32            
7767       1.9318516526         0.5176380902         1.23e-32            
7768       1.9318516526         0.5176380902         1.23e-32            
7769       1.9318516526         0.5176380902         1.23e-32            
7770       1.9318516526         0.5176380902         1.23e-32            
7771       1.9318516526         0.5176380902         1.23e-32            
7772       1.9318516526         0.5176380902         1.23e-32            
7773       1.9318516526         0.5176380902         1.23e-32            
7774       1.9318516526         0.5176380902         1.23e-32            
7775       1.9318516526         0.5176380902         1.23e-32            
7776       1.9318516526         0.5176380902         1.23e-32            
7777       1.9318516526         0.5176380902         1.23e-32            
7778       1.9318516526         0.5176380902         1.23e-32            
7779       1.9318516526         0.5176380902         1.23e-32            
7780       1.9318516526         0.5176380902         1.23e-32            
7781       1.9318516526         0.5176380902         1.23e-32            
7782       1.9318516526         0.5176380902         1.23e-32            
7783       1.9318516526         0.5176380902         1.23e-32            
7784       1.9318516526         0.5176380902         1.23e-32            
7785       1.9318516526         0.5176380902         1.23e-32            
7786       1.9318516526         0.5176380902         1.23e-32            
7787       1.9318516526         0.5176380902         1.23e-32            
7788       1.9318516526         0.5176380902         1.23e-32            
7789       1.9318516526         0.5176380902         1.23e-32            
7790       1.9318516526         0.5176380902         1.23e-32            
7791       1.9318516526         0.5176380902         1.23e-32            
7792       1.9318516526         0.5176380902         1.23e-32            
7793       1.9318516526         0.5176380902         1.23e-32            
7794       1.9318516526         0.5176380902         1.23e-32            
7795       1.9318516526         0.5176380902         1.23e-32            
7796       1.9318516526         0.5176380902         1.23e-32            
7797       1.9318516526         0.5176380902         1.23e-32            
7798       1.9318516526         0.5176380902         1.23e-32            
7799       1.9318516526         0.5176380902         1.23e-32            
7800       1.9318516526         0.5176380902         1.23e-32            
7801       1.9318516526         0.5176380902         1.23e-32            
7802       1.9318516526         0.5176380902         1.23e-32            
7803       1.9318516526         0.5176380902         1.23e-32            
7804       1.9318516526         0.5176380902         1.23e-32            
7805       1.9318516526         0.5176380902         1.23e-32            
7806       1.9318516526         0.5176380902         1.23e-32            
7807       1.9318516526         0.5176380902         1.23e-32            
7808       1.9318516526         0.5176380902         1.23e-32            
7809       1.9318516526         0.5176380902         1.23e-32            
7810       1.9318516526         0.5176380902         1.23e-32            
7811       1.9318516526         0.5176380902         1.23e-32            
7812       1.9318516526         0.5176380902         1.23e-32            
7813       1.9318516526         0.5176380902         1.23e-32            
7814       1.9318516526         0.5176380902         1.23e-32            
7815       1.9318516526         0.5176380902         1.23e-32            
7816       1.9318516526         0.5176380902         1.23e-32            
7817       1.9318516526         0.5176380902         1.23e-32            
7818       1.9318516526         0.5176380902         1.23e-32            
7819       1.9318516526         0.5176380902         1.23e-32            
7820       1.9318516526         0.5176380902         1.23e-32            
7821       1.9318516526         0.5176380902         1.23e-32            
7822       1.9318516526         0.5176380902         1.23e-32            
7823       1.9318516526         0.5176380902         1.23e-32            
7824       1.9318516526         0.5176380902         1.23e-32            
7825       1.9318516526         0.5176380902         1.23e-32            
7826       1.9318516526         0.5176380902         1.23e-32            
7827       1.9318516526         0.5176380902         1.23e-32            
7828       1.9318516526         0.5176380902         1.23e-32            
7829       1.9318516526         0.5176380902         1.23e-32            
7830       1.9318516526         0.5176380902         1.23e-32            
7831       1.9318516526         0.5176380902         1.23e-32            
7832       1.9318516526         0.5176380902         1.23e-32            
7833       1.9318516526         0.5176380902         1.23e-32            
7834       1.9318516526         0.5176380902         1.23e-32            
7835       1.9318516526         0.5176380902         1.23e-32            
7836       1.9318516526         0.5176380902         1.23e-32            
7837       1.9318516526         0.5176380902         1.23e-32            
7838       1.9318516526         0.5176380902         1.23e-32            
7839       1.9318516526         0.5176380902         1.23e-32            
7840       1.9318516526         0.5176380902         1.23e-32            
7841       1.9318516526         0.5176380902         1.23e-32            
7842       1.9318516526         0.5176380902         1.23e-32            
7843       1.9318516526         0.5176380902         1.23e-32            
7844       1.9318516526         0.5176380902         1.23e-32            
7845       1.9318516526         0.5176380902         1.23e-32            
7846       1.9318516526         0.5176380902         1.23e-32            
7847       1.9318516526         0.5176380902         1.23e-32            
7848       1.9318516526         0.5176380902         1.23e-32            
7849       1.9318516526         0.5176380902         1.23e-32            
7850       1.9318516526         0.5176380902         1.23e-32            
7851       1.9318516526         0.5176380902         1.23e-32            
7852       1.9318516526         0.5176380902         1.23e-32            
7853       1.9318516526         0.5176380902         1.23e-32            
7854       1.9318516526         0.5176380902         1.23e-32            
7855       1.9318516526         0.5176380902         1.23e-32            
7856       1.9318516526         0.5176380902         1.23e-32            
7857       1.9318516526         0.5176380902         1.23e-32            
7858       1.9318516526         0.5176380902         1.23e-32            
7859       1.9318516526         0.5176380902         1.23e-32            
7860       1.9318516526         0.5176380902         1.23e-32            
7861       1.9318516526         0.5176380902         1.23e-32            
7862       1.9318516526         0.5176380902         1.23e-32            
7863       1.9318516526         0.5176380902         1.23e-32            
7864       1.9318516526         0.5176380902         1.23e-32            
7865       1.9318516526         0.5176380902         1.23e-32            
7866       1.9318516526         0.5176380902         1.23e-32            
7867       1.9318516526         0.5176380902         1.23e-32            
7868       1.9318516526         0.5176380902         1.23e-32            
7869       1.9318516526         0.5176380902         1.23e-32            
7870       1.9318516526         0.5176380902         1.23e-32            
7871       1.9318516526         0.5176380902         1.23e-32            
7872       1.9318516526         0.5176380902         1.23e-32            
7873       1.9318516526         0.5176380902         1.23e-32            
7874       1.9318516526         0.5176380902         1.23e-32            
7875       1.9318516526         0.5176380902         1.23e-32            
7876       1.9318516526         0.5176380902         1.23e-32            
7877       1.9318516526         0.5176380902         1.23e-32            
7878       1.9318516526         0.5176380902         1.23e-32            
7879       1.9318516526         0.5176380902         1.23e-32            
7880       1.9318516526         0.5176380902         1.23e-32            
7881       1.9318516526         0.5176380902         1.23e-32            
7882       1.9318516526         0.5176380902         1.23e-32            
7883       1.9318516526         0.5176380902         1.23e-32            
7884       1.9318516526         0.5176380902         1.23e-32            
7885       1.9318516526         0.5176380902         1.23e-32            
7886       1.9318516526         0.5176380902         1.23e-32            
7887       1.9318516526         0.5176380902         1.23e-32            
7888       1.9318516526         0.5176380902         1.23e-32            
7889       1.9318516526         0.5176380902         1.23e-32            
7890       1.9318516526         0.5176380902         1.23e-32            
7891       1.9318516526         0.5176380902         1.23e-32            
7892       1.9318516526         0.5176380902         1.23e-32            
7893       1.9318516526         0.5176380902         1.23e-32            
7894       1.9318516526         0.5176380902         1.23e-32            
7895       1.9318516526         0.5176380902         1.23e-32            
7896       1.9318516526         0.5176380902         1.23e-32            
7897       1.9318516526         0.5176380902         1.23e-32            
7898       1.9318516526         0.5176380902         1.23e-32            
7899       1.9318516526         0.5176380902         1.23e-32            
7900       1.9318516526         0.5176380902         1.23e-32            
7901       1.9318516526         0.5176380902         1.23e-32            
7902       1.9318516526         0.5176380902         1.23e-32            
7903       1.9318516526         0.5176380902         1.23e-32            
7904       1.9318516526         0.5176380902         1.23e-32            
7905       1.9318516526         0.5176380902         1.23e-32            
7906       1.9318516526         0.5176380902         1.23e-32            
7907       1.9318516526         0.5176380902         1.23e-32            
7908       1.9318516526         0.5176380902         1.23e-32            
7909       1.9318516526         0.5176380902         1.23e-32            
7910       1.9318516526         0.5176380902         1.23e-32            
7911       1.9318516526         0.5176380902         1.23e-32            
7912       1.9318516526         0.5176380902         1.23e-32            
7913       1.9318516526         0.5176380902         1.23e-32            
7914       1.9318516526         0.5176380902         1.23e-32            
7915       1.9318516526         0.5176380902         1.23e-32            
7916       1.9318516526         0.5176380902         1.23e-32            
7917       1.9318516526         0.5176380902         1.23e-32            
7918       1.9318516526         0.5176380902         1.23e-32            
7919       1.9318516526         0.5176380902         1.23e-32            
7920       1.9318516526         0.5176380902         1.23e-32            
7921       1.9318516526         0.5176380902         1.23e-32            
7922       1.9318516526         0.5176380902         1.23e-32            
7923       1.9318516526         0.5176380902         1.23e-32            
7924       1.9318516526         0.5176380902         1.23e-32            
7925       1.9318516526         0.5176380902         1.23e-32            
7926       1.9318516526         0.5176380902         1.23e-32            
7927       1.9318516526         0.5176380902         1.23e-32            
7928       1.9318516526         0.5176380902         1.23e-32            
7929       1.9318516526         0.5176380902         1.23e-32            
7930       1.9318516526         0.5176380902         1.23e-32            
7931       1.9318516526         0.5176380902         1.23e-32            
7932       1.9318516526         0.5176380902         1.23e-32            
7933       1.9318516526         0.5176380902         1.23e-32            
7934       1.9318516526         0.5176380902         1.23e-32            
7935       1.9318516526         0.5176380902         1.23e-32            
7936       1.9318516526         0.5176380902         1.23e-32            
7937       1.9318516526         0.5176380902         1.23e-32            
7938       1.9318516526         0.5176380902         1.23e-32            
7939       1.9318516526         0.5176380902         1.23e-32            
7940       1.9318516526         0.5176380902         1.23e-32            
7941       1.9318516526         0.5176380902         1.23e-32            
7942       1.9318516526         0.5176380902         1.23e-32            
7943       1.9318516526         0.5176380902         1.23e-32            
7944       1.9318516526         0.5176380902         1.23e-32            
7945       1.9318516526         0.5176380902         1.23e-32            
7946       1.9318516526         0.5176380902         1.23e-32            
7947       1.9318516526         0.5176380902         1.23e-32            
7948       1.9318516526         0.5176380902         1.23e-32            
7949       1.9318516526         0.5176380902         1.23e-32            
7950       1.9318516526         0.5176380902         1.23e-32            
7951       1.9318516526         0.5176380902         1.23e-32            
7952       1.9318516526         0.5176380902         1.23e-32            
7953       1.9318516526         0.5176380902         1.23e-32            
7954       1.9318516526         0.5176380902         1.23e-32            
7955       1.9318516526         0.5176380902         1.23e-32            
7956       1.9318516526         0.5176380902         1.23e-32            
7957       1.9318516526         0.5176380902         1.23e-32            
7958       1.9318516526         0.5176380902         1.23e-32            
7959       1.9318516526         0.5176380902         1.23e-32            
7960       1.9318516526         0.5176380902         1.23e-32            
7961       1.9318516526         0.5176380902         1.23e-32            
7962       1.9318516526         0.5176380902         1.23e-32            
7963       1.9318516526         0.5176380902         1.23e-32            
7964       1.9318516526         0.5176380902         1.23e-32            
7965       1.9318516526         0.5176380902         1.23e-32            
7966       1.9318516526         0.5176380902         1.23e-32            
7967       1.9318516526         0.5176380902         1.23e-32            
7968       1.9318516526         0.5176380902         1.23e-32            
7969       1.9318516526         0.5176380902         1.23e-32            
7970       1.9318516526         0.5176380902         1.23e-32            
7971       1.9318516526         0.5176380902         1.23e-32            
7972       1.9318516526         0.5176380902         1.23e-32            
7973       1.9318516526         0.5176380902         1.23e-32            
7974       1.9318516526         0.5176380902         1.23e-32            
7975       1.9318516526         0.5176380902         1.23e-32            
7976       1.9318516526         0.5176380902         1.23e-32            
7977       1.9318516526         0.5176380902         1.23e-32            
7978       1.9318516526         0.5176380902         1.23e-32            
7979       1.9318516526         0.5176380902         1.23e-32            
7980       1.9318516526         0.5176380902         1.23e-32            
7981       1.9318516526         0.5176380902         1.23e-32            
7982       1.9318516526         0.5176380902         1.23e-32            
7983       1.9318516526         0.5176380902         1.23e-32            
7984       1.9318516526         0.5176380902         1.23e-32            
7985       1.9318516526         0.5176380902         1.23e-32            
7986       1.9318516526         0.5176380902         1.23e-32            
7987       1.9318516526         0.5176380902         1.23e-32            
7988       1.9318516526         0.5176380902         1.23e-32            
7989       1.9318516526         0.5176380902         1.23e-32            
7990       1.9318516526         0.5176380902         1.23e-32            
7991       1.9318516526         0.5176380902         1.23e-32            
7992       1.9318516526         0.5176380902         1.23e-32            
7993       1.9318516526         0.5176380902         1.23e-32            
7994       1.9318516526         0.5176380902         1.23e-32            
7995       1.9318516526         0.5176380902         1.23e-32            
7996       1.9318516526         0.5176380902         1.23e-32            
7997       1.9318516526         0.5176380902         1.23e-32            
7998       1.9318516526         0.5176380902         1.23e-32            
7999       1.9318516526         0.5176380902         1.23e-32            
8000       1.9318516526         0.5176380902         1.23e-32            
8001       1.9318516526         0.5176380902         1.23e-32            
8002       1.9318516526         0.5176380902         1.23e-32            
8003       1.9318516526         0.5176380902         1.23e-32            
8004       1.9318516526         0.5176380902         1.23e-32            
8005       1.9318516526         0.5176380902         1.23e-32            
8006       1.9318516526         0.5176380902         1.23e-32            
8007       1.9318516526         0.5176380902         1.23e-32            
8008       1.9318516526         0.5176380902         1.23e-32            
8009       1.9318516526         0.5176380902         1.23e-32            
8010       1.9318516526         0.5176380902         1.23e-32            
8011       1.9318516526         0.5176380902         1.23e-32            
8012       1.9318516526         0.5176380902         1.23e-32            
8013       1.9318516526         0.5176380902         1.23e-32            
8014       1.9318516526         0.5176380902         1.23e-32            
8015       1.9318516526         0.5176380902         1.23e-32            
8016       1.9318516526         0.5176380902         1.23e-32            
8017       1.9318516526         0.5176380902         1.23e-32            
8018       1.9318516526         0.5176380902         1.23e-32            
8019       1.9318516526         0.5176380902         1.23e-32            
8020       1.9318516526         0.5176380902         1.23e-32            
8021       1.9318516526         0.5176380902         1.23e-32            
8022       1.9318516526         0.5176380902         1.23e-32            
8023       1.9318516526         0.5176380902         1.23e-32            
8024       1.9318516526         0.5176380902         1.23e-32            
8025       1.9318516526         0.5176380902         1.23e-32            
8026       1.9318516526         0.5176380902         1.23e-32            
8027       1.9318516526         0.5176380902         1.23e-32            
8028       1.9318516526         0.5176380902         1.23e-32            
8029       1.9318516526         0.5176380902         1.23e-32            
8030       1.9318516526         0.5176380902         1.23e-32            
8031       1.9318516526         0.5176380902         1.23e-32            
8032       1.9318516526         0.5176380902         1.23e-32            
8033       1.9318516526         0.5176380902         1.23e-32            
8034       1.9318516526         0.5176380902         1.23e-32            
8035       1.9318516526         0.5176380902         1.23e-32            
8036       1.9318516526         0.5176380902         1.23e-32            
8037       1.9318516526         0.5176380902         1.23e-32            
8038       1.9318516526         0.5176380902         1.23e-32            
8039       1.9318516526         0.5176380902         1.23e-32            
8040       1.9318516526         0.5176380902         1.23e-32            
8041       1.9318516526         0.5176380902         1.23e-32            
8042       1.9318516526         0.5176380902         1.23e-32            
8043       1.9318516526         0.5176380902         1.23e-32            
8044       1.9318516526         0.5176380902         1.23e-32            
8045       1.9318516526         0.5176380902         1.23e-32            
8046       1.9318516526         0.5176380902         1.23e-32            
8047       1.9318516526         0.5176380902         1.23e-32            
8048       1.9318516526         0.5176380902         1.23e-32            
8049       1.9318516526         0.5176380902         1.23e-32            
8050       1.9318516526         0.5176380902         1.23e-32            
8051       1.9318516526         0.5176380902         1.23e-32            
8052       1.9318516526         0.5176380902         1.23e-32            
8053       1.9318516526         0.5176380902         1.23e-32            
8054       1.9318516526         0.5176380902         1.23e-32            
8055       1.9318516526         0.5176380902         1.23e-32            
8056       1.9318516526         0.5176380902         1.23e-32            
8057       1.9318516526         0.5176380902         1.23e-32            
8058       1.9318516526         0.5176380902         1.23e-32            
8059       1.9318516526         0.5176380902         1.23e-32            
8060       1.9318516526         0.5176380902         1.23e-32            
8061       1.9318516526         0.5176380902         1.23e-32            
8062       1.9318516526         0.5176380902         1.23e-32            
8063       1.9318516526         0.5176380902         1.23e-32            
8064       1.9318516526         0.5176380902         1.23e-32            
8065       1.9318516526         0.5176380902         1.23e-32            
8066       1.9318516526         0.5176380902         1.23e-32            
8067       1.9318516526         0.5176380902         1.23e-32            
8068       1.9318516526         0.5176380902         1.23e-32            
8069       1.9318516526         0.5176380902         1.23e-32            
8070       1.9318516526         0.5176380902         1.23e-32            
8071       1.9318516526         0.5176380902         1.23e-32            
8072       1.9318516526         0.5176380902         1.23e-32            
8073       1.9318516526         0.5176380902         1.23e-32            
8074       1.9318516526         0.5176380902         1.23e-32            
8075       1.9318516526         0.5176380902         1.23e-32            
8076       1.9318516526         0.5176380902         1.23e-32            
8077       1.9318516526         0.5176380902         1.23e-32            
8078       1.9318516526         0.5176380902         1.23e-32            
8079       1.9318516526         0.5176380902         1.23e-32            
8080       1.9318516526         0.5176380902         1.23e-32            
8081       1.9318516526         0.5176380902         1.23e-32            
8082       1.9318516526         0.5176380902         1.23e-32            
8083       1.9318516526         0.5176380902         1.23e-32            
8084       1.9318516526         0.5176380902         1.23e-32            
8085       1.9318516526         0.5176380902         1.23e-32            
8086       1.9318516526         0.5176380902         1.23e-32            
8087       1.9318516526         0.5176380902         1.23e-32            
8088       1.9318516526         0.5176380902         1.23e-32            
8089       1.9318516526         0.5176380902         1.23e-32            
8090       1.9318516526         0.5176380902         1.23e-32            
8091       1.9318516526         0.5176380902         1.23e-32            
8092       1.9318516526         0.5176380902         1.23e-32            
8093       1.9318516526         0.5176380902         1.23e-32            
8094       1.9318516526         0.5176380902         1.23e-32            
8095       1.9318516526         0.5176380902         1.23e-32            
8096       1.9318516526         0.5176380902         1.23e-32            
8097       1.9318516526         0.5176380902         1.23e-32            
8098       1.9318516526         0.5176380902         1.23e-32            
8099       1.9318516526         0.5176380902         1.23e-32            
8100       1.9318516526         0.5176380902         1.23e-32            
8101       1.9318516526         0.5176380902         1.23e-32            
8102       1.9318516526         0.5176380902         1.23e-32            
8103       1.9318516526         0.5176380902         1.23e-32            
8104       1.9318516526         0.5176380902         1.23e-32            
8105       1.9318516526         0.5176380902         1.23e-32            
8106       1.9318516526         0.5176380902         1.23e-32            
8107       1.9318516526         0.5176380902         1.23e-32            
8108       1.9318516526         0.5176380902         1.23e-32            
8109       1.9318516526         0.5176380902         1.23e-32            
8110       1.9318516526         0.5176380902         1.23e-32            
8111       1.9318516526         0.5176380902         1.23e-32            
8112       1.9318516526         0.5176380902         1.23e-32            
8113       1.9318516526         0.5176380902         1.23e-32            
8114       1.9318516526         0.5176380902         1.23e-32            
8115       1.9318516526         0.5176380902         1.23e-32            
8116       1.9318516526         0.5176380902         1.23e-32            
8117       1.9318516526         0.5176380902         1.23e-32            
8118       1.9318516526         0.5176380902         1.23e-32            
8119       1.9318516526         0.5176380902         1.23e-32            
8120       1.9318516526         0.5176380902         1.23e-32            
8121       1.9318516526         0.5176380902         1.23e-32            
8122       1.9318516526         0.5176380902         1.23e-32            
8123       1.9318516526         0.5176380902         1.23e-32            
8124       1.9318516526         0.5176380902         1.23e-32            
8125       1.9318516526         0.5176380902         1.23e-32            
8126       1.9318516526         0.5176380902         1.23e-32            
8127       1.9318516526         0.5176380902         1.23e-32            
8128       1.9318516526         0.5176380902         1.23e-32            
8129       1.9318516526         0.5176380902         1.23e-32            
8130       1.9318516526         0.5176380902         1.23e-32            
8131       1.9318516526         0.5176380902         1.23e-32            
8132       1.9318516526         0.5176380902         1.23e-32            
8133       1.9318516526         0.5176380902         1.23e-32            
8134       1.9318516526         0.5176380902         1.23e-32            
8135       1.9318516526         0.5176380902         1.23e-32            
8136       1.9318516526         0.5176380902         1.23e-32            
8137       1.9318516526         0.5176380902         1.23e-32            
8138       1.9318516526         0.5176380902         1.23e-32            
8139       1.9318516526         0.5176380902         1.23e-32            
8140       1.9318516526         0.5176380902         1.23e-32            
8141       1.9318516526         0.5176380902         1.23e-32            
8142       1.9318516526         0.5176380902         1.23e-32            
8143       1.9318516526         0.5176380902         1.23e-32            
8144       1.9318516526         0.5176380902         1.23e-32            
8145       1.9318516526         0.5176380902         1.23e-32            
8146       1.9318516526         0.5176380902         1.23e-32            
8147       1.9318516526         0.5176380902         1.23e-32            
8148       1.9318516526         0.5176380902         1.23e-32            
8149       1.9318516526         0.5176380902         1.23e-32            
8150       1.9318516526         0.5176380902         1.23e-32            
8151       1.9318516526         0.5176380902         1.23e-32            
8152       1.9318516526         0.5176380902         1.23e-32            
8153       1.9318516526         0.5176380902         1.23e-32            
8154       1.9318516526         0.5176380902         1.23e-32            
8155       1.9318516526         0.5176380902         1.23e-32            
8156       1.9318516526         0.5176380902         1.23e-32            
8157       1.9318516526         0.5176380902         1.23e-32            
8158       1.9318516526         0.5176380902         1.23e-32            
8159       1.9318516526         0.5176380902         1.23e-32            
8160       1.9318516526         0.5176380902         1.23e-32            
8161       1.9318516526         0.5176380902         1.23e-32            
8162       1.9318516526         0.5176380902         1.23e-32            
8163       1.9318516526         0.5176380902         1.23e-32            
8164       1.9318516526         0.5176380902         1.23e-32            
8165       1.9318516526         0.5176380902         1.23e-32            
8166       1.9318516526         0.5176380902         1.23e-32            
8167       1.9318516526         0.5176380902         1.23e-32            
8168       1.9318516526         0.5176380902         1.23e-32            
8169       1.9318516526         0.5176380902         1.23e-32            
8170       1.9318516526         0.5176380902         1.23e-32            
8171       1.9318516526         0.5176380902         1.23e-32            
8172       1.9318516526         0.5176380902         1.23e-32            
8173       1.9318516526         0.5176380902         1.23e-32            
8174       1.9318516526         0.5176380902         1.23e-32            
8175       1.9318516526         0.5176380902         1.23e-32            
8176       1.9318516526         0.5176380902         1.23e-32            
8177       1.9318516526         0.5176380902         1.23e-32            
8178       1.9318516526         0.5176380902         1.23e-32            
8179       1.9318516526         0.5176380902         1.23e-32            
8180       1.9318516526         0.5176380902         1.23e-32            
8181       1.9318516526         0.5176380902         1.23e-32            
8182       1.9318516526         0.5176380902         1.23e-32            
8183       1.9318516526         0.5176380902         1.23e-32            
8184       1.9318516526         0.5176380902         1.23e-32            
8185       1.9318516526         0.5176380902         1.23e-32            
8186       1.9318516526         0.5176380902         1.23e-32            
8187       1.9318516526         0.5176380902         1.23e-32            
8188       1.9318516526         0.5176380902         1.23e-32            
8189       1.9318516526         0.5176380902         1.23e-32            
8190       1.9318516526         0.5176380902         1.23e-32            
8191       1.9318516526         0.5176380902         1.23e-32            
8192       1.9318516526         0.5176380902         1.23e-32            
8193       1.9318516526         0.5176380902         1.23e-32            
8194       1.9318516526         0.5176380902         1.23e-32            
8195       1.9318516526         0.5176380902         1.23e-32            
8196       1.9318516526         0.5176380902         1.23e-32            
8197       1.9318516526         0.5176380902         1.23e-32            
8198       1.9318516526         0.5176380902         1.23e-32            
8199       1.9318516526         0.5176380902         1.23e-32            
8200       1.9318516526         0.5176380902         1.23e-32            
8201       1.9318516526         0.5176380902         1.23e-32            
8202       1.9318516526         0.5176380902         1.23e-32            
8203       1.9318516526         0.5176380902         1.23e-32            
8204       1.9318516526         0.5176380902         1.23e-32            
8205       1.9318516526         0.5176380902         1.23e-32            
8206       1.9318516526         0.5176380902         1.23e-32            
8207       1.9318516526         0.5176380902         1.23e-32            
8208       1.9318516526         0.5176380902         1.23e-32            
8209       1.9318516526         0.5176380902         1.23e-32            
8210       1.9318516526         0.5176380902         1.23e-32            
8211       1.9318516526         0.5176380902         1.23e-32            
8212       1.9318516526         0.5176380902         1.23e-32            
8213       1.9318516526         0.5176380902         1.23e-32            
8214       1.9318516526         0.5176380902         1.23e-32            
8215       1.9318516526         0.5176380902         1.23e-32            
8216       1.9318516526         0.5176380902         1.23e-32            
8217       1.9318516526         0.5176380902         1.23e-32            
8218       1.9318516526         0.5176380902         1.23e-32            
8219       1.9318516526         0.5176380902         1.23e-32            
8220       1.9318516526         0.5176380902         1.23e-32            
8221       1.9318516526         0.5176380902         1.23e-32            
8222       1.9318516526         0.5176380902         1.23e-32            
8223       1.9318516526         0.5176380902         1.23e-32            
8224       1.9318516526         0.5176380902         1.23e-32            
8225       1.9318516526         0.5176380902         1.23e-32            
8226       1.9318516526         0.5176380902         1.23e-32            
8227       1.9318516526         0.5176380902         1.23e-32            
8228       1.9318516526         0.5176380902         1.23e-32            
8229       1.9318516526         0.5176380902         1.23e-32            
8230       1.9318516526         0.5176380902         1.23e-32            
8231       1.9318516526         0.5176380902         1.23e-32            
8232       1.9318516526         0.5176380902         1.23e-32            
8233       1.9318516526         0.5176380902         1.23e-32            
8234       1.9318516526         0.5176380902         1.23e-32            
8235       1.9318516526         0.5176380902         1.23e-32            
8236       1.9318516526         0.5176380902         1.23e-32            
8237       1.9318516526         0.5176380902         1.23e-32            
8238       1.9318516526         0.5176380902         1.23e-32            
8239       1.9318516526         0.5176380902         1.23e-32            
8240       1.9318516526         0.5176380902         1.23e-32            
8241       1.9318516526         0.5176380902         1.23e-32            
8242       1.9318516526         0.5176380902         1.23e-32            
8243       1.9318516526         0.5176380902         1.23e-32            
8244       1.9318516526         0.5176380902         1.23e-32            
8245       1.9318516526         0.5176380902         1.23e-32            
8246       1.9318516526         0.5176380902         1.23e-32            
8247       1.9318516526         0.5176380902         1.23e-32            
8248       1.9318516526         0.5176380902         1.23e-32            
8249       1.9318516526         0.5176380902         1.23e-32            
8250       1.9318516526         0.5176380902         1.23e-32            
8251       1.9318516526         0.5176380902         1.23e-32            
8252       1.9318516526         0.5176380902         1.23e-32            
8253       1.9318516526         0.5176380902         1.23e-32            
8254       1.9318516526         0.5176380902         1.23e-32            
8255       1.9318516526         0.5176380902         1.23e-32            
8256       1.9318516526         0.5176380902         1.23e-32            
8257       1.9318516526         0.5176380902         1.23e-32            
8258       1.9318516526         0.5176380902         1.23e-32            
8259       1.9318516526         0.5176380902         1.23e-32            
8260       1.9318516526         0.5176380902         1.23e-32            
8261       1.9318516526         0.5176380902         1.23e-32            
8262       1.9318516526         0.5176380902         1.23e-32            
8263       1.9318516526         0.5176380902         1.23e-32            
8264       1.9318516526         0.5176380902         1.23e-32            
8265       1.9318516526         0.5176380902         1.23e-32            
8266       1.9318516526         0.5176380902         1.23e-32            
8267       1.9318516526         0.5176380902         1.23e-32            
8268       1.9318516526         0.5176380902         1.23e-32            
8269       1.9318516526         0.5176380902         1.23e-32            
8270       1.9318516526         0.5176380902         1.23e-32            
8271       1.9318516526         0.5176380902         1.23e-32            
8272       1.9318516526         0.5176380902         1.23e-32            
8273       1.9318516526         0.5176380902         1.23e-32            
8274       1.9318516526         0.5176380902         1.23e-32            
8275       1.9318516526         0.5176380902         1.23e-32            
8276       1.9318516526         0.5176380902         1.23e-32            
8277       1.9318516526         0.5176380902         1.23e-32            
8278       1.9318516526         0.5176380902         1.23e-32            
8279       1.9318516526         0.5176380902         1.23e-32            
8280       1.9318516526         0.5176380902         1.23e-32            
8281       1.9318516526         0.5176380902         1.23e-32            
8282       1.9318516526         0.5176380902         1.23e-32            
8283       1.9318516526         0.5176380902         1.23e-32            
8284       1.9318516526         0.5176380902         1.23e-32            
8285       1.9318516526         0.5176380902         1.23e-32            
8286       1.9318516526         0.5176380902         1.23e-32            
8287       1.9318516526         0.5176380902         1.23e-32            
8288       1.9318516526         0.5176380902         1.23e-32            
8289       1.9318516526         0.5176380902         1.23e-32            
8290       1.9318516526         0.5176380902         1.23e-32            
8291       1.9318516526         0.5176380902         1.23e-32            
8292       1.9318516526         0.5176380902         1.23e-32            
8293       1.9318516526         0.5176380902         1.23e-32            
8294       1.9318516526         0.5176380902         1.23e-32            
8295       1.9318516526         0.5176380902         1.23e-32            
8296       1.9318516526         0.5176380902         1.23e-32            
8297       1.9318516526         0.5176380902         1.23e-32            
8298       1.9318516526         0.5176380902         1.23e-32            
8299       1.9318516526         0.5176380902         1.23e-32            
8300       1.9318516526         0.5176380902         1.23e-32            
8301       1.9318516526         0.5176380902         1.23e-32            
8302       1.9318516526         0.5176380902         1.23e-32            
8303       1.9318516526         0.5176380902         1.23e-32            
8304       1.9318516526         0.5176380902         1.23e-32            
8305       1.9318516526         0.5176380902         1.23e-32            
8306       1.9318516526         0.5176380902         1.23e-32            
8307       1.9318516526         0.5176380902         1.23e-32            
8308       1.9318516526         0.5176380902         1.23e-32            
8309       1.9318516526         0.5176380902         1.23e-32            
8310       1.9318516526         0.5176380902         1.23e-32            
8311       1.9318516526         0.5176380902         1.23e-32            
8312       1.9318516526         0.5176380902         1.23e-32            
8313       1.9318516526         0.5176380902         1.23e-32            
8314       1.9318516526         0.5176380902         1.23e-32            
8315       1.9318516526         0.5176380902         1.23e-32            
8316       1.9318516526         0.5176380902         1.23e-32            
8317       1.9318516526         0.5176380902         1.23e-32            
8318       1.9318516526         0.5176380902         1.23e-32            
8319       1.9318516526         0.5176380902         1.23e-32            
8320       1.9318516526         0.5176380902         1.23e-32            
8321       1.9318516526         0.5176380902         1.23e-32            
8322       1.9318516526         0.5176380902         1.23e-32            
8323       1.9318516526         0.5176380902         1.23e-32            
8324       1.9318516526         0.5176380902         1.23e-32            
8325       1.9318516526         0.5176380902         1.23e-32            
8326       1.9318516526         0.5176380902         1.23e-32            
8327       1.9318516526         0.5176380902         1.23e-32            
8328       1.9318516526         0.5176380902         1.23e-32            
8329       1.9318516526         0.5176380902         1.23e-32            
8330       1.9318516526         0.5176380902         1.23e-32            
8331       1.9318516526         0.5176380902         1.23e-32            
8332       1.9318516526         0.5176380902         1.23e-32            
8333       1.9318516526         0.5176380902         1.23e-32            
8334       1.9318516526         0.5176380902         1.23e-32            
8335       1.9318516526         0.5176380902         1.23e-32            
8336       1.9318516526         0.5176380902         1.23e-32            
8337       1.9318516526         0.5176380902         1.23e-32            
8338       1.9318516526         0.5176380902         1.23e-32            
8339       1.9318516526         0.5176380902         1.23e-32            
8340       1.9318516526         0.5176380902         1.23e-32            
8341       1.9318516526         0.5176380902         1.23e-32            
8342       1.9318516526         0.5176380902         1.23e-32            
8343       1.9318516526         0.5176380902         1.23e-32            
8344       1.9318516526         0.5176380902         1.23e-32            
8345       1.9318516526         0.5176380902         1.23e-32            
8346       1.9318516526         0.5176380902         1.23e-32            
8347       1.9318516526         0.5176380902         1.23e-32            
8348       1.9318516526         0.5176380902         1.23e-32            
8349       1.9318516526         0.5176380902         1.23e-32            
8350       1.9318516526         0.5176380902         1.23e-32            
8351       1.9318516526         0.5176380902         1.23e-32            
8352       1.9318516526         0.5176380902         1.23e-32            
8353       1.9318516526         0.5176380902         1.23e-32            
8354       1.9318516526         0.5176380902         1.23e-32            
8355       1.9318516526         0.5176380902         1.23e-32            
8356       1.9318516526         0.5176380902         1.23e-32            
8357       1.9318516526         0.5176380902         1.23e-32            
8358       1.9318516526         0.5176380902         1.23e-32            
8359       1.9318516526         0.5176380902         1.23e-32            
8360       1.9318516526         0.5176380902         1.23e-32            
8361       1.9318516526         0.5176380902         1.23e-32            
8362       1.9318516526         0.5176380902         1.23e-32            
8363       1.9318516526         0.5176380902         1.23e-32            
8364       1.9318516526         0.5176380902         1.23e-32            
8365       1.9318516526         0.5176380902         1.23e-32            
8366       1.9318516526         0.5176380902         1.23e-32            
8367       1.9318516526         0.5176380902         1.23e-32            
8368       1.9318516526         0.5176380902         1.23e-32            
8369       1.9318516526         0.5176380902         1.23e-32            
8370       1.9318516526         0.5176380902         1.23e-32            
8371       1.9318516526         0.5176380902         1.23e-32            
8372       1.9318516526         0.5176380902         1.23e-32            
8373       1.9318516526         0.5176380902         1.23e-32            
8374       1.9318516526         0.5176380902         1.23e-32            
8375       1.9318516526         0.5176380902         1.23e-32            
8376       1.9318516526         0.5176380902         1.23e-32            
8377       1.9318516526         0.5176380902         1.23e-32            
8378       1.9318516526         0.5176380902         1.23e-32            
8379       1.9318516526         0.5176380902         1.23e-32            
8380       1.9318516526         0.5176380902         1.23e-32            
8381       1.9318516526         0.5176380902         1.23e-32            
8382       1.9318516526         0.5176380902         1.23e-32            
8383       1.9318516526         0.5176380902         1.23e-32            
8384       1.9318516526         0.5176380902         1.23e-32            
8385       1.9318516526         0.5176380902         1.23e-32            
8386       1.9318516526         0.5176380902         1.23e-32            
8387       1.9318516526         0.5176380902         1.23e-32            
8388       1.9318516526         0.5176380902         1.23e-32            
8389       1.9318516526         0.5176380902         1.23e-32            
8390       1.9318516526         0.5176380902         1.23e-32            
8391       1.9318516526         0.5176380902         1.23e-32            
8392       1.9318516526         0.5176380902         1.23e-32            
8393       1.9318516526         0.5176380902         1.23e-32            
8394       1.9318516526         0.5176380902         1.23e-32            
8395       1.9318516526         0.5176380902         1.23e-32            
8396       1.9318516526         0.5176380902         1.23e-32            
8397       1.9318516526         0.5176380902         1.23e-32            
8398       1.9318516526         0.5176380902         1.23e-32            
8399       1.9318516526         0.5176380902         1.23e-32            
8400       1.9318516526         0.5176380902         1.23e-32            
8401       1.9318516526         0.5176380902         1.23e-32            
8402       1.9318516526         0.5176380902         1.23e-32            
8403       1.9318516526         0.5176380902         1.23e-32            
8404       1.9318516526         0.5176380902         1.23e-32            
8405       1.9318516526         0.5176380902         1.23e-32            
8406       1.9318516526         0.5176380902         1.23e-32            
8407       1.9318516526         0.5176380902         1.23e-32            
8408       1.9318516526         0.5176380902         1.23e-32            
8409       1.9318516526         0.5176380902         1.23e-32            
8410       1.9318516526         0.5176380902         1.23e-32            
8411       1.9318516526         0.5176380902         1.23e-32            
8412       1.9318516526         0.5176380902         1.23e-32            
8413       1.9318516526         0.5176380902         1.23e-32            
8414       1.9318516526         0.5176380902         1.23e-32            
8415       1.9318516526         0.5176380902         1.23e-32            
8416       1.9318516526         0.5176380902         1.23e-32            
8417       1.9318516526         0.5176380902         1.23e-32            
8418       1.9318516526         0.5176380902         1.23e-32            
8419       1.9318516526         0.5176380902         1.23e-32            
8420       1.9318516526         0.5176380902         1.23e-32            
8421       1.9318516526         0.5176380902         1.23e-32            
8422       1.9318516526         0.5176380902         1.23e-32            
8423       1.9318516526         0.5176380902         1.23e-32            
8424       1.9318516526         0.5176380902         1.23e-32            
8425       1.9318516526         0.5176380902         1.23e-32            
8426       1.9318516526         0.5176380902         1.23e-32            
8427       1.9318516526         0.5176380902         1.23e-32            
8428       1.9318516526         0.5176380902         1.23e-32            
8429       1.9318516526         0.5176380902         1.23e-32            
8430       1.9318516526         0.5176380902         1.23e-32            
8431       1.9318516526         0.5176380902         1.23e-32            
8432       1.9318516526         0.5176380902         1.23e-32            
8433       1.9318516526         0.5176380902         1.23e-32            
8434       1.9318516526         0.5176380902         1.23e-32            
8435       1.9318516526         0.5176380902         1.23e-32            
8436       1.9318516526         0.5176380902         1.23e-32            
8437       1.9318516526         0.5176380902         1.23e-32            
8438       1.9318516526         0.5176380902         1.23e-32            
8439       1.9318516526         0.5176380902         1.23e-32            
8440       1.9318516526         0.5176380902         1.23e-32            
8441       1.9318516526         0.5176380902         1.23e-32            
8442       1.9318516526         0.5176380902         1.23e-32            
8443       1.9318516526         0.5176380902         1.23e-32            
8444       1.9318516526         0.5176380902         1.23e-32            
8445       1.9318516526         0.5176380902         1.23e-32            
8446       1.9318516526         0.5176380902         1.23e-32            
8447       1.9318516526         0.5176380902         1.23e-32            
8448       1.9318516526         0.5176380902         1.23e-32            
8449       1.9318516526         0.5176380902         1.23e-32            
8450       1.9318516526         0.5176380902         1.23e-32            
8451       1.9318516526         0.5176380902         1.23e-32            
8452       1.9318516526         0.5176380902         1.23e-32            
8453       1.9318516526         0.5176380902         1.23e-32            
8454       1.9318516526         0.5176380902         1.23e-32            
8455       1.9318516526         0.5176380902         1.23e-32            
8456       1.9318516526         0.5176380902         1.23e-32            
8457       1.9318516526         0.5176380902         1.23e-32            
8458       1.9318516526         0.5176380902         1.23e-32            
8459       1.9318516526         0.5176380902         1.23e-32            
8460       1.9318516526         0.5176380902         1.23e-32            
8461       1.9318516526         0.5176380902         1.23e-32            
8462       1.9318516526         0.5176380902         1.23e-32            
8463       1.9318516526         0.5176380902         1.23e-32            
8464       1.9318516526         0.5176380902         1.23e-32            
8465       1.9318516526         0.5176380902         1.23e-32            
8466       1.9318516526         0.5176380902         1.23e-32            
8467       1.9318516526         0.5176380902         1.23e-32            
8468       1.9318516526         0.5176380902         1.23e-32            
8469       1.9318516526         0.5176380902         1.23e-32            
8470       1.9318516526         0.5176380902         1.23e-32            
8471       1.9318516526         0.5176380902         1.23e-32            
8472       1.9318516526         0.5176380902         1.23e-32            
8473       1.9318516526         0.5176380902         1.23e-32            
8474       1.9318516526         0.5176380902         1.23e-32            
8475       1.9318516526         0.5176380902         1.23e-32            
8476       1.9318516526         0.5176380902         1.23e-32            
8477       1.9318516526         0.5176380902         1.23e-32            
8478       1.9318516526         0.5176380902         1.23e-32            
8479       1.9318516526         0.5176380902         1.23e-32            
8480       1.9318516526         0.5176380902         1.23e-32            
8481       1.9318516526         0.5176380902         1.23e-32            
8482       1.9318516526         0.5176380902         1.23e-32            
8483       1.9318516526         0.5176380902         1.23e-32            
8484       1.9318516526         0.5176380902         1.23e-32            
8485       1.9318516526         0.5176380902         1.23e-32            
8486       1.9318516526         0.5176380902         1.23e-32            
8487       1.9318516526         0.5176380902         1.23e-32            
8488       1.9318516526         0.5176380902         1.23e-32            
8489       1.9318516526         0.5176380902         1.23e-32            
8490       1.9318516526         0.5176380902         1.23e-32            
8491       1.9318516526         0.5176380902         1.23e-32            
8492       1.9318516526         0.5176380902         1.23e-32            
8493       1.9318516526         0.5176380902         1.23e-32            
8494       1.9318516526         0.5176380902         1.23e-32            
8495       1.9318516526         0.5176380902         1.23e-32            
8496       1.9318516526         0.5176380902         1.23e-32            
8497       1.9318516526         0.5176380902         1.23e-32            
8498       1.9318516526         0.5176380902         1.23e-32            
8499       1.9318516526         0.5176380902         1.23e-32            
8500       1.9318516526         0.5176380902         1.23e-32            
8501       1.9318516526         0.5176380902         1.23e-32            
8502       1.9318516526         0.5176380902         1.23e-32            
8503       1.9318516526         0.5176380902         1.23e-32            
8504       1.9318516526         0.5176380902         1.23e-32            
8505       1.9318516526         0.5176380902         1.23e-32            
8506       1.9318516526         0.5176380902         1.23e-32            
8507       1.9318516526         0.5176380902         1.23e-32            
8508       1.9318516526         0.5176380902         1.23e-32            
8509       1.9318516526         0.5176380902         1.23e-32            
8510       1.9318516526         0.5176380902         1.23e-32            
8511       1.9318516526         0.5176380902         1.23e-32            
8512       1.9318516526         0.5176380902         1.23e-32            
8513       1.9318516526         0.5176380902         1.23e-32            
8514       1.9318516526         0.5176380902         1.23e-32            
8515       1.9318516526         0.5176380902         1.23e-32            
8516       1.9318516526         0.5176380902         1.23e-32            
8517       1.9318516526         0.5176380902         1.23e-32            
8518       1.9318516526         0.5176380902         1.23e-32            
8519       1.9318516526         0.5176380902         1.23e-32            
8520       1.9318516526         0.5176380902         1.23e-32            
8521       1.9318516526         0.5176380902         1.23e-32            
8522       1.9318516526         0.5176380902         1.23e-32            
8523       1.9318516526         0.5176380902         1.23e-32            
8524       1.9318516526         0.5176380902         1.23e-32            
8525       1.9318516526         0.5176380902         1.23e-32            
8526       1.9318516526         0.5176380902         1.23e-32            
8527       1.9318516526         0.5176380902         1.23e-32            
8528       1.9318516526         0.5176380902         1.23e-32            
8529       1.9318516526         0.5176380902         1.23e-32            
8530       1.9318516526         0.5176380902         1.23e-32            
8531       1.9318516526         0.5176380902         1.23e-32            
8532       1.9318516526         0.5176380902         1.23e-32            
8533       1.9318516526         0.5176380902         1.23e-32            
8534       1.9318516526         0.5176380902         1.23e-32            
8535       1.9318516526         0.5176380902         1.23e-32            
8536       1.9318516526         0.5176380902         1.23e-32            
8537       1.9318516526         0.5176380902         1.23e-32            
8538       1.9318516526         0.5176380902         1.23e-32            
8539       1.9318516526         0.5176380902         1.23e-32            
8540       1.9318516526         0.5176380902         1.23e-32            
8541       1.9318516526         0.5176380902         1.23e-32            
8542       1.9318516526         0.5176380902         1.23e-32            
8543       1.9318516526         0.5176380902         1.23e-32            
8544       1.9318516526         0.5176380902         1.23e-32            
8545       1.9318516526         0.5176380902         1.23e-32            
8546       1.9318516526         0.5176380902         1.23e-32            
8547       1.9318516526         0.5176380902         1.23e-32            
8548       1.9318516526         0.5176380902         1.23e-32            
8549       1.9318516526         0.5176380902         1.23e-32            
8550       1.9318516526         0.5176380902         1.23e-32            
8551       1.9318516526         0.5176380902         1.23e-32            
8552       1.9318516526         0.5176380902         1.23e-32            
8553       1.9318516526         0.5176380902         1.23e-32            
8554       1.9318516526         0.5176380902         1.23e-32            
8555       1.9318516526         0.5176380902         1.23e-32            
8556       1.9318516526         0.5176380902         1.23e-32            
8557       1.9318516526         0.5176380902         1.23e-32            
8558       1.9318516526         0.5176380902         1.23e-32            
8559       1.9318516526         0.5176380902         1.23e-32            
8560       1.9318516526         0.5176380902         1.23e-32            
8561       1.9318516526         0.5176380902         1.23e-32            
8562       1.9318516526         0.5176380902         1.23e-32            
8563       1.9318516526         0.5176380902         1.23e-32            
8564       1.9318516526         0.5176380902         1.23e-32            
8565       1.9318516526         0.5176380902         1.23e-32            
8566       1.9318516526         0.5176380902         1.23e-32            
8567       1.9318516526         0.5176380902         1.23e-32            
8568       1.9318516526         0.5176380902         1.23e-32            
8569       1.9318516526         0.5176380902         1.23e-32            
8570       1.9318516526         0.5176380902         1.23e-32            
8571       1.9318516526         0.5176380902         1.23e-32            
8572       1.9318516526         0.5176380902         1.23e-32            
8573       1.9318516526         0.5176380902         1.23e-32            
8574       1.9318516526         0.5176380902         1.23e-32            
8575       1.9318516526         0.5176380902         1.23e-32            
8576       1.9318516526         0.5176380902         1.23e-32            
8577       1.9318516526         0.5176380902         1.23e-32            
8578       1.9318516526         0.5176380902         1.23e-32            
8579       1.9318516526         0.5176380902         1.23e-32            
8580       1.9318516526         0.5176380902         1.23e-32            
8581       1.9318516526         0.5176380902         1.23e-32            
8582       1.9318516526         0.5176380902         1.23e-32            
8583       1.9318516526         0.5176380902         1.23e-32            
8584       1.9318516526         0.5176380902         1.23e-32            
8585       1.9318516526         0.5176380902         1.23e-32            
8586       1.9318516526         0.5176380902         1.23e-32            
8587       1.9318516526         0.5176380902         1.23e-32            
8588       1.9318516526         0.5176380902         1.23e-32            
8589       1.9318516526         0.5176380902         1.23e-32            
8590       1.9318516526         0.5176380902         1.23e-32            
8591       1.9318516526         0.5176380902         1.23e-32            
8592       1.9318516526         0.5176380902         1.23e-32            
8593       1.9318516526         0.5176380902         1.23e-32            
8594       1.9318516526         0.5176380902         1.23e-32            
8595       1.9318516526         0.5176380902         1.23e-32            
8596       1.9318516526         0.5176380902         1.23e-32            
8597       1.9318516526         0.5176380902         1.23e-32            
8598       1.9318516526         0.5176380902         1.23e-32            
8599       1.9318516526         0.5176380902         1.23e-32            
8600       1.9318516526         0.5176380902         1.23e-32            
8601       1.9318516526         0.5176380902         1.23e-32            
8602       1.9318516526         0.5176380902         1.23e-32            
8603       1.9318516526         0.5176380902         1.23e-32            
8604       1.9318516526         0.5176380902         1.23e-32            
8605       1.9318516526         0.5176380902         1.23e-32            
8606       1.9318516526         0.5176380902         1.23e-32            
8607       1.9318516526         0.5176380902         1.23e-32            
8608       1.9318516526         0.5176380902         1.23e-32            
8609       1.9318516526         0.5176380902         1.23e-32            
8610       1.9318516526         0.5176380902         1.23e-32            
8611       1.9318516526         0.5176380902         1.23e-32            
8612       1.9318516526         0.5176380902         1.23e-32            
8613       1.9318516526         0.5176380902         1.23e-32            
8614       1.9318516526         0.5176380902         1.23e-32            
8615       1.9318516526         0.5176380902         1.23e-32            
8616       1.9318516526         0.5176380902         1.23e-32            
8617       1.9318516526         0.5176380902         1.23e-32            
8618       1.9318516526         0.5176380902         1.23e-32            
8619       1.9318516526         0.5176380902         1.23e-32            
8620       1.9318516526         0.5176380902         1.23e-32            
8621       1.9318516526         0.5176380902         1.23e-32            
8622       1.9318516526         0.5176380902         1.23e-32            
8623       1.9318516526         0.5176380902         1.23e-32            
8624       1.9318516526         0.5176380902         1.23e-32            
8625       1.9318516526         0.5176380902         1.23e-32            
8626       1.9318516526         0.5176380902         1.23e-32            
8627       1.9318516526         0.5176380902         1.23e-32            
8628       1.9318516526         0.5176380902         1.23e-32            
8629       1.9318516526         0.5176380902         1.23e-32            
8630       1.9318516526         0.5176380902         1.23e-32            
8631       1.9318516526         0.5176380902         1.23e-32            
8632       1.9318516526         0.5176380902         1.23e-32            
8633       1.9318516526         0.5176380902         1.23e-32            
8634       1.9318516526         0.5176380902         1.23e-32            
8635       1.9318516526         0.5176380902         1.23e-32            
8636       1.9318516526         0.5176380902         1.23e-32            
8637       1.9318516526         0.5176380902         1.23e-32            
8638       1.9318516526         0.5176380902         1.23e-32            
8639       1.9318516526         0.5176380902         1.23e-32            
8640       1.9318516526         0.5176380902         1.23e-32            
8641       1.9318516526         0.5176380902         1.23e-32            
8642       1.9318516526         0.5176380902         1.23e-32            
8643       1.9318516526         0.5176380902         1.23e-32            
8644       1.9318516526         0.5176380902         1.23e-32            
8645       1.9318516526         0.5176380902         1.23e-32            
8646       1.9318516526         0.5176380902         1.23e-32            
8647       1.9318516526         0.5176380902         1.23e-32            
8648       1.9318516526         0.5176380902         1.23e-32            
8649       1.9318516526         0.5176380902         1.23e-32            
8650       1.9318516526         0.5176380902         1.23e-32            
8651       1.9318516526         0.5176380902         1.23e-32            
8652       1.9318516526         0.5176380902         1.23e-32            
8653       1.9318516526         0.5176380902         1.23e-32            
8654       1.9318516526         0.5176380902         1.23e-32            
8655       1.9318516526         0.5176380902         1.23e-32            
8656       1.9318516526         0.5176380902         1.23e-32            
8657       1.9318516526         0.5176380902         1.23e-32            
8658       1.9318516526         0.5176380902         1.23e-32            
8659       1.9318516526         0.5176380902         1.23e-32            
8660       1.9318516526         0.5176380902         1.23e-32            
8661       1.9318516526         0.5176380902         1.23e-32            
8662       1.9318516526         0.5176380902         1.23e-32            
8663       1.9318516526         0.5176380902         1.23e-32            
8664       1.9318516526         0.5176380902         1.23e-32            
8665       1.9318516526         0.5176380902         1.23e-32            
8666       1.9318516526         0.5176380902         1.23e-32            
8667       1.9318516526         0.5176380902         1.23e-32            
8668       1.9318516526         0.5176380902         1.23e-32            
8669       1.9318516526         0.5176380902         1.23e-32            
8670       1.9318516526         0.5176380902         1.23e-32            
8671       1.9318516526         0.5176380902         1.23e-32            
8672       1.9318516526         0.5176380902         1.23e-32            
8673       1.9318516526         0.5176380902         1.23e-32            
8674       1.9318516526         0.5176380902         1.23e-32            
8675       1.9318516526         0.5176380902         1.23e-32            
8676       1.9318516526         0.5176380902         1.23e-32            
8677       1.9318516526         0.5176380902         1.23e-32            
8678       1.9318516526         0.5176380902         1.23e-32            
8679       1.9318516526         0.5176380902         1.23e-32            
8680       1.9318516526         0.5176380902         1.23e-32            
8681       1.9318516526         0.5176380902         1.23e-32            
8682       1.9318516526         0.5176380902         1.23e-32            
8683       1.9318516526         0.5176380902         1.23e-32            
8684       1.9318516526         0.5176380902         1.23e-32            
8685       1.9318516526         0.5176380902         1.23e-32            
8686       1.9318516526         0.5176380902         1.23e-32            
8687       1.9318516526         0.5176380902         1.23e-32            
8688       1.9318516526         0.5176380902         1.23e-32            
8689       1.9318516526         0.5176380902         1.23e-32            
8690       1.9318516526         0.5176380902         1.23e-32            
8691       1.9318516526         0.5176380902         1.23e-32            
8692       1.9318516526         0.5176380902         1.23e-32            
8693       1.9318516526         0.5176380902         1.23e-32            
8694       1.9318516526         0.5176380902         1.23e-32            
8695       1.9318516526         0.5176380902         1.23e-32            
8696       1.9318516526         0.5176380902         1.23e-32            
8697       1.9318516526         0.5176380902         1.23e-32            
8698       1.9318516526         0.5176380902         1.23e-32            
8699       1.9318516526         0.5176380902         1.23e-32            
8700       1.9318516526         0.5176380902         1.23e-32            
8701       1.9318516526         0.5176380902         1.23e-32            
8702       1.9318516526         0.5176380902         1.23e-32            
8703       1.9318516526         0.5176380902         1.23e-32            
8704       1.9318516526         0.5176380902         1.23e-32            
8705       1.9318516526         0.5176380902         1.23e-32            
8706       1.9318516526         0.5176380902         1.23e-32            
8707       1.9318516526         0.5176380902         1.23e-32            
8708       1.9318516526         0.5176380902         1.23e-32            
8709       1.9318516526         0.5176380902         1.23e-32            
8710       1.9318516526         0.5176380902         1.23e-32            
8711       1.9318516526         0.5176380902         1.23e-32            
8712       1.9318516526         0.5176380902         1.23e-32            
8713       1.9318516526         0.5176380902         1.23e-32            
8714       1.9318516526         0.5176380902         1.23e-32            
8715       1.9318516526         0.5176380902         1.23e-32            
8716       1.9318516526         0.5176380902         1.23e-32            
8717       1.9318516526         0.5176380902         1.23e-32            
8718       1.9318516526         0.5176380902         1.23e-32            
8719       1.9318516526         0.5176380902         1.23e-32            
8720       1.9318516526         0.5176380902         1.23e-32            
8721       1.9318516526         0.5176380902         1.23e-32            
8722       1.9318516526         0.5176380902         1.23e-32            
8723       1.9318516526         0.5176380902         1.23e-32            
8724       1.9318516526         0.5176380902         1.23e-32            
8725       1.9318516526         0.5176380902         1.23e-32            
8726       1.9318516526         0.5176380902         1.23e-32            
8727       1.9318516526         0.5176380902         1.23e-32            
8728       1.9318516526         0.5176380902         1.23e-32            
8729       1.9318516526         0.5176380902         1.23e-32            
8730       1.9318516526         0.5176380902         1.23e-32            
8731       1.9318516526         0.5176380902         1.23e-32            
8732       1.9318516526         0.5176380902         1.23e-32            
8733       1.9318516526         0.5176380902         1.23e-32            
8734       1.9318516526         0.5176380902         1.23e-32            
8735       1.9318516526         0.5176380902         1.23e-32            
8736       1.9318516526         0.5176380902         1.23e-32            
8737       1.9318516526         0.5176380902         1.23e-32            
8738       1.9318516526         0.5176380902         1.23e-32            
8739       1.9318516526         0.5176380902         1.23e-32            
8740       1.9318516526         0.5176380902         1.23e-32            
8741       1.9318516526         0.5176380902         1.23e-32            
8742       1.9318516526         0.5176380902         1.23e-32            
8743       1.9318516526         0.5176380902         1.23e-32            
8744       1.9318516526         0.5176380902         1.23e-32            
8745       1.9318516526         0.5176380902         1.23e-32            
8746       1.9318516526         0.5176380902         1.23e-32            
8747       1.9318516526         0.5176380902         1.23e-32            
8748       1.9318516526         0.5176380902         1.23e-32            
8749       1.9318516526         0.5176380902         1.23e-32            
8750       1.9318516526         0.5176380902         1.23e-32            
8751       1.9318516526         0.5176380902         1.23e-32            
8752       1.9318516526         0.5176380902         1.23e-32            
8753       1.9318516526         0.5176380902         1.23e-32            
8754       1.9318516526         0.5176380902         1.23e-32            
8755       1.9318516526         0.5176380902         1.23e-32            
8756       1.9318516526         0.5176380902         1.23e-32            
8757       1.9318516526         0.5176380902         1.23e-32            
8758       1.9318516526         0.5176380902         1.23e-32            
8759       1.9318516526         0.5176380902         1.23e-32            
8760       1.9318516526         0.5176380902         1.23e-32            
8761       1.9318516526         0.5176380902         1.23e-32            
8762       1.9318516526         0.5176380902         1.23e-32            
8763       1.9318516526         0.5176380902         1.23e-32            
8764       1.9318516526         0.5176380902         1.23e-32            
8765       1.9318516526         0.5176380902         1.23e-32            
8766       1.9318516526         0.5176380902         1.23e-32            
8767       1.9318516526         0.5176380902         1.23e-32            
8768       1.9318516526         0.5176380902         1.23e-32            
8769       1.9318516526         0.5176380902         1.23e-32            
8770       1.9318516526         0.5176380902         1.23e-32            
8771       1.9318516526         0.5176380902         1.23e-32            
8772       1.9318516526         0.5176380902         1.23e-32            
8773       1.9318516526         0.5176380902         1.23e-32            
8774       1.9318516526         0.5176380902         1.23e-32            
8775       1.9318516526         0.5176380902         1.23e-32            
8776       1.9318516526         0.5176380902         1.23e-32            
8777       1.9318516526         0.5176380902         1.23e-32            
8778       1.9318516526         0.5176380902         1.23e-32            
8779       1.9318516526         0.5176380902         1.23e-32            
8780       1.9318516526         0.5176380902         1.23e-32            
8781       1.9318516526         0.5176380902         1.23e-32            
8782       1.9318516526         0.5176380902         1.23e-32            
8783       1.9318516526         0.5176380902         1.23e-32            
8784       1.9318516526         0.5176380902         1.23e-32            
8785       1.9318516526         0.5176380902         1.23e-32            
8786       1.9318516526         0.5176380902         1.23e-32            
8787       1.9318516526         0.5176380902         1.23e-32            
8788       1.9318516526         0.5176380902         1.23e-32            
8789       1.9318516526         0.5176380902         1.23e-32            
8790       1.9318516526         0.5176380902         1.23e-32            
8791       1.9318516526         0.5176380902         1.23e-32            
8792       1.9318516526         0.5176380902         1.23e-32            
8793       1.9318516526         0.5176380902         1.23e-32            
8794       1.9318516526         0.5176380902         1.23e-32            
8795       1.9318516526         0.5176380902         1.23e-32            
8796       1.9318516526         0.5176380902         1.23e-32            
8797       1.9318516526         0.5176380902         1.23e-32            
8798       1.9318516526         0.5176380902         1.23e-32            
8799       1.9318516526         0.5176380902         1.23e-32            
8800       1.9318516526         0.5176380902         1.23e-32            
8801       1.9318516526         0.5176380902         1.23e-32            
8802       1.9318516526         0.5176380902         1.23e-32            
8803       1.9318516526         0.5176380902         1.23e-32            
8804       1.9318516526         0.5176380902         1.23e-32            
8805       1.9318516526         0.5176380902         1.23e-32            
8806       1.9318516526         0.5176380902         1.23e-32            
8807       1.9318516526         0.5176380902         1.23e-32            
8808       1.9318516526         0.5176380902         1.23e-32            
8809       1.9318516526         0.5176380902         1.23e-32            
8810       1.9318516526         0.5176380902         1.23e-32            
8811       1.9318516526         0.5176380902         1.23e-32            
8812       1.9318516526         0.5176380902         1.23e-32            
8813       1.9318516526         0.5176380902         1.23e-32            
8814       1.9318516526         0.5176380902         1.23e-32            
8815       1.9318516526         0.5176380902         1.23e-32            
8816       1.9318516526         0.5176380902         1.23e-32            
8817       1.9318516526         0.5176380902         1.23e-32            
8818       1.9318516526         0.5176380902         1.23e-32            
8819       1.9318516526         0.5176380902         1.23e-32            
8820       1.9318516526         0.5176380902         1.23e-32            
8821       1.9318516526         0.5176380902         1.23e-32            
8822       1.9318516526         0.5176380902         1.23e-32            
8823       1.9318516526         0.5176380902         1.23e-32            
8824       1.9318516526         0.5176380902         1.23e-32            
8825       1.9318516526         0.5176380902         1.23e-32            
8826       1.9318516526         0.5176380902         1.23e-32            
8827       1.9318516526         0.5176380902         1.23e-32            
8828       1.9318516526         0.5176380902         1.23e-32            
8829       1.9318516526         0.5176380902         1.23e-32            
8830       1.9318516526         0.5176380902         1.23e-32            
8831       1.9318516526         0.5176380902         1.23e-32            
8832       1.9318516526         0.5176380902         1.23e-32            
8833       1.9318516526         0.5176380902         1.23e-32            
8834       1.9318516526         0.5176380902         1.23e-32            
8835       1.9318516526         0.5176380902         1.23e-32            
8836       1.9318516526         0.5176380902         1.23e-32            
8837       1.9318516526         0.5176380902         1.23e-32            
8838       1.9318516526         0.5176380902         1.23e-32            
8839       1.9318516526         0.5176380902         1.23e-32            
8840       1.9318516526         0.5176380902         1.23e-32            
8841       1.9318516526         0.5176380902         1.23e-32            
8842       1.9318516526         0.5176380902         1.23e-32            
8843       1.9318516526         0.5176380902         1.23e-32            
8844       1.9318516526         0.5176380902         1.23e-32            
8845       1.9318516526         0.5176380902         1.23e-32            
8846       1.9318516526         0.5176380902         1.23e-32            
8847       1.9318516526         0.5176380902         1.23e-32            
8848       1.9318516526         0.5176380902         1.23e-32            
8849       1.9318516526         0.5176380902         1.23e-32            
8850       1.9318516526         0.5176380902         1.23e-32            
8851       1.9318516526         0.5176380902         1.23e-32            
8852       1.9318516526         0.5176380902         1.23e-32            
8853       1.9318516526         0.5176380902         1.23e-32            
8854       1.9318516526         0.5176380902         1.23e-32            
8855       1.9318516526         0.5176380902         1.23e-32            
8856       1.9318516526         0.5176380902         1.23e-32            
8857       1.9318516526         0.5176380902         1.23e-32            
8858       1.9318516526         0.5176380902         1.23e-32            
8859       1.9318516526         0.5176380902         1.23e-32            
8860       1.9318516526         0.5176380902         1.23e-32            
8861       1.9318516526         0.5176380902         1.23e-32            
8862       1.9318516526         0.5176380902         1.23e-32            
8863       1.9318516526         0.5176380902         1.23e-32            
8864       1.9318516526         0.5176380902         1.23e-32            
8865       1.9318516526         0.5176380902         1.23e-32            
8866       1.9318516526         0.5176380902         1.23e-32            
8867       1.9318516526         0.5176380902         1.23e-32            
8868       1.9318516526         0.5176380902         1.23e-32            
8869       1.9318516526         0.5176380902         1.23e-32            
8870       1.9318516526         0.5176380902         1.23e-32            
8871       1.9318516526         0.5176380902         1.23e-32            
8872       1.9318516526         0.5176380902         1.23e-32            
8873       1.9318516526         0.5176380902         1.23e-32            
8874       1.9318516526         0.5176380902         1.23e-32            
8875       1.9318516526         0.5176380902         1.23e-32            
8876       1.9318516526         0.5176380902         1.23e-32            
8877       1.9318516526         0.5176380902         1.23e-32            
8878       1.9318516526         0.5176380902         1.23e-32            
8879       1.9318516526         0.5176380902         1.23e-32            
8880       1.9318516526         0.5176380902         1.23e-32            
8881       1.9318516526         0.5176380902         1.23e-32            
8882       1.9318516526         0.5176380902         1.23e-32            
8883       1.9318516526         0.5176380902         1.23e-32            
8884       1.9318516526         0.5176380902         1.23e-32            
8885       1.9318516526         0.5176380902         1.23e-32            
8886       1.9318516526         0.5176380902         1.23e-32            
8887       1.9318516526         0.5176380902         1.23e-32            
8888       1.9318516526         0.5176380902         1.23e-32            
8889       1.9318516526         0.5176380902         1.23e-32            
8890       1.9318516526         0.5176380902         1.23e-32            
8891       1.9318516526         0.5176380902         1.23e-32            
8892       1.9318516526         0.5176380902         1.23e-32            
8893       1.9318516526         0.5176380902         1.23e-32            
8894       1.9318516526         0.5176380902         1.23e-32            
8895       1.9318516526         0.5176380902         1.23e-32            
8896       1.9318516526         0.5176380902         1.23e-32            
8897       1.9318516526         0.5176380902         1.23e-32            
8898       1.9318516526         0.5176380902         1.23e-32            
8899       1.9318516526         0.5176380902         1.23e-32            
8900       1.9318516526         0.5176380902         1.23e-32            
8901       1.9318516526         0.5176380902         1.23e-32            
8902       1.9318516526         0.5176380902         1.23e-32            
8903       1.9318516526         0.5176380902         1.23e-32            
8904       1.9318516526         0.5176380902         1.23e-32            
8905       1.9318516526         0.5176380902         1.23e-32            
8906       1.9318516526         0.5176380902         1.23e-32            
8907       1.9318516526         0.5176380902         1.23e-32            
8908       1.9318516526         0.5176380902         1.23e-32            
8909       1.9318516526         0.5176380902         1.23e-32            
8910       1.9318516526         0.5176380902         1.23e-32            
8911       1.9318516526         0.5176380902         1.23e-32            
8912       1.9318516526         0.5176380902         1.23e-32            
8913       1.9318516526         0.5176380902         1.23e-32            
8914       1.9318516526         0.5176380902         1.23e-32            
8915       1.9318516526         0.5176380902         1.23e-32            
8916       1.9318516526         0.5176380902         1.23e-32            
8917       1.9318516526         0.5176380902         1.23e-32            
8918       1.9318516526         0.5176380902         1.23e-32            
8919       1.9318516526         0.5176380902         1.23e-32            
8920       1.9318516526         0.5176380902         1.23e-32            
8921       1.9318516526         0.5176380902         1.23e-32            
8922       1.9318516526         0.5176380902         1.23e-32            
8923       1.9318516526         0.5176380902         1.23e-32            
8924       1.9318516526         0.5176380902         1.23e-32            
8925       1.9318516526         0.5176380902         1.23e-32            
8926       1.9318516526         0.5176380902         1.23e-32            
8927       1.9318516526         0.5176380902         1.23e-32            
8928       1.9318516526         0.5176380902         1.23e-32            
8929       1.9318516526         0.5176380902         1.23e-32            
8930       1.9318516526         0.5176380902         1.23e-32            
8931       1.9318516526         0.5176380902         1.23e-32            
8932       1.9318516526         0.5176380902         1.23e-32            
8933       1.9318516526         0.5176380902         1.23e-32            
8934       1.9318516526         0.5176380902         1.23e-32            
8935       1.9318516526         0.5176380902         1.23e-32            
8936       1.9318516526         0.5176380902         1.23e-32            
8937       1.9318516526         0.5176380902         1.23e-32            
8938       1.9318516526         0.5176380902         1.23e-32            
8939       1.9318516526         0.5176380902         1.23e-32            
8940       1.9318516526         0.5176380902         1.23e-32            
8941       1.9318516526         0.5176380902         1.23e-32            
8942       1.9318516526         0.5176380902         1.23e-32            
8943       1.9318516526         0.5176380902         1.23e-32            
8944       1.9318516526         0.5176380902         1.23e-32            
8945       1.9318516526         0.5176380902         1.23e-32            
8946       1.9318516526         0.5176380902         1.23e-32            
8947       1.9318516526         0.5176380902         1.23e-32            
8948       1.9318516526         0.5176380902         1.23e-32            
8949       1.9318516526         0.5176380902         1.23e-32            
8950       1.9318516526         0.5176380902         1.23e-32            
8951       1.9318516526         0.5176380902         1.23e-32            
8952       1.9318516526         0.5176380902         1.23e-32            
8953       1.9318516526         0.5176380902         1.23e-32            
8954       1.9318516526         0.5176380902         1.23e-32            
8955       1.9318516526         0.5176380902         1.23e-32            
8956       1.9318516526         0.5176380902         1.23e-32            
8957       1.9318516526         0.5176380902         1.23e-32            
8958       1.9318516526         0.5176380902         1.23e-32            
8959       1.9318516526         0.5176380902         1.23e-32            
8960       1.9318516526         0.5176380902         1.23e-32            
8961       1.9318516526         0.5176380902         1.23e-32            
8962       1.9318516526         0.5176380902         1.23e-32            
8963       1.9318516526         0.5176380902         1.23e-32            
8964       1.9318516526         0.5176380902         1.23e-32            
8965       1.9318516526         0.5176380902         1.23e-32            
8966       1.9318516526         0.5176380902         1.23e-32            
8967       1.9318516526         0.5176380902         1.23e-32            
8968       1.9318516526         0.5176380902         1.23e-32            
8969       1.9318516526         0.5176380902         1.23e-32            
8970       1.9318516526         0.5176380902         1.23e-32            
8971       1.9318516526         0.5176380902         1.23e-32            
8972       1.9318516526         0.5176380902         1.23e-32            
8973       1.9318516526         0.5176380902         1.23e-32            
8974       1.9318516526         0.5176380902         1.23e-32            
8975       1.9318516526         0.5176380902         1.23e-32            
8976       1.9318516526         0.5176380902         1.23e-32            
8977       1.9318516526         0.5176380902         1.23e-32            
8978       1.9318516526         0.5176380902         1.23e-32            
8979       1.9318516526         0.5176380902         1.23e-32            
8980       1.9318516526         0.5176380902         1.23e-32            
8981       1.9318516526         0.5176380902         1.23e-32            
8982       1.9318516526         0.5176380902         1.23e-32            
8983       1.9318516526         0.5176380902         1.23e-32            
8984       1.9318516526         0.5176380902         1.23e-32            
8985       1.9318516526         0.5176380902         1.23e-32            
8986       1.9318516526         0.5176380902         1.23e-32            
8987       1.9318516526         0.5176380902         1.23e-32            
8988       1.9318516526         0.5176380902         1.23e-32            
8989       1.9318516526         0.5176380902         1.23e-32            
8990       1.9318516526         0.5176380902         1.23e-32            
8991       1.9318516526         0.5176380902         1.23e-32            
8992       1.9318516526         0.5176380902         1.23e-32            
8993       1.9318516526         0.5176380902         1.23e-32            
8994       1.9318516526         0.5176380902         1.23e-32            
8995       1.9318516526         0.5176380902         1.23e-32            
8996       1.9318516526         0.5176380902         1.23e-32            
8997       1.9318516526         0.5176380902         1.23e-32            
8998       1.9318516526         0.5176380902         1.23e-32            
8999       1.9318516526         0.5176380902         1.23e-32            
9000       1.9318516526         0.5176380902         1.23e-32            
9001       1.9318516526         0.5176380902         1.23e-32            
9002       1.9318516526         0.5176380902         1.23e-32            
9003       1.9318516526         0.5176380902         1.23e-32            
9004       1.9318516526         0.5176380902         1.23e-32            
9005       1.9318516526         0.5176380902         1.23e-32            
9006       1.9318516526         0.5176380902         1.23e-32            
9007       1.9318516526         0.5176380902         1.23e-32            
9008       1.9318516526         0.5176380902         1.23e-32            
9009       1.9318516526         0.5176380902         1.23e-32            
9010       1.9318516526         0.5176380902         1.23e-32            
9011       1.9318516526         0.5176380902         1.23e-32            
9012       1.9318516526         0.5176380902         1.23e-32            
9013       1.9318516526         0.5176380902         1.23e-32            
9014       1.9318516526         0.5176380902         1.23e-32            
9015       1.9318516526         0.5176380902         1.23e-32            
9016       1.9318516526         0.5176380902         1.23e-32            
9017       1.9318516526         0.5176380902         1.23e-32            
9018       1.9318516526         0.5176380902         1.23e-32            
9019       1.9318516526         0.5176380902         1.23e-32            
9020       1.9318516526         0.5176380902         1.23e-32            
9021       1.9318516526         0.5176380902         1.23e-32            
9022       1.9318516526         0.5176380902         1.23e-32            
9023       1.9318516526         0.5176380902         1.23e-32            
9024       1.9318516526         0.5176380902         1.23e-32            
9025       1.9318516526         0.5176380902         1.23e-32            
9026       1.9318516526         0.5176380902         1.23e-32            
9027       1.9318516526         0.5176380902         1.23e-32            
9028       1.9318516526         0.5176380902         1.23e-32            
9029       1.9318516526         0.5176380902         1.23e-32            
9030       1.9318516526         0.5176380902         1.23e-32            
9031       1.9318516526         0.5176380902         1.23e-32            
9032       1.9318516526         0.5176380902         1.23e-32            
9033       1.9318516526         0.5176380902         1.23e-32            
9034       1.9318516526         0.5176380902         1.23e-32            
9035       1.9318516526         0.5176380902         1.23e-32            
9036       1.9318516526         0.5176380902         1.23e-32            
9037       1.9318516526         0.5176380902         1.23e-32            
9038       1.9318516526         0.5176380902         1.23e-32            
9039       1.9318516526         0.5176380902         1.23e-32            
9040       1.9318516526         0.5176380902         1.23e-32            
9041       1.9318516526         0.5176380902         1.23e-32            
9042       1.9318516526         0.5176380902         1.23e-32            
9043       1.9318516526         0.5176380902         1.23e-32            
9044       1.9318516526         0.5176380902         1.23e-32            
9045       1.9318516526         0.5176380902         1.23e-32            
9046       1.9318516526         0.5176380902         1.23e-32            
9047       1.9318516526         0.5176380902         1.23e-32            
9048       1.9318516526         0.5176380902         1.23e-32            
9049       1.9318516526         0.5176380902         1.23e-32            
9050       1.9318516526         0.5176380902         1.23e-32            
9051       1.9318516526         0.5176380902         1.23e-32            
9052       1.9318516526         0.5176380902         1.23e-32            
9053       1.9318516526         0.5176380902         1.23e-32            
9054       1.9318516526         0.5176380902         1.23e-32            
9055       1.9318516526         0.5176380902         1.23e-32            
9056       1.9318516526         0.5176380902         1.23e-32            
9057       1.9318516526         0.5176380902         1.23e-32            
9058       1.9318516526         0.5176380902         1.23e-32            
9059       1.9318516526         0.5176380902         1.23e-32            
9060       1.9318516526         0.5176380902         1.23e-32            
9061       1.9318516526         0.5176380902         1.23e-32            
9062       1.9318516526         0.5176380902         1.23e-32            
9063       1.9318516526         0.5176380902         1.23e-32            
9064       1.9318516526         0.5176380902         1.23e-32            
9065       1.9318516526         0.5176380902         1.23e-32            
9066       1.9318516526         0.5176380902         1.23e-32            
9067       1.9318516526         0.5176380902         1.23e-32            
9068       1.9318516526         0.5176380902         1.23e-32            
9069       1.9318516526         0.5176380902         1.23e-32            
9070       1.9318516526         0.5176380902         1.23e-32            
9071       1.9318516526         0.5176380902         1.23e-32            
9072       1.9318516526         0.5176380902         1.23e-32            
9073       1.9318516526         0.5176380902         1.23e-32            
9074       1.9318516526         0.5176380902         1.23e-32            
9075       1.9318516526         0.5176380902         1.23e-32            
9076       1.9318516526         0.5176380902         1.23e-32            
9077       1.9318516526         0.5176380902         1.23e-32            
9078       1.9318516526         0.5176380902         1.23e-32            
9079       1.9318516526         0.5176380902         1.23e-32            
9080       1.9318516526         0.5176380902         1.23e-32            
9081       1.9318516526         0.5176380902         1.23e-32            
9082       1.9318516526         0.5176380902         1.23e-32            
9083       1.9318516526         0.5176380902         1.23e-32            
9084       1.9318516526         0.5176380902         1.23e-32            
9085       1.9318516526         0.5176380902         1.23e-32            
9086       1.9318516526         0.5176380902         1.23e-32            
9087       1.9318516526         0.5176380902         1.23e-32            
9088       1.9318516526         0.5176380902         1.23e-32            
9089       1.9318516526         0.5176380902         1.23e-32            
9090       1.9318516526         0.5176380902         1.23e-32            
9091       1.9318516526         0.5176380902         1.23e-32            
9092       1.9318516526         0.5176380902         1.23e-32            
9093       1.9318516526         0.5176380902         1.23e-32            
9094       1.9318516526         0.5176380902         1.23e-32            
9095       1.9318516526         0.5176380902         1.23e-32            
9096       1.9318516526         0.5176380902         1.23e-32            
9097       1.9318516526         0.5176380902         1.23e-32            
9098       1.9318516526         0.5176380902         1.23e-32            
9099       1.9318516526         0.5176380902         1.23e-32            
9100       1.9318516526         0.5176380902         1.23e-32            
9101       1.9318516526         0.5176380902         1.23e-32            
9102       1.9318516526         0.5176380902         1.23e-32            
9103       1.9318516526         0.5176380902         1.23e-32            
9104       1.9318516526         0.5176380902         1.23e-32            
9105       1.9318516526         0.5176380902         1.23e-32            
9106       1.9318516526         0.5176380902         1.23e-32            
9107       1.9318516526         0.5176380902         1.23e-32            
9108       1.9318516526         0.5176380902         1.23e-32            
9109       1.9318516526         0.5176380902         1.23e-32            
9110       1.9318516526         0.5176380902         1.23e-32            
9111       1.9318516526         0.5176380902         1.23e-32            
9112       1.9318516526         0.5176380902         1.23e-32            
9113       1.9318516526         0.5176380902         1.23e-32            
9114       1.9318516526         0.5176380902         1.23e-32            
9115       1.9318516526         0.5176380902         1.23e-32            
9116       1.9318516526         0.5176380902         1.23e-32            
9117       1.9318516526         0.5176380902         1.23e-32            
9118       1.9318516526         0.5176380902         1.23e-32            
9119       1.9318516526         0.5176380902         1.23e-32            
9120       1.9318516526         0.5176380902         1.23e-32            
9121       1.9318516526         0.5176380902         1.23e-32            
9122       1.9318516526         0.5176380902         1.23e-32            
9123       1.9318516526         0.5176380902         1.23e-32            
9124       1.9318516526         0.5176380902         1.23e-32            
9125       1.9318516526         0.5176380902         1.23e-32            
9126       1.9318516526         0.5176380902         1.23e-32            
9127       1.9318516526         0.5176380902         1.23e-32            
9128       1.9318516526         0.5176380902         1.23e-32            
9129       1.9318516526         0.5176380902         1.23e-32            
9130       1.9318516526         0.5176380902         1.23e-32            
9131       1.9318516526         0.5176380902         1.23e-32            
9132       1.9318516526         0.5176380902         1.23e-32            
9133       1.9318516526         0.5176380902         1.23e-32            
9134       1.9318516526         0.5176380902         1.23e-32            
9135       1.9318516526         0.5176380902         1.23e-32            
9136       1.9318516526         0.5176380902         1.23e-32            
9137       1.9318516526         0.5176380902         1.23e-32            
9138       1.9318516526         0.5176380902         1.23e-32            
9139       1.9318516526         0.5176380902         1.23e-32            
9140       1.9318516526         0.5176380902         1.23e-32            
9141       1.9318516526         0.5176380902         1.23e-32            
9142       1.9318516526         0.5176380902         1.23e-32            
9143       1.9318516526         0.5176380902         1.23e-32            
9144       1.9318516526         0.5176380902         1.23e-32            
9145       1.9318516526         0.5176380902         1.23e-32            
9146       1.9318516526         0.5176380902         1.23e-32            
9147       1.9318516526         0.5176380902         1.23e-32            
9148       1.9318516526         0.5176380902         1.23e-32            
9149       1.9318516526         0.5176380902         1.23e-32            
9150       1.9318516526         0.5176380902         1.23e-32            
9151       1.9318516526         0.5176380902         1.23e-32            
9152       1.9318516526         0.5176380902         1.23e-32            
9153       1.9318516526         0.5176380902         1.23e-32            
9154       1.9318516526         0.5176380902         1.23e-32            
9155       1.9318516526         0.5176380902         1.23e-32            
9156       1.9318516526         0.5176380902         1.23e-32            
9157       1.9318516526         0.5176380902         1.23e-32            
9158       1.9318516526         0.5176380902         1.23e-32            
9159       1.9318516526         0.5176380902         1.23e-32            
9160       1.9318516526         0.5176380902         1.23e-32            
9161       1.9318516526         0.5176380902         1.23e-32            
9162       1.9318516526         0.5176380902         1.23e-32            
9163       1.9318516526         0.5176380902         1.23e-32            
9164       1.9318516526         0.5176380902         1.23e-32            
9165       1.9318516526         0.5176380902         1.23e-32            
9166       1.9318516526         0.5176380902         1.23e-32            
9167       1.9318516526         0.5176380902         1.23e-32            
9168       1.9318516526         0.5176380902         1.23e-32            
9169       1.9318516526         0.5176380902         1.23e-32            
9170       1.9318516526         0.5176380902         1.23e-32            
9171       1.9318516526         0.5176380902         1.23e-32            
9172       1.9318516526         0.5176380902         1.23e-32            
9173       1.9318516526         0.5176380902         1.23e-32            
9174       1.9318516526         0.5176380902         1.23e-32            
9175       1.9318516526         0.5176380902         1.23e-32            
9176       1.9318516526         0.5176380902         1.23e-32            
9177       1.9318516526         0.5176380902         1.23e-32            
9178       1.9318516526         0.5176380902         1.23e-32            
9179       1.9318516526         0.5176380902         1.23e-32            
9180       1.9318516526         0.5176380902         1.23e-32            
9181       1.9318516526         0.5176380902         1.23e-32            
9182       1.9318516526         0.5176380902         1.23e-32            
9183       1.9318516526         0.5176380902         1.23e-32            
9184       1.9318516526         0.5176380902         1.23e-32            
9185       1.9318516526         0.5176380902         1.23e-32            
9186       1.9318516526         0.5176380902         1.23e-32            
9187       1.9318516526         0.5176380902         1.23e-32            
9188       1.9318516526         0.5176380902         1.23e-32            
9189       1.9318516526         0.5176380902         1.23e-32            
9190       1.9318516526         0.5176380902         1.23e-32            
9191       1.9318516526         0.5176380902         1.23e-32            
9192       1.9318516526         0.5176380902         1.23e-32            
9193       1.9318516526         0.5176380902         1.23e-32            
9194       1.9318516526         0.5176380902         1.23e-32            
9195       1.9318516526         0.5176380902         1.23e-32            
9196       1.9318516526         0.5176380902         1.23e-32            
9197       1.9318516526         0.5176380902         1.23e-32            
9198       1.9318516526         0.5176380902         1.23e-32            
9199       1.9318516526         0.5176380902         1.23e-32            
9200       1.9318516526         0.5176380902         1.23e-32            
9201       1.9318516526         0.5176380902         1.23e-32            
9202       1.9318516526         0.5176380902         1.23e-32            
9203       1.9318516526         0.5176380902         1.23e-32            
9204       1.9318516526         0.5176380902         1.23e-32            
9205       1.9318516526         0.5176380902         1.23e-32            
9206       1.9318516526         0.5176380902         1.23e-32            
9207       1.9318516526         0.5176380902         1.23e-32            
9208       1.9318516526         0.5176380902         1.23e-32            
9209       1.9318516526         0.5176380902         1.23e-32            
9210       1.9318516526         0.5176380902         1.23e-32            
9211       1.9318516526         0.5176380902         1.23e-32            
9212       1.9318516526         0.5176380902         1.23e-32            
9213       1.9318516526         0.5176380902         1.23e-32            
9214       1.9318516526         0.5176380902         1.23e-32            
9215       1.9318516526         0.5176380902         1.23e-32            
9216       1.9318516526         0.5176380902         1.23e-32            
9217       1.9318516526         0.5176380902         1.23e-32            
9218       1.9318516526         0.5176380902         1.23e-32            
9219       1.9318516526         0.5176380902         1.23e-32            
9220       1.9318516526         0.5176380902         1.23e-32            
9221       1.9318516526         0.5176380902         1.23e-32            
9222       1.9318516526         0.5176380902         1.23e-32            
9223       1.9318516526         0.5176380902         1.23e-32            
9224       1.9318516526         0.5176380902         1.23e-32            
9225       1.9318516526         0.5176380902         1.23e-32            
9226       1.9318516526         0.5176380902         1.23e-32            
9227       1.9318516526         0.5176380902         1.23e-32            
9228       1.9318516526         0.5176380902         1.23e-32            
9229       1.9318516526         0.5176380902         1.23e-32            
9230       1.9318516526         0.5176380902         1.23e-32            
9231       1.9318516526         0.5176380902         1.23e-32            
9232       1.9318516526         0.5176380902         1.23e-32            
9233       1.9318516526         0.5176380902         1.23e-32            
9234       1.9318516526         0.5176380902         1.23e-32            
9235       1.9318516526         0.5176380902         1.23e-32            
9236       1.9318516526         0.5176380902         1.23e-32            
9237       1.9318516526         0.5176380902         1.23e-32            
9238       1.9318516526         0.5176380902         1.23e-32            
9239       1.9318516526         0.5176380902         1.23e-32            
9240       1.9318516526         0.5176380902         1.23e-32            
9241       1.9318516526         0.5176380902         1.23e-32            
9242       1.9318516526         0.5176380902         1.23e-32            
9243       1.9318516526         0.5176380902         1.23e-32            
9244       1.9318516526         0.5176380902         1.23e-32            
9245       1.9318516526         0.5176380902         1.23e-32            
9246       1.9318516526         0.5176380902         1.23e-32            
9247       1.9318516526         0.5176380902         1.23e-32            
9248       1.9318516526         0.5176380902         1.23e-32            
9249       1.9318516526         0.5176380902         1.23e-32            
9250       1.9318516526         0.5176380902         1.23e-32            
9251       1.9318516526         0.5176380902         1.23e-32            
9252       1.9318516526         0.5176380902         1.23e-32            
9253       1.9318516526         0.5176380902         1.23e-32            
9254       1.9318516526         0.5176380902         1.23e-32            
9255       1.9318516526         0.5176380902         1.23e-32            
9256       1.9318516526         0.5176380902         1.23e-32            
9257       1.9318516526         0.5176380902         1.23e-32            
9258       1.9318516526         0.5176380902         1.23e-32            
9259       1.9318516526         0.5176380902         1.23e-32            
9260       1.9318516526         0.5176380902         1.23e-32            
9261       1.9318516526         0.5176380902         1.23e-32            
9262       1.9318516526         0.5176380902         1.23e-32            
9263       1.9318516526         0.5176380902         1.23e-32            
9264       1.9318516526         0.5176380902         1.23e-32            
9265       1.9318516526         0.5176380902         1.23e-32            
9266       1.9318516526         0.5176380902         1.23e-32            
9267       1.9318516526         0.5176380902         1.23e-32            
9268       1.9318516526         0.5176380902         1.23e-32            
9269       1.9318516526         0.5176380902         1.23e-32            
9270       1.9318516526         0.5176380902         1.23e-32            
9271       1.9318516526         0.5176380902         1.23e-32            
9272       1.9318516526         0.5176380902         1.23e-32            
9273       1.9318516526         0.5176380902         1.23e-32            
9274       1.9318516526         0.5176380902         1.23e-32            
9275       1.9318516526         0.5176380902         1.23e-32            
9276       1.9318516526         0.5176380902         1.23e-32            
9277       1.9318516526         0.5176380902         1.23e-32            
9278       1.9318516526         0.5176380902         1.23e-32            
9279       1.9318516526         0.5176380902         1.23e-32            
9280       1.9318516526         0.5176380902         1.23e-32            
9281       1.9318516526         0.5176380902         1.23e-32            
9282       1.9318516526         0.5176380902         1.23e-32            
9283       1.9318516526         0.5176380902         1.23e-32            
9284       1.9318516526         0.5176380902         1.23e-32            
9285       1.9318516526         0.5176380902         1.23e-32            
9286       1.9318516526         0.5176380902         1.23e-32            
9287       1.9318516526         0.5176380902         1.23e-32            
9288       1.9318516526         0.5176380902         1.23e-32            
9289       1.9318516526         0.5176380902         1.23e-32            
9290       1.9318516526         0.5176380902         1.23e-32            
9291       1.9318516526         0.5176380902         1.23e-32            
9292       1.9318516526         0.5176380902         1.23e-32            
9293       1.9318516526         0.5176380902         1.23e-32            
9294       1.9318516526         0.5176380902         1.23e-32            
9295       1.9318516526         0.5176380902         1.23e-32            
9296       1.9318516526         0.5176380902         1.23e-32            
9297       1.9318516526         0.5176380902         1.23e-32            
9298       1.9318516526         0.5176380902         1.23e-32            
9299       1.9318516526         0.5176380902         1.23e-32            
9300       1.9318516526         0.5176380902         1.23e-32            
9301       1.9318516526         0.5176380902         1.23e-32            
9302       1.9318516526         0.5176380902         1.23e-32            
9303       1.9318516526         0.5176380902         1.23e-32            
9304       1.9318516526         0.5176380902         1.23e-32            
9305       1.9318516526         0.5176380902         1.23e-32            
9306       1.9318516526         0.5176380902         1.23e-32            
9307       1.9318516526         0.5176380902         1.23e-32            
9308       1.9318516526         0.5176380902         1.23e-32            
9309       1.9318516526         0.5176380902         1.23e-32            
9310       1.9318516526         0.5176380902         1.23e-32            
9311       1.9318516526         0.5176380902         1.23e-32            
9312       1.9318516526         0.5176380902         1.23e-32            
9313       1.9318516526         0.5176380902         1.23e-32            
9314       1.9318516526         0.5176380902         1.23e-32            
9315       1.9318516526         0.5176380902         1.23e-32            
9316       1.9318516526         0.5176380902         1.23e-32            
9317       1.9318516526         0.5176380902         1.23e-32            
9318       1.9318516526         0.5176380902         1.23e-32            
9319       1.9318516526         0.5176380902         1.23e-32            
9320       1.9318516526         0.5176380902         1.23e-32            
9321       1.9318516526         0.5176380902         1.23e-32            
9322       1.9318516526         0.5176380902         1.23e-32            
9323       1.9318516526         0.5176380902         1.23e-32            
9324       1.9318516526         0.5176380902         1.23e-32            
9325       1.9318516526         0.5176380902         1.23e-32            
9326       1.9318516526         0.5176380902         1.23e-32            
9327       1.9318516526         0.5176380902         1.23e-32            
9328       1.9318516526         0.5176380902         1.23e-32            
9329       1.9318516526         0.5176380902         1.23e-32            
9330       1.9318516526         0.5176380902         1.23e-32            
9331       1.9318516526         0.5176380902         1.23e-32            
9332       1.9318516526         0.5176380902         1.23e-32            
9333       1.9318516526         0.5176380902         1.23e-32            
9334       1.9318516526         0.5176380902         1.23e-32            
9335       1.9318516526         0.5176380902         1.23e-32            
9336       1.9318516526         0.5176380902         1.23e-32            
9337       1.9318516526         0.5176380902         1.23e-32            
9338       1.9318516526         0.5176380902         1.23e-32            
9339       1.9318516526         0.5176380902         1.23e-32            
9340       1.9318516526         0.5176380902         1.23e-32            
9341       1.9318516526         0.5176380902         1.23e-32            
9342       1.9318516526         0.5176380902         1.23e-32            
9343       1.9318516526         0.5176380902         1.23e-32            
9344       1.9318516526         0.5176380902         1.23e-32            
9345       1.9318516526         0.5176380902         1.23e-32            
9346       1.9318516526         0.5176380902         1.23e-32            
9347       1.9318516526         0.5176380902         1.23e-32            
9348       1.9318516526         0.5176380902         1.23e-32            
9349       1.9318516526         0.5176380902         1.23e-32            
9350       1.9318516526         0.5176380902         1.23e-32            
9351       1.9318516526         0.5176380902         1.23e-32            
9352       1.9318516526         0.5176380902         1.23e-32            
9353       1.9318516526         0.5176380902         1.23e-32            
9354       1.9318516526         0.5176380902         1.23e-32            
9355       1.9318516526         0.5176380902         1.23e-32            
9356       1.9318516526         0.5176380902         1.23e-32            
9357       1.9318516526         0.5176380902         1.23e-32            
9358       1.9318516526         0.5176380902         1.23e-32            
9359       1.9318516526         0.5176380902         1.23e-32            
9360       1.9318516526         0.5176380902         1.23e-32            
9361       1.9318516526         0.5176380902         1.23e-32            
9362       1.9318516526         0.5176380902         1.23e-32            
9363       1.9318516526         0.5176380902         1.23e-32            
9364       1.9318516526         0.5176380902         1.23e-32            
9365       1.9318516526         0.5176380902         1.23e-32            
9366       1.9318516526         0.5176380902         1.23e-32            
9367       1.9318516526         0.5176380902         1.23e-32            
9368       1.9318516526         0.5176380902         1.23e-32            
9369       1.9318516526         0.5176380902         1.23e-32            
9370       1.9318516526         0.5176380902         1.23e-32            
9371       1.9318516526         0.5176380902         1.23e-32            
9372       1.9318516526         0.5176380902         1.23e-32            
9373       1.9318516526         0.5176380902         1.23e-32            
9374       1.9318516526         0.5176380902         1.23e-32            
9375       1.9318516526         0.5176380902         1.23e-32            
9376       1.9318516526         0.5176380902         1.23e-32            
9377       1.9318516526         0.5176380902         1.23e-32            
9378       1.9318516526         0.5176380902         1.23e-32            
9379       1.9318516526         0.5176380902         1.23e-32            
9380       1.9318516526         0.5176380902         1.23e-32            
9381       1.9318516526         0.5176380902         1.23e-32            
9382       1.9318516526         0.5176380902         1.23e-32            
9383       1.9318516526         0.5176380902         1.23e-32            
9384       1.9318516526         0.5176380902         1.23e-32            
9385       1.9318516526         0.5176380902         1.23e-32            
9386       1.9318516526         0.5176380902         1.23e-32            
9387       1.9318516526         0.5176380902         1.23e-32            
9388       1.9318516526         0.5176380902         1.23e-32            
9389       1.9318516526         0.5176380902         1.23e-32            
9390       1.9318516526         0.5176380902         1.23e-32            
9391       1.9318516526         0.5176380902         1.23e-32            
9392       1.9318516526         0.5176380902         1.23e-32            
9393       1.9318516526         0.5176380902         1.23e-32            
9394       1.9318516526         0.5176380902         1.23e-32            
9395       1.9318516526         0.5176380902         1.23e-32            
9396       1.9318516526         0.5176380902         1.23e-32            
9397       1.9318516526         0.5176380902         1.23e-32            
9398       1.9318516526         0.5176380902         1.23e-32            
9399       1.9318516526         0.5176380902         1.23e-32            
9400       1.9318516526         0.5176380902         1.23e-32            
9401       1.9318516526         0.5176380902         1.23e-32            
9402       1.9318516526         0.5176380902         1.23e-32            
9403       1.9318516526         0.5176380902         1.23e-32            
9404       1.9318516526         0.5176380902         1.23e-32            
9405       1.9318516526         0.5176380902         1.23e-32            
9406       1.9318516526         0.5176380902         1.23e-32            
9407       1.9318516526         0.5176380902         1.23e-32            
9408       1.9318516526         0.5176380902         1.23e-32            
9409       1.9318516526         0.5176380902         1.23e-32            
9410       1.9318516526         0.5176380902         1.23e-32            
9411       1.9318516526         0.5176380902         1.23e-32            
9412       1.9318516526         0.5176380902         1.23e-32            
9413       1.9318516526         0.5176380902         1.23e-32            
9414       1.9318516526         0.5176380902         1.23e-32            
9415       1.9318516526         0.5176380902         1.23e-32            
9416       1.9318516526         0.5176380902         1.23e-32            
9417       1.9318516526         0.5176380902         1.23e-32            
9418       1.9318516526         0.5176380902         1.23e-32            
9419       1.9318516526         0.5176380902         1.23e-32            
9420       1.9318516526         0.5176380902         1.23e-32            
9421       1.9318516526         0.5176380902         1.23e-32            
9422       1.9318516526         0.5176380902         1.23e-32            
9423       1.9318516526         0.5176380902         1.23e-32            
9424       1.9318516526         0.5176380902         1.23e-32            
9425       1.9318516526         0.5176380902         1.23e-32            
9426       1.9318516526         0.5176380902         1.23e-32            
9427       1.9318516526         0.5176380902         1.23e-32            
9428       1.9318516526         0.5176380902         1.23e-32            
9429       1.9318516526         0.5176380902         1.23e-32            
9430       1.9318516526         0.5176380902         1.23e-32            
9431       1.9318516526         0.5176380902         1.23e-32            
9432       1.9318516526         0.5176380902         1.23e-32            
9433       1.9318516526         0.5176380902         1.23e-32            
9434       1.9318516526         0.5176380902         1.23e-32            
9435       1.9318516526         0.5176380902         1.23e-32            
9436       1.9318516526         0.5176380902         1.23e-32            
9437       1.9318516526         0.5176380902         1.23e-32            
9438       1.9318516526         0.5176380902         1.23e-32            
9439       1.9318516526         0.5176380902         1.23e-32            
9440       1.9318516526         0.5176380902         1.23e-32            
9441       1.9318516526         0.5176380902         1.23e-32            
9442       1.9318516526         0.5176380902         1.23e-32            
9443       1.9318516526         0.5176380902         1.23e-32            
9444       1.9318516526         0.5176380902         1.23e-32            
9445       1.9318516526         0.5176380902         1.23e-32            
9446       1.9318516526         0.5176380902         1.23e-32            
9447       1.9318516526         0.5176380902         1.23e-32            
9448       1.9318516526         0.5176380902         1.23e-32            
9449       1.9318516526         0.5176380902         1.23e-32            
9450       1.9318516526         0.5176380902         1.23e-32            
9451       1.9318516526         0.5176380902         1.23e-32            
9452       1.9318516526         0.5176380902         1.23e-32            
9453       1.9318516526         0.5176380902         1.23e-32            
9454       1.9318516526         0.5176380902         1.23e-32            
9455       1.9318516526         0.5176380902         1.23e-32            
9456       1.9318516526         0.5176380902         1.23e-32            
9457       1.9318516526         0.5176380902         1.23e-32            
9458       1.9318516526         0.5176380902         1.23e-32            
9459       1.9318516526         0.5176380902         1.23e-32            
9460       1.9318516526         0.5176380902         1.23e-32            
9461       1.9318516526         0.5176380902         1.23e-32            
9462       1.9318516526         0.5176380902         1.23e-32            
9463       1.9318516526         0.5176380902         1.23e-32            
9464       1.9318516526         0.5176380902         1.23e-32            
9465       1.9318516526         0.5176380902         1.23e-32            
9466       1.9318516526         0.5176380902         1.23e-32            
9467       1.9318516526         0.5176380902         1.23e-32            
9468       1.9318516526         0.5176380902         1.23e-32            
9469       1.9318516526         0.5176380902         1.23e-32            
9470       1.9318516526         0.5176380902         1.23e-32            
9471       1.9318516526         0.5176380902         1.23e-32            
9472       1.9318516526         0.5176380902         1.23e-32            
9473       1.9318516526         0.5176380902         1.23e-32            
9474       1.9318516526         0.5176380902         1.23e-32            
9475       1.9318516526         0.5176380902         1.23e-32            
9476       1.9318516526         0.5176380902         1.23e-32            
9477       1.9318516526         0.5176380902         1.23e-32            
9478       1.9318516526         0.5176380902         1.23e-32            
9479       1.9318516526         0.5176380902         1.23e-32            
9480       1.9318516526         0.5176380902         1.23e-32            
9481       1.9318516526         0.5176380902         1.23e-32            
9482       1.9318516526         0.5176380902         1.23e-32            
9483       1.9318516526         0.5176380902         1.23e-32            
9484       1.9318516526         0.5176380902         1.23e-32            
9485       1.9318516526         0.5176380902         1.23e-32            
9486       1.9318516526         0.5176380902         1.23e-32            
9487       1.9318516526         0.5176380902         1.23e-32            
9488       1.9318516526         0.5176380902         1.23e-32            
9489       1.9318516526         0.5176380902         1.23e-32            
9490       1.9318516526         0.5176380902         1.23e-32            
9491       1.9318516526         0.5176380902         1.23e-32            
9492       1.9318516526         0.5176380902         1.23e-32            
9493       1.9318516526         0.5176380902         1.23e-32            
9494       1.9318516526         0.5176380902         1.23e-32            
9495       1.9318516526         0.5176380902         1.23e-32            
9496       1.9318516526         0.5176380902         1.23e-32            
9497       1.9318516526         0.5176380902         1.23e-32            
9498       1.9318516526         0.5176380902         1.23e-32            
9499       1.9318516526         0.5176380902         1.23e-32            
9500       1.9318516526         0.5176380902         1.23e-32            
9501       1.9318516526         0.5176380902         1.23e-32            
9502       1.9318516526         0.5176380902         1.23e-32            
9503       1.9318516526         0.5176380902         1.23e-32            
9504       1.9318516526         0.5176380902         1.23e-32            
9505       1.9318516526         0.5176380902         1.23e-32            
9506       1.9318516526         0.5176380902         1.23e-32            
9507       1.9318516526         0.5176380902         1.23e-32            
9508       1.9318516526         0.5176380902         1.23e-32            
9509       1.9318516526         0.5176380902         1.23e-32            
9510       1.9318516526         0.5176380902         1.23e-32            
9511       1.9318516526         0.5176380902         1.23e-32            
9512       1.9318516526         0.5176380902         1.23e-32            
9513       1.9318516526         0.5176380902         1.23e-32            
9514       1.9318516526         0.5176380902         1.23e-32            
9515       1.9318516526         0.5176380902         1.23e-32            
9516       1.9318516526         0.5176380902         1.23e-32            
9517       1.9318516526         0.5176380902         1.23e-32            
9518       1.9318516526         0.5176380902         1.23e-32            
9519       1.9318516526         0.5176380902         1.23e-32            
9520       1.9318516526         0.5176380902         1.23e-32            
9521       1.9318516526         0.5176380902         1.23e-32            
9522       1.9318516526         0.5176380902         1.23e-32            
9523       1.9318516526         0.5176380902         1.23e-32            
9524       1.9318516526         0.5176380902         1.23e-32            
9525       1.9318516526         0.5176380902         1.23e-32            
9526       1.9318516526         0.5176380902         1.23e-32            
9527       1.9318516526         0.5176380902         1.23e-32            
9528       1.9318516526         0.5176380902         1.23e-32            
9529       1.9318516526         0.5176380902         1.23e-32            
9530       1.9318516526         0.5176380902         1.23e-32            
9531       1.9318516526         0.5176380902         1.23e-32            
9532       1.9318516526         0.5176380902         1.23e-32            
9533       1.9318516526         0.5176380902         1.23e-32            
9534       1.9318516526         0.5176380902         1.23e-32            
9535       1.9318516526         0.5176380902         1.23e-32            
9536       1.9318516526         0.5176380902         1.23e-32            
9537       1.9318516526         0.5176380902         1.23e-32            
9538       1.9318516526         0.5176380902         1.23e-32            
9539       1.9318516526         0.5176380902         1.23e-32            
9540       1.9318516526         0.5176380902         1.23e-32            
9541       1.9318516526         0.5176380902         1.23e-32            
9542       1.9318516526         0.5176380902         1.23e-32            
9543       1.9318516526         0.5176380902         1.23e-32            
9544       1.9318516526         0.5176380902         1.23e-32            
9545       1.9318516526         0.5176380902         1.23e-32            
9546       1.9318516526         0.5176380902         1.23e-32            
9547       1.9318516526         0.5176380902         1.23e-32            
9548       1.9318516526         0.5176380902         1.23e-32            
9549       1.9318516526         0.5176380902         1.23e-32            
9550       1.9318516526         0.5176380902         1.23e-32            
9551       1.9318516526         0.5176380902         1.23e-32            
9552       1.9318516526         0.5176380902         1.23e-32            
9553       1.9318516526         0.5176380902         1.23e-32            
9554       1.9318516526         0.5176380902         1.23e-32            
9555       1.9318516526         0.5176380902         1.23e-32            
9556       1.9318516526         0.5176380902         1.23e-32            
9557       1.9318516526         0.5176380902         1.23e-32            
9558       1.9318516526         0.5176380902         1.23e-32            
9559       1.9318516526         0.5176380902         1.23e-32            
9560       1.9318516526         0.5176380902         1.23e-32            
9561       1.9318516526         0.5176380902         1.23e-32            
9562       1.9318516526         0.5176380902         1.23e-32            
9563       1.9318516526         0.5176380902         1.23e-32            
9564       1.9318516526         0.5176380902         1.23e-32            
9565       1.9318516526         0.5176380902         1.23e-32            
9566       1.9318516526         0.5176380902         1.23e-32            
9567       1.9318516526         0.5176380902         1.23e-32            
9568       1.9318516526         0.5176380902         1.23e-32            
9569       1.9318516526         0.5176380902         1.23e-32            
9570       1.9318516526         0.5176380902         1.23e-32            
9571       1.9318516526         0.5176380902         1.23e-32            
9572       1.9318516526         0.5176380902         1.23e-32            
9573       1.9318516526         0.5176380902         1.23e-32            
9574       1.9318516526         0.5176380902         1.23e-32            
9575       1.9318516526         0.5176380902         1.23e-32            
9576       1.9318516526         0.5176380902         1.23e-32            
9577       1.9318516526         0.5176380902         1.23e-32            
9578       1.9318516526         0.5176380902         1.23e-32            
9579       1.9318516526         0.5176380902         1.23e-32            
9580       1.9318516526         0.5176380902         1.23e-32            
9581       1.9318516526         0.5176380902         1.23e-32            
9582       1.9318516526         0.5176380902         1.23e-32            
9583       1.9318516526         0.5176380902         1.23e-32            
9584       1.9318516526         0.5176380902         1.23e-32            
9585       1.9318516526         0.5176380902         1.23e-32            
9586       1.9318516526         0.5176380902         1.23e-32            
9587       1.9318516526         0.5176380902         1.23e-32            
9588       1.9318516526         0.5176380902         1.23e-32            
9589       1.9318516526         0.5176380902         1.23e-32            
9590       1.9318516526         0.5176380902         1.23e-32            
9591       1.9318516526         0.5176380902         1.23e-32            
9592       1.9318516526         0.5176380902         1.23e-32            
9593       1.9318516526         0.5176380902         1.23e-32            
9594       1.9318516526         0.5176380902         1.23e-32            
9595       1.9318516526         0.5176380902         1.23e-32            
9596       1.9318516526         0.5176380902         1.23e-32            
9597       1.9318516526         0.5176380902         1.23e-32            
9598       1.9318516526         0.5176380902         1.23e-32            
9599       1.9318516526         0.5176380902         1.23e-32            
9600       1.9318516526         0.5176380902         1.23e-32            
9601       1.9318516526         0.5176380902         1.23e-32            
9602       1.9318516526         0.5176380902         1.23e-32            
9603       1.9318516526         0.5176380902         1.23e-32            
9604       1.9318516526         0.5176380902         1.23e-32            
9605       1.9318516526         0.5176380902         1.23e-32            
9606       1.9318516526         0.5176380902         1.23e-32            
9607       1.9318516526         0.5176380902         1.23e-32            
9608       1.9318516526         0.5176380902         1.23e-32            
9609       1.9318516526         0.5176380902         1.23e-32            
9610       1.9318516526         0.5176380902         1.23e-32            
9611       1.9318516526         0.5176380902         1.23e-32            
9612       1.9318516526         0.5176380902         1.23e-32            
9613       1.9318516526         0.5176380902         1.23e-32            
9614       1.9318516526         0.5176380902         1.23e-32            
9615       1.9318516526         0.5176380902         1.23e-32            
9616       1.9318516526         0.5176380902         1.23e-32            
9617       1.9318516526         0.5176380902         1.23e-32            
9618       1.9318516526         0.5176380902         1.23e-32            
9619       1.9318516526         0.5176380902         1.23e-32            
9620       1.9318516526         0.5176380902         1.23e-32            
9621       1.9318516526         0.5176380902         1.23e-32            
9622       1.9318516526         0.5176380902         1.23e-32            
9623       1.9318516526         0.5176380902         1.23e-32            
9624       1.9318516526         0.5176380902         1.23e-32            
9625       1.9318516526         0.5176380902         1.23e-32            
9626       1.9318516526         0.5176380902         1.23e-32            
9627       1.9318516526         0.5176380902         1.23e-32            
9628       1.9318516526         0.5176380902         1.23e-32            
9629       1.9318516526         0.5176380902         1.23e-32            
9630       1.9318516526         0.5176380902         1.23e-32            
9631       1.9318516526         0.5176380902         1.23e-32            
9632       1.9318516526         0.5176380902         1.23e-32            
9633       1.9318516526         0.5176380902         1.23e-32            
9634       1.9318516526         0.5176380902         1.23e-32            
9635       1.9318516526         0.5176380902         1.23e-32            
9636       1.9318516526         0.5176380902         1.23e-32            
9637       1.9318516526         0.5176380902         1.23e-32            
9638       1.9318516526         0.5176380902         1.23e-32            
9639       1.9318516526         0.5176380902         1.23e-32            
9640       1.9318516526         0.5176380902         1.23e-32            
9641       1.9318516526         0.5176380902         1.23e-32            
9642       1.9318516526         0.5176380902         1.23e-32            
9643       1.9318516526         0.5176380902         1.23e-32            
9644       1.9318516526         0.5176380902         1.23e-32            
9645       1.9318516526         0.5176380902         1.23e-32            
9646       1.9318516526         0.5176380902         1.23e-32            
9647       1.9318516526         0.5176380902         1.23e-32            
9648       1.9318516526         0.5176380902         1.23e-32            
9649       1.9318516526         0.5176380902         1.23e-32            
9650       1.9318516526         0.5176380902         1.23e-32            
9651       1.9318516526         0.5176380902         1.23e-32            
9652       1.9318516526         0.5176380902         1.23e-32            
9653       1.9318516526         0.5176380902         1.23e-32            
9654       1.9318516526         0.5176380902         1.23e-32            
9655       1.9318516526         0.5176380902         1.23e-32            
9656       1.9318516526         0.5176380902         1.23e-32            
9657       1.9318516526         0.5176380902         1.23e-32            
9658       1.9318516526         0.5176380902         1.23e-32            
9659       1.9318516526         0.5176380902         1.23e-32            
9660       1.9318516526         0.5176380902         1.23e-32            
9661       1.9318516526         0.5176380902         1.23e-32            
9662       1.9318516526         0.5176380902         1.23e-32            
9663       1.9318516526         0.5176380902         1.23e-32            
9664       1.9318516526         0.5176380902         1.23e-32            
9665       1.9318516526         0.5176380902         1.23e-32            
9666       1.9318516526         0.5176380902         1.23e-32            
9667       1.9318516526         0.5176380902         1.23e-32            
9668       1.9318516526         0.5176380902         1.23e-32            
9669       1.9318516526         0.5176380902         1.23e-32            
9670       1.9318516526         0.5176380902         1.23e-32            
9671       1.9318516526         0.5176380902         1.23e-32            
9672       1.9318516526         0.5176380902         1.23e-32            
9673       1.9318516526         0.5176380902         1.23e-32            
9674       1.9318516526         0.5176380902         1.23e-32            
9675       1.9318516526         0.5176380902         1.23e-32            
9676       1.9318516526         0.5176380902         1.23e-32            
9677       1.9318516526         0.5176380902         1.23e-32            
9678       1.9318516526         0.5176380902         1.23e-32            
9679       1.9318516526         0.5176380902         1.23e-32            
9680       1.9318516526         0.5176380902         1.23e-32            
9681       1.9318516526         0.5176380902         1.23e-32            
9682       1.9318516526         0.5176380902         1.23e-32            
9683       1.9318516526         0.5176380902         1.23e-32            
9684       1.9318516526         0.5176380902         1.23e-32            
9685       1.9318516526         0.5176380902         1.23e-32            
9686       1.9318516526         0.5176380902         1.23e-32            
9687       1.9318516526         0.5176380902         1.23e-32            
9688       1.9318516526         0.5176380902         1.23e-32            
9689       1.9318516526         0.5176380902         1.23e-32            
9690       1.9318516526         0.5176380902         1.23e-32            
9691       1.9318516526         0.5176380902         1.23e-32            
9692       1.9318516526         0.5176380902         1.23e-32            
9693       1.9318516526         0.5176380902         1.23e-32            
9694       1.9318516526         0.5176380902         1.23e-32            
9695       1.9318516526         0.5176380902         1.23e-32            
9696       1.9318516526         0.5176380902         1.23e-32            
9697       1.9318516526         0.5176380902         1.23e-32            
9698       1.9318516526         0.5176380902         1.23e-32            
9699       1.9318516526         0.5176380902         1.23e-32            
9700       1.9318516526         0.5176380902         1.23e-32            
9701       1.9318516526         0.5176380902         1.23e-32            
9702       1.9318516526         0.5176380902         1.23e-32            
9703       1.9318516526         0.5176380902         1.23e-32            
9704       1.9318516526         0.5176380902         1.23e-32            
9705       1.9318516526         0.5176380902         1.23e-32            
9706       1.9318516526         0.5176380902         1.23e-32            
9707       1.9318516526         0.5176380902         1.23e-32            
9708       1.9318516526         0.5176380902         1.23e-32            
9709       1.9318516526         0.5176380902         1.23e-32            
9710       1.9318516526         0.5176380902         1.23e-32            
9711       1.9318516526         0.5176380902         1.23e-32            
9712       1.9318516526         0.5176380902         1.23e-32            
9713       1.9318516526         0.5176380902         1.23e-32            
9714       1.9318516526         0.5176380902         1.23e-32            
9715       1.9318516526         0.5176380902         1.23e-32            
9716       1.9318516526         0.5176380902         1.23e-32            
9717       1.9318516526         0.5176380902         1.23e-32            
9718       1.9318516526         0.5176380902         1.23e-32            
9719       1.9318516526         0.5176380902         1.23e-32            
9720       1.9318516526         0.5176380902         1.23e-32            
9721       1.9318516526         0.5176380902         1.23e-32            
9722       1.9318516526         0.5176380902         1.23e-32            
9723       1.9318516526         0.5176380902         1.23e-32            
9724       1.9318516526         0.5176380902         1.23e-32            
9725       1.9318516526         0.5176380902         1.23e-32            
9726       1.9318516526         0.5176380902         1.23e-32            
9727       1.9318516526         0.5176380902         1.23e-32            
9728       1.9318516526         0.5176380902         1.23e-32            
9729       1.9318516526         0.5176380902         1.23e-32            
9730       1.9318516526         0.5176380902         1.23e-32            
9731       1.9318516526         0.5176380902         1.23e-32            
9732       1.9318516526         0.5176380902         1.23e-32            
9733       1.9318516526         0.5176380902         1.23e-32            
9734       1.9318516526         0.5176380902         1.23e-32            
9735       1.9318516526         0.5176380902         1.23e-32            
9736       1.9318516526         0.5176380902         1.23e-32            
9737       1.9318516526         0.5176380902         1.23e-32            
9738       1.9318516526         0.5176380902         1.23e-32            
9739       1.9318516526         0.5176380902         1.23e-32            
9740       1.9318516526         0.5176380902         1.23e-32            
9741       1.9318516526         0.5176380902         1.23e-32            
9742       1.9318516526         0.5176380902         1.23e-32            
9743       1.9318516526         0.5176380902         1.23e-32            
9744       1.9318516526         0.5176380902         1.23e-32            
9745       1.9318516526         0.5176380902         1.23e-32            
9746       1.9318516526         0.5176380902         1.23e-32            
9747       1.9318516526         0.5176380902         1.23e-32            
9748       1.9318516526         0.5176380902         1.23e-32            
9749       1.9318516526         0.5176380902         1.23e-32            
9750       1.9318516526         0.5176380902         1.23e-32            
9751       1.9318516526         0.5176380902         1.23e-32            
9752       1.9318516526         0.5176380902         1.23e-32            
9753       1.9318516526         0.5176380902         1.23e-32            
9754       1.9318516526         0.5176380902         1.23e-32            
9755       1.9318516526         0.5176380902         1.23e-32            
9756       1.9318516526         0.5176380902         1.23e-32            
9757       1.9318516526         0.5176380902         1.23e-32            
9758       1.9318516526         0.5176380902         1.23e-32            
9759       1.9318516526         0.5176380902         1.23e-32            
9760       1.9318516526         0.5176380902         1.23e-32            
9761       1.9318516526         0.5176380902         1.23e-32            
9762       1.9318516526         0.5176380902         1.23e-32            
9763       1.9318516526         0.5176380902         1.23e-32            
9764       1.9318516526         0.5176380902         1.23e-32            
9765       1.9318516526         0.5176380902         1.23e-32            
9766       1.9318516526         0.5176380902         1.23e-32            
9767       1.9318516526         0.5176380902         1.23e-32            
9768       1.9318516526         0.5176380902         1.23e-32            
9769       1.9318516526         0.5176380902         1.23e-32            
9770       1.9318516526         0.5176380902         1.23e-32            
9771       1.9318516526         0.5176380902         1.23e-32            
9772       1.9318516526         0.5176380902         1.23e-32            
9773       1.9318516526         0.5176380902         1.23e-32            
9774       1.9318516526         0.5176380902         1.23e-32            
9775       1.9318516526         0.5176380902         1.23e-32            
9776       1.9318516526         0.5176380902         1.23e-32            
9777       1.9318516526         0.5176380902         1.23e-32            
9778       1.9318516526         0.5176380902         1.23e-32            
9779       1.9318516526         0.5176380902         1.23e-32            
9780       1.9318516526         0.5176380902         1.23e-32            
9781       1.9318516526         0.5176380902         1.23e-32            
9782       1.9318516526         0.5176380902         1.23e-32            
9783       1.9318516526         0.5176380902         1.23e-32            
9784       1.9318516526         0.5176380902         1.23e-32            
9785       1.9318516526         0.5176380902         1.23e-32            
9786       1.9318516526         0.5176380902         1.23e-32            
9787       1.9318516526         0.5176380902         1.23e-32            
9788       1.9318516526         0.5176380902         1.23e-32            
9789       1.9318516526         0.5176380902         1.23e-32            
9790       1.9318516526         0.5176380902         1.23e-32            
9791       1.9318516526         0.5176380902         1.23e-32            
9792       1.9318516526         0.5176380902         1.23e-32            
9793       1.9318516526         0.5176380902         1.23e-32            
9794       1.9318516526         0.5176380902         1.23e-32            
9795       1.9318516526         0.5176380902         1.23e-32            
9796       1.9318516526         0.5176380902         1.23e-32            
9797       1.9318516526         0.5176380902         1.23e-32            
9798       1.9318516526         0.5176380902         1.23e-32            
9799       1.9318516526         0.5176380902         1.23e-32            
9800       1.9318516526         0.5176380902         1.23e-32            
9801       1.9318516526         0.5176380902         1.23e-32            
9802       1.9318516526         0.5176380902         1.23e-32            
9803       1.9318516526         0.5176380902         1.23e-32            
9804       1.9318516526         0.5176380902         1.23e-32            
9805       1.9318516526         0.5176380902         1.23e-32            
9806       1.9318516526         0.5176380902         1.23e-32            
9807       1.9318516526         0.5176380902         1.23e-32            
9808       1.9318516526         0.5176380902         1.23e-32            
9809       1.9318516526         0.5176380902         1.23e-32            
9810       1.9318516526         0.5176380902         1.23e-32            
9811       1.9318516526         0.5176380902         1.23e-32            
9812       1.9318516526         0.5176380902         1.23e-32            
9813       1.9318516526         0.5176380902         1.23e-32            
9814       1.9318516526         0.5176380902         1.23e-32            
9815       1.9318516526         0.5176380902         1.23e-32            
9816       1.9318516526         0.5176380902         1.23e-32            
9817       1.9318516526         0.5176380902         1.23e-32            
9818       1.9318516526         0.5176380902         1.23e-32            
9819       1.9318516526         0.5176380902         1.23e-32            
9820       1.9318516526         0.5176380902         1.23e-32            
9821       1.9318516526         0.5176380902         1.23e-32            
9822       1.9318516526         0.5176380902         1.23e-32            
9823       1.9318516526         0.5176380902         1.23e-32            
9824       1.9318516526         0.5176380902         1.23e-32            
9825       1.9318516526         0.5176380902         1.23e-32            
9826       1.9318516526         0.5176380902         1.23e-32            
9827       1.9318516526         0.5176380902         1.23e-32            
9828       1.9318516526         0.5176380902         1.23e-32            
9829       1.9318516526         0.5176380902         1.23e-32            
9830       1.9318516526         0.5176380902         1.23e-32            
9831       1.9318516526         0.5176380902         1.23e-32            
9832       1.9318516526         0.5176380902         1.23e-32            
9833       1.9318516526         0.5176380902         1.23e-32            
9834       1.9318516526         0.5176380902         1.23e-32            
9835       1.9318516526         0.5176380902         1.23e-32            
9836       1.9318516526         0.5176380902         1.23e-32            
9837       1.9318516526         0.5176380902         1.23e-32            
9838       1.9318516526         0.5176380902         1.23e-32            
9839       1.9318516526         0.5176380902         1.23e-32            
9840       1.9318516526         0.5176380902         1.23e-32            
9841       1.9318516526         0.5176380902         1.23e-32            
9842       1.9318516526         0.5176380902         1.23e-32            
9843       1.9318516526         0.5176380902         1.23e-32            
9844       1.9318516526         0.5176380902         1.23e-32            
9845       1.9318516526         0.5176380902         1.23e-32            
9846       1.9318516526         0.5176380902         1.23e-32            
9847       1.9318516526         0.5176380902         1.23e-32            
9848       1.9318516526         0.5176380902         1.23e-32            
9849       1.9318516526         0.5176380902         1.23e-32            
9850       1.9318516526         0.5176380902         1.23e-32            
9851       1.9318516526         0.5176380902         1.23e-32            
9852       1.9318516526         0.5176380902         1.23e-32            
9853       1.9318516526         0.5176380902         1.23e-32            
9854       1.9318516526         0.5176380902         1.23e-32            
9855       1.9318516526         0.5176380902         1.23e-32            
9856       1.9318516526         0.5176380902         1.23e-32            
9857       1.9318516526         0.5176380902         1.23e-32            
9858       1.9318516526         0.5176380902         1.23e-32            
9859       1.9318516526         0.5176380902         1.23e-32            
9860       1.9318516526         0.5176380902         1.23e-32            
9861       1.9318516526         0.5176380902         1.23e-32            
9862       1.9318516526         0.5176380902         1.23e-32            
9863       1.9318516526         0.5176380902         1.23e-32            
9864       1.9318516526         0.5176380902         1.23e-32            
9865       1.9318516526         0.5176380902         1.23e-32            
9866       1.9318516526         0.5176380902         1.23e-32            
9867       1.9318516526         0.5176380902         1.23e-32            
9868       1.9318516526         0.5176380902         1.23e-32            
9869       1.9318516526         0.5176380902         1.23e-32            
9870       1.9318516526         0.5176380902         1.23e-32            
9871       1.9318516526         0.5176380902         1.23e-32            
9872       1.9318516526         0.5176380902         1.23e-32            
9873       1.9318516526         0.5176380902         1.23e-32            
9874       1.9318516526         0.5176380902         1.23e-32            
9875       1.9318516526         0.5176380902         1.23e-32            
9876       1.9318516526         0.5176380902         1.23e-32            
9877       1.9318516526         0.5176380902         1.23e-32            
9878       1.9318516526         0.5176380902         1.23e-32            
9879       1.9318516526         0.5176380902         1.23e-32            
9880       1.9318516526         0.5176380902         1.23e-32            
9881       1.9318516526         0.5176380902         1.23e-32            
9882       1.9318516526         0.5176380902         1.23e-32            
9883       1.9318516526         0.5176380902         1.23e-32            
9884       1.9318516526         0.5176380902         1.23e-32            
9885       1.9318516526         0.5176380902         1.23e-32            
9886       1.9318516526         0.5176380902         1.23e-32            
9887       1.9318516526         0.5176380902         1.23e-32            
9888       1.9318516526         0.5176380902         1.23e-32            
9889       1.9318516526         0.5176380902         1.23e-32            
9890       1.9318516526         0.5176380902         1.23e-32            
9891       1.9318516526         0.5176380902         1.23e-32            
9892       1.9318516526         0.5176380902         1.23e-32            
9893       1.9318516526         0.5176380902         1.23e-32            
9894       1.9318516526         0.5176380902         1.23e-32            
9895       1.9318516526         0.5176380902         1.23e-32            
9896       1.9318516526         0.5176380902         1.23e-32            
9897       1.9318516526         0.5176380902         1.23e-32            
9898       1.9318516526         0.5176380902         1.23e-32            
9899       1.9318516526         0.5176380902         1.23e-32            
9900       1.9318516526         0.5176380902         1.23e-32            
9901       1.9318516526         0.5176380902         1.23e-32            
9902       1.9318516526         0.5176380902         1.23e-32            
9903       1.9318516526         0.5176380902         1.23e-32            
9904       1.9318516526         0.5176380902         1.23e-32            
9905       1.9318516526         0.5176380902         1.23e-32            
9906       1.9318516526         0.5176380902         1.23e-32            
9907       1.9318516526         0.5176380902         1.23e-32            
9908       1.9318516526         0.5176380902         1.23e-32            
9909       1.9318516526         0.5176380902         1.23e-32            
9910       1.9318516526         0.5176380902         1.23e-32            
9911       1.9318516526         0.5176380902         1.23e-32            
9912       1.9318516526         0.5176380902         1.23e-32            
9913       1.9318516526         0.5176380902         1.23e-32            
9914       1.9318516526         0.5176380902         1.23e-32            
9915       1.9318516526         0.5176380902         1.23e-32            
9916       1.9318516526         0.5176380902         1.23e-32            
9917       1.9318516526         0.5176380902         1.23e-32            
9918       1.9318516526         0.5176380902         1.23e-32            
9919       1.9318516526         0.5176380902         1.23e-32            
9920       1.9318516526         0.5176380902         1.23e-32            
9921       1.9318516526         0.5176380902         1.23e-32            
9922       1.9318516526         0.5176380902         1.23e-32            
9923       1.9318516526         0.5176380902         1.23e-32            
9924       1.9318516526         0.5176380902         1.23e-32            
9925       1.9318516526         0.5176380902         1.23e-32            
9926       1.9318516526         0.5176380902         1.23e-32            
9927       1.9318516526         0.5176380902         1.23e-32            
9928       1.9318516526         0.5176380902         1.23e-32            
9929       1.9318516526         0.5176380902         1.23e-32            
9930       1.9318516526         0.5176380902         1.23e-32            
9931       1.9318516526         0.5176380902         1.23e-32            
9932       1.9318516526         0.5176380902         1.23e-32            
9933       1.9318516526         0.5176380902         1.23e-32            
9934       1.9318516526         0.5176380902         1.23e-32            
9935       1.9318516526         0.5176380902         1.23e-32            
9936       1.9318516526         0.5176380902         1.23e-32            
9937       1.9318516526         0.5176380902         1.23e-32            
9938       1.9318516526         0.5176380902         1.23e-32            
9939       1.9318516526         0.5176380902         1.23e-32            
9940       1.9318516526         0.5176380902         1.23e-32            
9941       1.9318516526         0.5176380902         1.23e-32            
9942       1.9318516526         0.5176380902         1.23e-32            
9943       1.9318516526         0.5176380902         1.23e-32            
9944       1.9318516526         0.5176380902         1.23e-32            
9945       1.9318516526         0.5176380902         1.23e-32            
9946       1.9318516526         0.5176380902         1.23e-32            
9947       1.9318516526         0.5176380902         1.23e-32            
9948       1.9318516526         0.5176380902         1.23e-32            
9949       1.9318516526         0.5176380902         1.23e-32            
9950       1.9318516526         0.5176380902         1.23e-32            
9951       1.9318516526         0.5176380902         1.23e-32            
9952       1.9318516526         0.5176380902         1.23e-32            
9953       1.9318516526         0.5176380902         1.23e-32            
9954       1.9318516526         0.5176380902         1.23e-32            
9955       1.9318516526         0.5176380902         1.23e-32            
9956       1.9318516526         0.5176380902         1.23e-32            
9957       1.9318516526         0.5176380902         1.23e-32            
9958       1.9318516526         0.5176380902         1.23e-32            
9959       1.9318516526         0.5176380902         1.23e-32            
9960       1.9318516526         0.5176380902         1.23e-32            
9961       1.9318516526         0.5176380902         1.23e-32            
9962       1.9318516526         0.5176380902         1.23e-32            
9963       1.9318516526         0.5176380902         1.23e-32            
9964       1.9318516526         0.5176380902         1.23e-32            
9965       1.9318516526         0.5176380902         1.23e-32            
9966       1.9318516526         0.5176380902         1.23e-32            
9967       1.9318516526         0.5176380902         1.23e-32            
9968       1.9318516526         0.5176380902         1.23e-32            
9969       1.9318516526         0.5176380902         1.23e-32            
9970       1.9318516526         0.5176380902         1.23e-32            
9971       1.9318516526         0.5176380902         1.23e-32            
9972       1.9318516526         0.5176380902         1.23e-32            
9973       1.9318516526         0.5176380902         1.23e-32            
9974       1.9318516526         0.5176380902         1.23e-32            
9975       1.9318516526         0.5176380902         1.23e-32            
9976       1.9318516526         0.5176380902         1.23e-32            
9977       1.9318516526         0.5176380902         1.23e-32            
9978       1.9318516526         0.5176380902         1.23e-32            
9979       1.9318516526         0.5176380902         1.23e-32            
9980       1.9318516526         0.5176380902         1.23e-32            
9981       1.9318516526         0.5176380902         1.23e-32            
9982       1.9318516526         0.5176380902         1.23e-32            
9983       1.9318516526         0.5176380902         1.23e-32            
9984       1.9318516526         0.5176380902         1.23e-32            
9985       1.9318516526         0.5176380902         1.23e-32            
9986       1.9318516526         0.5176380902         1.23e-32            
9987       1.9318516526         0.5176380902         1.23e-32            
9988       1.9318516526         0.5176380902         1.23e-32            
9989       1.9318516526         0.5176380902         1.23e-32            
9990       1.9318516526         0.5176380902         1.23e-32            
9991       1.9318516526         0.5176380902         1.23e-32            
9992       1.9318516526         0.5176380902         1.23e-32            
9993       1.9318516526         0.5176380902         1.23e-32            
9994       1.9318516526         0.5176380902         1.23e-32            
9995       1.9318516526         0.5176380902         1.23e-32            
9996       1.9318516526         0.5176380902         1.23e-32            
9997       1.9318516526         0.5176380902         1.23e-32            
9998       1.9318516526         0.5176380902         1.23e-32            
9999       1.9318516526         0.5176380902         1.23e-32            
10000      1.9318516526         0.5176380902         1.23e-32            
10001      1.9318516526         0.5176380902         1.23e-32            
10002      1.9318516526         0.5176380902         1.23e-32            
10003      1.9318516526         0.5176380902         1.23e-32            
10004      1.9318516526         0.5176380902         1.23e-32            
10005      1.9318516526         0.5176380902         1.23e-32            
10006      1.9318516526         0.5176380902         1.23e-32            
10007      1.9318516526         0.5176380902         1.23e-32            
10008      1.9318516526         0.5176380902         1.23e-32            
10009      1.9318516526         0.5176380902         1.23e-32            
10010      1.9318516526         0.5176380902         1.23e-32            
10011      1.9318516526         0.5176380902         1.23e-32            
10012      1.9318516526         0.5176380902         1.23e-32            
10013      1.9318516526         0.5176380902         1.23e-32            
10014      1.9318516526         0.5176380902         1.23e-32            
10015      1.9318516526         0.5176380902         1.23e-32            
10016      1.9318516526         0.5176380902         1.23e-32            
10017      1.9318516526         0.5176380902         1.23e-32            
10018      1.9318516526         0.5176380902         1.23e-32            
10019      1.9318516526         0.5176380902         1.23e-32            
10020      1.9318516526         0.5176380902         1.23e-32            
10021      1.9318516526         0.5176380902         1.23e-32            
10022      1.9318516526         0.5176380902         1.23e-32            
10023      1.9318516526         0.5176380902         1.23e-32            
10024      1.9318516526         0.5176380902         1.23e-32            
10025      1.9318516526         0.5176380902         1.23e-32            
10026      1.9318516526         0.5176380902         1.23e-32            
10027      1.9318516526         0.5176380902         1.23e-32            
10028      1.9318516526         0.5176380902         1.23e-32            
10029      1.9318516526         0.5176380902         1.23e-32            
10030      1.9318516526         0.5176380902         1.23e-32            
10031      1.9318516526         0.5176380902         1.23e-32            
10032      1.9318516526         0.5176380902         1.23e-32            
10033      1.9318516526         0.5176380902         1.23e-32            
10034      1.9318516526         0.5176380902         1.23e-32            
10035      1.9318516526         0.5176380902         1.23e-32            
10036      1.9318516526         0.5176380902         1.23e-32            
10037      1.9318516526         0.5176380902         1.23e-32            
10038      1.9318516526         0.5176380902         1.23e-32            
10039      1.9318516526         0.5176380902         1.23e-32            
10040      1.9318516526         0.5176380902         1.23e-32            
----------------------------------------------------------------------

Кількість кроків на траєкторії спуску: 10041
Кількість ітерацій пошуку: 10000

РЕЗУЛЬТАТ:
  Розв'язок: x₁ = 1.9318516526, x₂ = 0.5176380902
  Φ(X*) = 1.23e-32
  Похибка: |f₁| = 0.00e+00, |f₂| = 1.11e-16
